2026-08-20 20:48:54,105 - asyncio - DEBUG - Using selector: SelectSelector
2026-08-20 20:49:10,780 - asyncio - DEBUG - Using selector: SelectSelector
2026-08-20 20:49:10,889 - watchfiles.main - DEBUG - 1 change detected: {(<Change.modified: 2>, 'C:\\Users\\me\\app-gpsd_manager\\gpsd_manager.log')}
2026-08-20 20:49:11,252 - watchfiles.main - DEBUG - 1 change detected: {(<Change.modified: 2>, 'C:\\Users\\me\\app-gpsd_manager\\gpsd_manager.log')}
2026-08-20 20:49:11,661 - watchfiles.main - DEBUG - 1 change detected: {(<Change.modified: 2>, 'C:\\Users\\me\\app-gpsd_manager\\gpsd_manager.log')}
2026-08-20 20:49:12,027 - watchfiles.main - DEBUG - 1 change detected: {(<Change.modified: 2>, 'C:\\Users\\me\\app-gpsd_manager\\gpsd_manager.log')}
2026-08-20 20:49:12,430 - watchfiles.main - DEBUG - 1 change detected: {(<Change.modified: 2>, 'C:\\Users\\me\\app-gpsd_manager\\gpsd_manager.log')}
2026-08-20 20:49:12,832 - watchfiles.main - DEBUG - 1 change detected: {(<Change.modified: 2>, 'C:\\Users\\me\\app-gpsd_manager\\gpsd_manager.log')}
2026-08-20 20:49:13,236 - watchfiles.main - DEBUG - 1 change detected: {(<Change.modified: 2>, 'C:\\Users\\me\\app-gpsd_manager\\gpsd_manager.log')}
2026-08-20 20:49:13,641 - watchfiles.main - DEBUG - 1 change detected: {(<Change.modified: 2>, 'C:\\Users\\me\\app-gpsd_manager\\gpsd_manager.log')}
2026-08-20 20:49:14,045 - watchfiles.main - DEBUG - 1 change detected: {(<Change.modified: 2>, 'C:\\Users\\me\\app-gpsd_manager\\gpsd_manager.log')}
2026-08-20 20:49:14,446 - watchfiles.main - DEBUG - 1 change detected: {(<Change.modified: 2>, 'C:\\Users\\me\\app-gpsd_manager\\gpsd_manager.log')}
2026-08-20 20:49:14,849 - watchfiles.main - DEBUG - 1 change detected: {(<Change.modified: 2>, 'C:\\Users\\me\\app-gpsd_manager\\gpsd_manager.log')}
2026-08-20 20:49:15,252 - watchfiles.main - DEBUG - 1 change detected: {(<Change.modified: 2>, 'C:\\Users\\me\\app-gpsd_manager\\gpsd_manager.log')}
2026-08-20 20:49:15,657 - watchfiles.main - DEBUG - 1 change detected: {(<Change.modified: 2>, 'C:\\Users\\me\\app-gpsd_manager\\gpsd_manager.log')}
2026-08-20 20:49:16,060 - watchfiles.main - DEBUG - 1 change detected: {(<Change.modified: 2>, 'C:\\Users\\me\\app-gpsd_manager\\gpsd_manager.log')}
2026-08-20 20:49:16,465 - watchfiles.main - DEBUG - 1 change detected: {(<Change.modified: 2>, 'C:\\Users\\me\\app-gpsd_manager\\gpsd_manager.log')}
2026-08-20 20:49:16,869 - watchfiles.main - DEBUG - 1 change detected: {(<Change.modified: 2>, 'C:\\Users\\me\\app-gpsd_manager\\gpsd_manager.log')}
2026-08-20 20:49:17,274 - watchfiles.main - DEBUG - 1 change detected: {(<Change.modified: 2>, 'C:\\Users\\me\\app-gpsd_manager\\gpsd_manager.log')}
2026-08-20 20:49:17,677 - watchfiles.main - DEBUG - 1 change detected: {(<Change.modified: 2>, 'C:\\Users\\me\\app-gpsd_manager\\gpsd_manager.log')}
2026-08-20 20:49:18,079 - watchfiles.main - DEBUG - 1 change detected: {(<Change.modified: 2>, 'C:\\Users\\me\\app-gpsd_manager\\gpsd_manager.log')}
2026-08-20 20:49:18,495 - watchfiles.main - DEBUG - 1 change detected: {(<Change.modified: 2>, 'C:\\Users\\me\\app-gpsd_manager\\gpsd_manager.log')}
2026-08-20 20:49:18,900 - watchfiles.main - DEBUG - 1 change detected: {(<Change.modified: 2>, 'C:\\Users\\me\\app-gpsd_manager\\gpsd_manager.log')}
2026-08-20 20:49:19,304 - watchfiles.main - DEBUG - 1 change detected: {(<Change.modified: 2>, 'C:\\Users\\me\\app-gpsd_manager\\gpsd_manager.log')}
2026-08-20 20:49:19,707 - watchfiles.main - DEBUG - 1 change detected: {(<Change.modified: 2>, 'C:\\Users\\me\\app-gpsd_manager\\gpsd_manager.log')}
2026-08-20 20:49:20,111 - watchfiles.main - DEBUG - 1 change detected: {(<Change.modified: 2>, 'C:\\Users\\me\\app-gpsd_manager\\gpsd_manager.log')}
2026-08-20 20:49:20,513 - watchfiles.main - DEBUG - 1 change detected: {(<Change.modified: 2>, 'C:\\Users\\me\\app-gpsd_manager\\gpsd_manager.log')}
2026-08-20 20:49:20,917 - watchfiles.main - DEBUG - 1 change detected: {(<Change.modified: 2>, 'C:\\Users\\me\\app-gpsd_manager\\gpsd_manager.log')}
2026-08-20 20:49:21,318 - watchfiles.main - DEBUG - 1 change detected: {(<Change.modified: 2>, 'C:\\Users\\me\\app-gpsd_manager\\gpsd_manager.log')}
2026-08-20 20:49:21,723 - watchfiles.main - DEBUG - 1 change detected: {(<Change.modified: 2>, 'C:\\Users\\me\\app-gpsd_manager\\gpsd_manager.log')}
2026-08-20 20:49:22,138 - watchfiles.main - DEBUG - 1 change detected: {(<Change.modified: 2>, 'C:\\Users\\me\\app-gpsd_manager\\gpsd_manager.log')}
2026-08-20 20:49:22,541 - watchfiles.main - DEBUG - 1 change detected: {(<Change.modified: 2>, 'C:\\Users\\me\\app-gpsd_manager\\gpsd_manager.log')}
2026-08-20 20:49:22,944 - watchfiles.main - DEBUG - 1 change detected: {(<Change.modified: 2>, 'C:\\Users\\me\\app-gpsd_manager\\gpsd_manager.log')}
2026-08-20 20:49:23,309 - watchfiles.main - DEBUG - 1 change detected: {(<Change.modified: 2>, 'C:\\Users\\me\\app-gpsd_manager\\gpsd_manager.log')}
2026-08-20 20:49:23,718 - watchfiles.main - DEBUG - 1 change detected: {(<Change.modified: 2>, 'C:\\Users\\me\\app-gpsd_manager\\gpsd_manager.log')}
2026-08-20 20:49:24,074 - watchfiles.main - DEBUG - 1 change detected: {(<Change.modified: 2>, 'C:\\Users\\me\\app-gpsd_manager\\gpsd_manager.log')}
2026-08-20 20:49:24,431 - watchfiles.main - DEBUG - 1 change detected: {(<Change.modified: 2>, 'C:\\Users\\me\\app-gpsd_manager\\gpsd_manager.log')}
2026-08-20 20:49:24,787 - watchfiles.main - DEBUG - 1 change detected: {(<Change.modified: 2>, 'C:\\Users\\me\\app-gpsd_manager\\gpsd_manager.log')}
2026-08-20 20:49:25,142 - watchfiles.main - DEBUG - 1 change detected: {(<Change.modified: 2>, 'C:\\Users\\me\\app-gpsd_manager\\gpsd_manager.log')}
2026-08-20 20:49:25,498 - watchfiles.main - DEBUG - 1 change detected: {(<Change.modified: 2>, 'C:\\Users\\me\\app-gpsd_manager\\gpsd_manager.log')}
2026-08-20 20:49:25,853 - watchfiles.main - DEBUG - 1 change detected: {(<Change.modified: 2>, 'C:\\Users\\me\\app-gpsd_manager\\gpsd_manager.log')}
2026-08-20 20:49:26,207 - watchfiles.main - DEBUG - 1 change detected: {(<Change.modified: 2>, 'C:\\Users\\me\\app-gpsd_manager\\gpsd_manager.log')}
2026-08-20 20:49:26,563 - watchfiles.main - DEBUG - 1 change detected: {(<Change.modified: 2>, 'C:\\Users\\me\\app-gpsd_manager\\gpsd_manager.log')}
2026-08-20 20:49:26,921 - watchfiles.main - DEBUG - 1 change detected: {(<Change.modified: 2>, 'C:\\Users\\me\\app-gpsd_manager\\gpsd_manager.log')}
2026-08-20 20:49:27,278 - watchfiles.main - DEBUG - 1 change detected: {(<Change.modified: 2>, 'C:\\Users\\me\\app-gpsd_manager\\gpsd_manager.log')}
2026-08-20 20:49:27,635 - watchfiles.main - DEBUG - 1 change detected: {(<Change.modified: 2>, 'C:\\Users\\me\\app-gpsd_manager\\gpsd_manager.log')}
2026-08-20 20:49:27,989 - watchfiles.main - DEBUG - 1 change detected: {(<Change.modified: 2>, 'C:\\Users\\me\\app-gpsd_manager\\gpsd_manager.log')}
2026-08-20 20:49:28,349 - watchfiles.main - DEBUG - 1 change detected: {(<Change.modified: 2>, 'C:\\Users\\me\\app-gpsd_manager\\gpsd_manager.log')}
2026-08-20 20:49:28,704 - watchfiles.main - DEBUG - 1 change detected: {(<Change.modified: 2>, 'C:\\Users\\me\\app-gpsd_manager\\gpsd_manager.log')}
2026-08-20 20:49:29,061 - watchfiles.main - DEBUG - 1 change detected: {(<Change.modified: 2>, 'C:\\Users\\me\\app-gpsd_manager\\gpsd_manager.log')}
2026-08-20 20:49:29,414 - watchfiles.main - DEBUG - 1 change detected: {(<Change.modified: 2>, 'C:\\Users\\me\\app-gpsd_manager\\gpsd_manager.log')}
2026-08-20 20:49:29,772 - watchfiles.main - DEBUG - 1 change detected: {(<Change.modified: 2>, 'C:\\Users\\me\\app-gpsd_manager\\gpsd_manager.log')}
2026-08-20 20:49:30,126 - watchfiles.main - DEBUG - 1 change detected: {(<Change.modified: 2>, 'C:\\Users\\me\\app-gpsd_manager\\gpsd_manager.log')}
2026-08-20 20:49:30,488 - watchfiles.main - DEBUG - 1 change detected: {(<Change.modified: 2>, 'C:\\Users\\me\\app-gpsd_manager\\gpsd_manager.log')}
2026-08-20 20:49:30,846 - watchfiles.main - DEBUG - 1 change detected: {(<Change.modified: 2>, 'C:\\Users\\me\\app-gpsd_manager\\gpsd_manager.log')}
2026-08-20 20:49:31,202 - watchfiles.main - DEBUG - 1 change detected: {(<Change.modified: 2>, 'C:\\Users\\me\\app-gpsd_manager\\gpsd_manager.log')}
2026-08-20 20:49:31,559 - watchfiles.main - DEBUG - 1 change detected: {(<Change.modified: 2>, 'C:\\Users\\me\\app-gpsd_manager\\gpsd_manager.log')}
2026-08-20 20:49:31,916 - watchfiles.main - DEBUG - 1 change detected: {(<Change.modified: 2>, 'C:\\Users\\me\\app-gpsd_manager\\gpsd_manager.log')}
2026-08-20 20:49:32,270 - watchfiles.main - DEBUG - 1 change detected: {(<Change.modified: 2>, 'C:\\Users\\me\\app-gpsd_manager\\gpsd_manager.log')}
2026-08-20 20:49:32,627 - watchfiles.main - DEBUG - 1 change detected: {(<Change.modified: 2>, 'C:\\Users\\me\\app-gpsd_manager\\gpsd_manager.log')}
2026-08-20 20:49:32,983 - watchfiles.main - DEBUG - 1 change detected: {(<Change.modified: 2>, 'C:\\Users\\me\\app-gpsd_manager\\gpsd_manager.log')}
2026-08-20 20:49:33,341 - watchfiles.main - DEBUG - 1 change detected: {(<Change.modified: 2>, 'C:\\Users\\me\\app-gpsd_manager\\gpsd_manager.log')}
2026-08-20 20:49:33,699 - watchfiles.main - DEBUG - 1 change detected: {(<Change.modified: 2>, 'C:\\Users\\me\\app-gpsd_manager\\gpsd_manager.log')}
2026-08-20 20:49:34,053 - watchfiles.main - DEBUG - 1 change detected: {(<Change.modified: 2>, 'C:\\Users\\me\\app-gpsd_manager\\gpsd_manager.log')}
2026-08-20 20:49:34,410 - watchfiles.main - DEBUG - 1 change detected: {(<Change.modified: 2>, 'C:\\Users\\me\\app-gpsd_manager\\gpsd_manager.log')}
2026-08-20 20:49:34,766 - watchfiles.main - DEBUG - 1 change detected: {(<Change.modified: 2>, 'C:\\Users\\me\\app-gpsd_manager\\gpsd_manager.log')}
2026-08-20 20:49:35,124 - watchfiles.main - DEBUG - 1 change detected: {(<Change.modified: 2>, 'C:\\Users\\me\\app-gpsd_manager\\gpsd_manager.log')}
2026-08-20 20:49:35,481 - watchfiles.main - DEBUG - 1 change detected: {(<Change.modified: 2>, 'C:\\Users\\me\\app-gpsd_manager\\gpsd_manager.log')}
2026-08-20 20:49:35,841 - watchfiles.main - DEBUG - 1 change detected: {(<Change.modified: 2>, 'C:\\Users\\me\\app-gpsd_manager\\gpsd_manager.log')}
2026-08-20 20:49:36,197 - watchfiles.main - DEBUG - 1 change detected: {(<Change.modified: 2>, 'C:\\Users\\me\\app-gpsd_manager\\gpsd_manager.log')}
2026-08-20 20:49:36,552 - watchfiles.main - DEBUG - 1 change detected: {(<Change.modified: 2>, 'C:\\Users\\me\\app-gpsd_manager\\gpsd_manager.log')}
2026-08-20 20:49:36,908 - watchfiles.main - DEBUG - 1 change detected: {(<Change.modified: 2>, 'C:\\Users\\me\\app-gpsd_manager\\gpsd_manager.log')}
2026-08-20 20:49:37,263 - watchfiles.main - DEBUG - 1 change detected: {(<Change.modified: 2>, 'C:\\Users\\me\\app-gpsd_manager\\gpsd_manager.log')}
2026-08-20 20:49:37,622 - watchfiles.main - DEBUG - 1 change detected: {(<Change.modified: 2>, 'C:\\Users\\me\\app-gpsd_manager\\gpsd_manager.log')}
2026-08-20 20:49:37,980 - watchfiles.main - DEBUG - 1 change detected: {(<Change.modified: 2>, 'C:\\Users\\me\\app-gpsd_manager\\gpsd_manager.log')}
2026-08-20 20:49:38,334 - watchfiles.main - DEBUG - 1 change detected: {(<Change.modified: 2>, 'C:\\Users\\me\\app-gpsd_manager\\gpsd_manager.log')}
2026-08-20 20:49:38,692 - watchfiles.main - DEBUG - 1 change detected: {(<Change.modified: 2>, 'C:\\Users\\me\\app-gpsd_manager\\gpsd_manager.log')}
2026-08-20 20:49:39,050 - watchfiles.main - DEBUG - 1 change detected: {(<Change.modified: 2>, 'C:\\Users\\me\\app-gpsd_manager\\gpsd_manager.log')}
2026-08-20 20:49:39,406 - watchfiles.main - DEBUG - 1 change detected: {(<Change.modified: 2>, 'C:\\Users\\me\\app-gpsd_manager\\gpsd_manager.log')}
2026-08-20 20:49:39,765 - watchfiles.main - DEBUG - 1 change detected: {(<Change.modified: 2>, 'C:\\Users\\me\\app-gpsd_manager\\gpsd_manager.log')}
2026-08-20 20:49:40,123 - watchfiles.main - DEBUG - 1 change detected: {(<Change.modified: 2>, 'C:\\Users\\me\\app-gpsd_manager\\gpsd_manager.log')}
2026-08-20 20:49:40,479 - watchfiles.main - DEBUG - 1 change detected: {(<Change.modified: 2>, 'C:\\Users\\me\\app-gpsd_manager\\gpsd_manager.log')}
2026-08-20 20:49:40,838 - watchfiles.main - DEBUG - 1 change detected: {(<Change.modified: 2>, 'C:\\Users\\me\\app-gpsd_manager\\gpsd_manager.log')}
2026-08-20 20:49:41,197 - watchfiles.main - DEBUG - 1 change detected: {(<Change.modified: 2>, 'C:\\Users\\me\\app-gpsd_manager\\gpsd_manager.log')}
2026-08-20 20:49:41,551 - watchfiles.main - DEBUG - 1 change detected: {(<Change.modified: 2>, 'C:\\Users\\me\\app-gpsd_manager\\gpsd_manager.log')}
2026-08-20 20:49:41,907 - watchfiles.main - DEBUG - 1 change detected: {(<Change.modified: 2>, 'C:\\Users\\me\\app-gpsd_manager\\gpsd_manager.log')}
2026-08-20 20:49:42,264 - watchfiles.main - DEBUG - 1 change detected: {(<Change.modified: 2>, 'C:\\Users\\me\\app-gpsd_manager\\gpsd_manager.log')}
2026-08-20 20:49:42,621 - watchfiles.main - DEBUG - 1 change detected: {(<Change.modified: 2>, 'C:\\Users\\me\\app-gpsd_manager\\gpsd_manager.log')}
2026-08-20 20:49:42,977 - watchfiles.main - DEBUG - 1 change detected: {(<Change.modified: 2>, 'C:\\Users\\me\\app-gpsd_manager\\gpsd_manager.log')}
2026-08-20 20:49:43,334 - watchfiles.main - DEBUG - 1 change detected: {(<Change.modified: 2>, 'C:\\Users\\me\\app-gpsd_manager\\gpsd_manager.log')}
2026-08-20 20:49:43,692 - watchfiles.main - DEBUG - 1 change detected: {(<Change.modified: 2>, 'C:\\Users\\me\\app-gpsd_manager\\gpsd_manager.log')}
2026-08-20 20:49:44,049 - watchfiles.main - DEBUG - 1 change detected: {(<Change.modified: 2>, 'C:\\Users\\me\\app-gpsd_manager\\gpsd_manager.log')}
2026-08-20 20:49:44,409 - watchfiles.main - DEBUG - 1 change detected: {(<Change.modified: 2>, 'C:\\Users\\me\\app-gpsd_manager\\gpsd_manager.log')}
2026-08-20 20:49:44,769 - watchfiles.main - DEBUG - 1 change detected: {(<Change.modified: 2>, 'C:\\Users\\me\\app-gpsd_manager\\gpsd_manager.log')}
2026-08-20 20:49:45,128 - watchfiles.main - DEBUG - 1 change detected: {(<Change.modified: 2>, 'C:\\Users\\me\\app-gpsd_manager\\gpsd_manager.log')}
2026-08-20 20:49:45,487 - watchfiles.main - DEBUG - 1 change detected: {(<Change.modified: 2>, 'C:\\Users\\me\\app-gpsd_manager\\gpsd_manager.log')}
2026-08-20 20:49:45,844 - watchfiles.main - DEBUG - 1 change detected: {(<Change.modified: 2>, 'C:\\Users\\me\\app-gpsd_manager\\gpsd_manager.log')}
2026-08-20 20:49:46,200 - watchfiles.main - DEBUG - 1 change detected: {(<Change.modified: 2>, 'C:\\Users\\me\\app-gpsd_manager\\gpsd_manager.log')}
2026-08-20 20:49:46,555 - watchfiles.main - DEBUG - 1 change detected: {(<Change.modified: 2>, 'C:\\Users\\me\\app-gpsd_manager\\gpsd_manager.log')}
2026-08-20 20:49:46,912 - watchfiles.main - DEBUG - 1 change detected: {(<Change.modified: 2>, 'C:\\Users\\me\\app-gpsd_manager\\gpsd_manager.log')}
2026-08-20 20:49:47,265 - watchfiles.main - DEBUG - 1 change detected: {(<Change.modified: 2>, 'C:\\Users\\me\\app-gpsd_manager\\gpsd_manager.log')}
2026-08-20 20:49:47,621 - watchfiles.main - DEBUG - 1 change detected: {(<Change.modified: 2>, 'C:\\Users\\me\\app-gpsd_manager\\gpsd_manager.log')}
2026-08-20 20:49:47,976 - watchfiles.main - DEBUG - 1 change detected: {(<Change.modified: 2>, 'C:\\Users\\me\\app-gpsd_manager\\gpsd_manager.log')}
2026-08-20 20:49:48,329 - watchfiles.main - DEBUG - 1 change detected: {(<Change.modified: 2>, 'C:\\Users\\me\\app-gpsd_manager\\gpsd_manager.log')}
2026-08-20 20:49:48,687 - watchfiles.main - DEBUG - 1 change detected: {(<Change.modified: 2>, 'C:\\Users\\me\\app-gpsd_manager\\gpsd_manager.log')}
2026-08-20 20:49:49,046 - watchfiles.main - DEBUG - 1 change detected: {(<Change.modified: 2>, 'C:\\Users\\me\\app-gpsd_manager\\gpsd_manager.log')}
2026-08-20 20:49:49,402 - watchfiles.main - DEBUG - 1 change detected: {(<Change.modified: 2>, 'C:\\Users\\me\\app-gpsd_manager\\gpsd_manager.log')}
2026-08-20 20:49:49,758 - watchfiles.main - DEBUG - 1 change detected: {(<Change.modified: 2>, 'C:\\Users\\me\\app-gpsd_manager\\gpsd_manager.log')}
2026-08-20 20:49:50,119 - watchfiles.main - DEBUG - 1 change detected: {(<Change.modified: 2>, 'C:\\Users\\me\\app-gpsd_manager\\gpsd_manager.log')}
2026-08-20 20:49:50,478 - watchfiles.main - DEBUG - 1 change detected: {(<Change.modified: 2>, 'C:\\Users\\me\\app-gpsd_manager\\gpsd_manager.log')}
2026-08-20 20:49:50,832 - watchfiles.main - DEBUG - 1 change detected: {(<Change.modified: 2>, 'C:\\Users\\me\\app-gpsd_manager\\gpsd_manager.log')}
2026-08-20 20:49:51,192 - watchfiles.main - DEBUG - 1 change detected: {(<Change.modified: 2>, 'C:\\Users\\me\\app-gpsd_manager\\gpsd_manager.log')}
2026-08-20 20:49:51,548 - watchfiles.main - DEBUG - 1 change detected: {(<Change.modified: 2>, 'C:\\Users\\me\\app-gpsd_manager\\gpsd_manager.log')}
2026-08-20 20:49:51,901 - watchfiles.main - DEBUG - 1 change detected: {(<Change.modified: 2>, 'C:\\Users\\me\\app-gpsd_manager\\gpsd_manager.log')}
2026-08-20 20:49:52,259 - watchfiles.main - DEBUG - 1 change detected: {(<Change.modified: 2>, 'C:\\Users\\me\\app-gpsd_manager\\gpsd_manager.log')}
2026-08-20 20:49:52,615 - watchfiles.main - DEBUG - 1 change detected: {(<Change.modified: 2>, 'C:\\Users\\me\\app-gpsd_manager\\gpsd_manager.log')}
2026-08-20 20:49:52,980 - watchfiles.main - DEBUG - 1 change detected: {(<Change.modified: 2>, 'C:\\Users\\me\\app-gpsd_manager\\gpsd_manager.log')}
2026-08-20 20:49:53,341 - watchfiles.main - DEBUG - 1 change detected: {(<Change.modified: 2>, 'C:\\Users\\me\\app-gpsd_manager\\gpsd_manager.log')}
2026-08-20 20:49:53,699 - watchfiles.main - DEBUG - 1 change detected: {(<Change.modified: 2>, 'C:\\Users\\me\\app-gpsd_manager\\gpsd_manager.log')}
2026-08-20 20:49:54,057 - watchfiles.main - DEBUG - 1 change detected: {(<Change.modified: 2>, 'C:\\Users\\me\\app-gpsd_manager\\gpsd_manager.log')}
2026-08-20 20:49:54,413 - watchfiles.main - DEBUG - 1 change detected: {(<Change.modified: 2>, 'C:\\Users\\me\\app-gpsd_manager\\gpsd_manager.log')}
2026-08-20 20:49:54,770 - watchfiles.main - DEBUG - 1 change detected: {(<Change.modified: 2>, 'C:\\Users\\me\\app-gpsd_manager\\gpsd_manager.log')}
2026-08-20 20:49:55,125 - watchfiles.main - DEBUG - 1 change detected: {(<Change.modified: 2>, 'C:\\Users\\me\\app-gpsd_manager\\gpsd_manager.log')}
2026-08-20 20:49:55,482 - watchfiles.main - DEBUG - 1 change detected: {(<Change.modified: 2>, 'C:\\Users\\me\\app-gpsd_manager\\gpsd_manager.log')}
2026-08-20 20:49:55,837 - watchfiles.main - DEBUG - 1 change detected: {(<Change.modified: 2>, 'C:\\Users\\me\\app-gpsd_manager\\gpsd_manager.log')}
2026-08-20 20:49:56,197 - watchfiles.main - DEBUG - 1 change detected: {(<Change.modified: 2>, 'C:\\Users\\me\\app-gpsd_manager\\gpsd_manager.log')}
2026-08-20 20:49:56,553 - watchfiles.main - DEBUG - 1 change detected: {(<Change.modified: 2>, 'C:\\Users\\me\\app-gpsd_manager\\gpsd_manager.log')}
2026-08-20 20:49:56,907 - watchfiles.main - DEBUG - 1 change detected: {(<Change.modified: 2>, 'C:\\Users\\me\\app-gpsd_manager\\gpsd_manager.log')}
2026-08-20 20:49:57,266 - watchfiles.main - DEBUG - 1 change detected: {(<Change.modified: 2>, 'C:\\Users\\me\\app-gpsd_manager\\gpsd_manager.log')}
2026-08-20 20:49:57,623 - watchfiles.main - DEBUG - 1 change detected: {(<Change.modified: 2>, 'C:\\Users\\me\\app-gpsd_manager\\gpsd_manager.log')}
2026-08-20 20:49:57,978 - watchfiles.main - DEBUG - 1 change detected: {(<Change.modified: 2>, 'C:\\Users\\me\\app-gpsd_manager\\gpsd_manager.log')}
2026-08-20 20:49:58,330 - watchfiles.main - DEBUG - 1 change detected: {(<Change.modified: 2>, 'C:\\Users\\me\\app-gpsd_manager\\gpsd_manager.log')}
2026-08-20 20:49:58,690 - watchfiles.main - DEBUG - 1 change detected: {(<Change.modified: 2>, 'C:\\Users\\me\\app-gpsd_manager\\gpsd_manager.log')}
2026-08-20 20:49:59,048 - watchfiles.main - DEBUG - 1 change detected: {(<Change.modified: 2>, 'C:\\Users\\me\\app-gpsd_manager\\gpsd_manager.log')}
2026-08-20 20:49:59,406 - watchfiles.main - DEBUG - 5 changes detected: {(<Change.deleted: 3>, 'C:\\Users\\me\\app-gpsd_manager\\gpsd_manager.py'), (<Change.added: 1>, 'C:\\Users\\me\\app-gpsd_manager\\gpsd_manager.py.tmp.58248.a6c1499c84b8'), (<Change.modified: 2>, 'C:\\Users\\me\\app-gpsd_manager\\gpsd_manager.log'), (<Change.added: 1>, 'C:\\Users\\me\\app-gpsd_manager\\gpsd_manager.py'), (<Change.deleted: 3>, 'C:\\Users\\me\\app-gpsd_manager\\gpsd_manager.py.tmp.58248.a6c1499c84b8')}
2026-08-20 20:50:01,970 - watchfiles.main - DEBUG - 1 change detected: {(<Change.modified: 2>, 'C:\\Users\\me\\app-gpsd_manager\\gpsd_manager.log')}
2026-08-20 20:50:02,328 - watchfiles.main - DEBUG - 6 changes detected: {(<Change.deleted: 3>, 'C:\\Users\\me\\app-gpsd_manager\\__pycache__\\gpsd_manager.cpython-312.pyc'), (<Change.added: 1>, 'C:\\Users\\me\\app-gpsd_manager\\__pycache__\\gpsd_manager.cpython-312.pyc.2775016671360'), (<Change.modified: 2>, 'C:\\Users\\me\\app-gpsd_manager\\gpsd_manager.log'), (<Change.added: 1>, 'C:\\Users\\me\\app-gpsd_manager\\__pycache__\\gpsd_manager.cpython-312.pyc'), (<Change.modified: 2>, 'C:\\Users\\me\\app-gpsd_manager\\__pycache__'), (<Change.deleted: 3>, 'C:\\Users\\me\\app-gpsd_manager\\__pycache__\\gpsd_manager.cpython-312.pyc.2775016671360')}
2026-08-20 20:50:02,687 - watchfiles.main - DEBUG - 1 change detected: {(<Change.modified: 2>, 'C:\\Users\\me\\app-gpsd_manager\\gpsd_manager.log')}
2026-08-20 20:50:03,245 - watchfiles.main - DEBUG - 35 changes detected: {(<Change.added: 1>, 'C:\\Users\\me\\app-gpsd_manager\\.git\\objects\\0e\\tmp_obj_MxslVC'), (<Change.modified: 2>, 'C:\\Users\\me\\app-gpsd_manager\\.git\\refs\\heads'), (<Change.added: 1>, 'C:\\Users\\me\\app-gpsd_manager\\.git\\index'), (<Change.deleted: 3>, 'C:\\Users\\me\\app-gpsd_manager\\.git\\HEAD.lock'), (<Change.modified: 2>, 'C:\\Users\\me\\app-gpsd_manager\\.git\\logs\\refs\\heads\\master'), (<Change.deleted: 3>, 'C:\\Users\\me\\app-gpsd_manager\\.git\\AUTO_MERGE.lock'), (<Change.deleted: 3>, 'C:\\Users\\me\\app-gpsd_manager\\.git\\refs\\heads\\master.lock'), (<Change.modified: 2>, 'C:\\Users\\me\\app-gpsd_manager\\.git\\objects\\d2'), (<Change.added: 1>, 'C:\\Users\\me\\app-gpsd_manager\\.git\\objects\\51\\tmp_obj_oyZDeU'), (<Change.deleted: 3>, 'C:\\Users\\me\\app-gpsd_manager\\.git\\objects\\0e\\tmp_obj_MxslVC'), (<Change.added: 1>, 'C:\\Users\\me\\app-gpsd_manager\\.git\\objects\\d2\\tmp_obj_RUuz4x'), (<Change.deleted: 3>, 'C:\\Users\\me\\app-gpsd_manager\\.git\\index'), (<Change.added: 1>, 'C:\\Users\\me\\app-gpsd_manager\\.git\\packed-refs.lock'), (<Change.added: 1>, 'C:\\Users\\me\\app-gpsd_manager\\.git\\index.lock'), (<Change.modified: 2>, 'C:\\Users\\me\\app-gpsd_manager\\.git\\objects'), (<Change.deleted: 3>, 'C:\\Users\\me\\app-gpsd_manager\\.git\\objects\\51\\tmp_obj_oyZDeU'), (<Change.deleted: 3>, 'C:\\Users\\me\\app-gpsd_manager\\.git\\objects\\d2\\tmp_obj_RUuz4x'), (<Change.deleted: 3>, 'C:\\Users\\me\\app-gpsd_manager\\.git\\packed-refs.lock'), (<Change.added: 1>, 'C:\\Users\\me\\app-gpsd_manager\\.git\\refs\\heads\\master'), (<Change.modified: 2>, 'C:\\Users\\me\\app-gpsd_manager\\.git\\objects\\0e'), (<Change.deleted: 3>, 'C:\\Users\\me\\app-gpsd_manager\\.git\\index.lock'), (<Change.modified: 2>, 'C:\\Users\\me\\app-gpsd_manager\\.git\\logs\\HEAD'), (<Change.added: 1>, 'C:\\Users\\me\\app-gpsd_manager\\.git\\objects\\51\\51aa18ae5382edab44ed3f6c6c3b213d2ee69a'), (<Change.modified: 2>, 'C:\\Users\\me\\app-gpsd_manager\\.git\\objects\\51'), (<Change.modified: 2>, 'C:\\Users\\me\\app-gpsd_manager\\.git'), (<Change.deleted: 3>, 'C:\\Users\\me\\app-gpsd_manager\\.git\\refs\\heads\\master'), (<Change.added: 1>, 'C:\\Users\\me\\app-gpsd_manager\\.git\\objects\\maintenance.lock'), (<Change.added: 1>, 'C:\\Users\\me\\app-gpsd_manager\\.git\\objects\\0e\\8d0ee392ce66d100e6a0842370c668fdcd58bc'), (<Change.modified: 2>, 'C:\\Users\\me\\app-gpsd_manager\\.git\\COMMIT_EDITMSG'), (<Change.modified: 2>, 'C:\\Users\\me\\app-gpsd_manager\\gpsd_manager.log'), (<Change.added: 1>, 'C:\\Users\\me\\app-gpsd_manager\\.git\\objects\\d2\\6542dfe40cb68a7b4e0c39aa47ff446cfe5b4e'), (<Change.added: 1>, 'C:\\Users\\me\\app-gpsd_manager\\.git\\HEAD.lock'), (<Change.deleted: 3>, 'C:\\Users\\me\\app-gpsd_manager\\.git\\objects\\maintenance.lock'), (<Change.added: 1>, 'C:\\Users\\me\\app-gpsd_manager\\.git\\AUTO_MERGE.lock'), (<Change.added: 1>, 'C:\\Users\\me\\app-gpsd_manager\\.git\\refs\\heads\\master.lock')}
2026-08-20 20:50:05,310 - watchfiles.main - DEBUG - 6 changes detected: {(<Change.modified: 2>, 'C:\\Users\\me\\app-gpsd_manager\\.git\\logs\\refs\\remotes\\origin\\master'), (<Change.deleted: 3>, 'C:\\Users\\me\\app-gpsd_manager\\.git\\refs\\remotes\\origin\\master.lock'), (<Change.deleted: 3>, 'C:\\Users\\me\\app-gpsd_manager\\.git\\refs\\remotes\\origin\\master'), (<Change.added: 1>, 'C:\\Users\\me\\app-gpsd_manager\\.git\\refs\\remotes\\origin\\master.lock'), (<Change.added: 1>, 'C:\\Users\\me\\app-gpsd_manager\\.git\\refs\\remotes\\origin\\master'), (<Change.modified: 2>, 'C:\\Users\\me\\app-gpsd_manager\\.git\\refs\\remotes\\origin')}
2026-08-20 20:52:03,038 - gpsd_manager - INFO - Starting converter: C:\Users\me\AppData\Local\Programs\Python\Python312\python.exe c:\Users\me\app-gpsd_manager\mcode_converter.py --port COM9 --baudrate 9600 --mode tcp --parser gps_print
2026-08-20 20:52:03,050 - gpsd_manager - INFO - Converter process started with PID 63752
2026-08-20 20:52:04,551 - gpsd_manager - INFO - Converter running on port 2948 for gps_print format
2026-08-20 20:53:14,907 - gpsd_manager - INFO - Starting converter: C:\Users\me\AppData\Local\Programs\Python\Python312\python.exe c:\Users\me\app-gpsd_manager\mcode_converter.py --port COM9 --baudrate 9600 --mode tcp --parser gps_print
2026-08-20 20:53:14,918 - gpsd_manager - INFO - Converter process started with PID 59880
2026-08-20 20:53:16,419 - gpsd_manager - INFO - Converter running on port 2948 for gps_print format
2026-08-20 20:53:16,419 - gpsd_manager - INFO - [Converter] Sent enable command: gps print enable
2026-08-20 20:53:16,420 - gpsd_manager - INFO - [Converter] TCP server listening on port 2948
2026-08-20 20:53:16,420 - gpsd_manager - INFO - [Converter] MCODE converter: reading from COM9, streaming NMEA via TCP port 2948
2026-08-20 20:53:16,421 - gpsd_manager - INFO - [Converter] c:\Users\me\app-gpsd_manager\mcode_converter.py:32: DeprecationWarning: datetime.datetime.utcfromtimestamp() is deprecated and scheduled for removal in a future version. Use timezone-aware objects to represent datetimes in UTC: datetime.datetime.fromtimestamp(timestamp, datetime.UTC).
2026-08-20 20:53:16,421 - gpsd_manager - INFO - [Converter]   return datetime.utcfromtimestamp(unix_timestamp)
2026-08-20 20:59:08,723 - gpsd_manager - INFO - Starting converter: C:\Users\me\AppData\Local\Programs\Python\Python312\python.exe c:\Users\me\app-gpsd_manager\mcode_converter.py --port COM9 --baudrate 9600 --mode tcp --parser gps_print
2026-08-20 20:59:08,734 - gpsd_manager - INFO - Converter process started with PID 62784
2026-08-20 20:59:10,235 - gpsd_manager - INFO - Converter running on port 2948 for gps_print format
2026-08-20 20:59:10,236 - gpsd_manager - INFO - [Converter] Sent enable command: gps print enable
2026-08-20 20:59:10,236 - gpsd_manager - INFO - [Converter] TCP server listening on port 2948
2026-08-20 20:59:10,237 - gpsd_manager - INFO - [Converter] MCODE converter: reading from COM9, streaming NMEA via TCP port 2948
2026-08-20 21:00:26,636 - gpsd_manager - INFO - Starting converter: C:\Users\me\AppData\Local\Programs\Python\Python312\python.exe c:\Users\me\app-gpsd_manager\mcode_converter.py --port COM9 --baudrate 9600 --mode tcp --parser mcode
2026-08-20 21:00:26,646 - gpsd_manager - INFO - Converter process started with PID 44024
2026-08-20 21:00:28,146 - gpsd_manager - INFO - Converter running on port 2948 for mcode format
2026-08-20 21:00:28,146 - gpsd_manager - INFO - [Converter] Sent enable command: mcode atak enable
2026-08-20 21:00:28,146 - gpsd_manager - INFO - [Converter] TCP server listening on port 2948
2026-08-20 21:00:28,148 - gpsd_manager - INFO - [Converter] MCODE converter: reading from COM9, streaming NMEA via TCP port 2948
2026-08-20 21:00:46,380 - gpsd_manager - INFO - Starting converter: C:\Users\me\AppData\Local\Programs\Python\Python312\python.exe c:\Users\me\app-gpsd_manager\mcode_converter.py --port COM9 --baudrate 9600 --mode tcp --parser gps_print
2026-08-20 21:00:46,386 - gpsd_manager - INFO - Converter process started with PID 40852
2026-08-20 21:00:47,887 - gpsd_manager - INFO - Converter running on port 2948 for gps_print format
2026-08-20 21:00:47,887 - gpsd_manager - INFO - [Converter] Sent enable command: gps print enable
2026-08-20 21:00:47,888 - gpsd_manager - INFO - [Converter] TCP server listening on port 2948
2026-08-20 21:00:47,888 - gpsd_manager - INFO - [Converter] MCODE converter: reading from COM9, streaming NMEA via TCP port 2948
2026-08-20 21:03:58,112 - gpsd_manager - INFO - Starting converter: C:\Users\me\AppData\Local\Programs\Python\Python312\python.exe c:\Users\me\app-gpsd_manager\mcode_converter.py --port COM9 --baudrate 9600 --mode tcp --parser gps_print
2026-08-20 21:03:58,123 - gpsd_manager - INFO - Converter process started with PID 27728
2026-08-20 21:03:59,624 - gpsd_manager - INFO - Converter running on port 2948 for gps_print format
2026-08-20 21:03:59,625 - gpsd_manager - INFO - [Converter] Sent enable command: gps print enable
2026-08-20 21:03:59,625 - gpsd_manager - INFO - [Converter] TCP server listening on port 2948
2026-08-20 21:03:59,625 - gpsd_manager - INFO - [Converter] MCODE converter: reading from COM9, streaming NMEA via TCP port 2948
2026-08-20 21:04:21,477 - gpsd_manager - INFO - Starting converter: C:\Users\me\AppData\Local\Programs\Python\Python312\python.exe c:\Users\me\app-gpsd_manager\mcode_converter.py --port COM9 --baudrate 9600 --mode tcp --parser gps_print
2026-08-20 21:04:21,485 - gpsd_manager - INFO - Converter process started with PID 38288
2026-08-20 21:04:22,986 - gpsd_manager - INFO - Converter running on port 2948 for gps_print format
2026-08-20 21:04:22,987 - gpsd_manager - INFO - [Converter] Sent enable command: gps print enable
2026-08-20 21:04:22,987 - gpsd_manager - INFO - [Converter] TCP server listening on port 2948
2026-08-20 21:04:22,988 - gpsd_manager - INFO - [Converter] MCODE converter: reading from COM9, streaming NMEA via TCP port 2948
2026-08-20 21:04:40,705 - gpsd_manager - INFO - Starting converter: C:\Users\me\AppData\Local\Programs\Python\Python312\python.exe c:\Users\me\app-gpsd_manager\mcode_converter.py --port COM9 --baudrate 9600 --mode tcp --parser mcode
2026-08-20 21:04:40,715 - gpsd_manager - INFO - Converter process started with PID 29416
2026-08-20 21:04:42,216 - gpsd_manager - INFO - Converter running on port 2948 for mcode format
2026-08-20 21:04:42,217 - gpsd_manager - INFO - [Converter] Sent enable command: mcode atak enable
2026-08-20 21:04:42,218 - gpsd_manager - INFO - [Converter] TCP server listening on port 2948
2026-08-20 21:04:42,218 - gpsd_manager - INFO - [Converter] MCODE converter: reading from COM9, streaming NMEA via TCP port 2948
2026-08-20 21:05:00,263 - gpsd_manager - INFO - Starting converter: C:\Users\me\AppData\Local\Programs\Python\Python312\python.exe c:\Users\me\app-gpsd_manager\mcode_converter.py --port COM9 --baudrate 9600 --mode tcp --parser gps_print
2026-08-20 21:05:00,270 - gpsd_manager - INFO - Converter process started with PID 55008
2026-08-20 21:05:01,771 - gpsd_manager - INFO - Converter running on port 2948 for gps_print format
2026-08-20 21:05:01,771 - gpsd_manager - INFO - [Converter] Sent enable command: gps print enable
2026-08-20 21:05:01,772 - gpsd_manager - INFO - [Converter] TCP server listening on port 2948
2026-08-20 21:05:01,772 - gpsd_manager - INFO - [Converter] MCODE converter: reading from COM9, streaming NMEA via TCP port 2948
2026-08-20 21:05:17,010 - gpsd_manager - INFO - Starting converter: C:\Users\me\AppData\Local\Programs\Python\Python312\python.exe c:\Users\me\app-gpsd_manager\mcode_converter.py --port COM9 --baudrate 9600 --mode tcp --parser mcode
2026-08-20 21:05:17,017 - gpsd_manager - INFO - Converter process started with PID 24972
2026-08-20 21:05:18,518 - gpsd_manager - INFO - Converter running on port 2948 for mcode format
2026-08-20 21:05:18,519 - gpsd_manager - INFO - [Converter] Sent enable command: mcode atak enable
2026-08-20 21:05:18,519 - gpsd_manager - INFO - [Converter] TCP server listening on port 2948
2026-08-20 21:05:18,521 - gpsd_manager - INFO - [Converter] MCODE converter: reading from COM9, streaming NMEA via TCP port 2948
2026-08-20 21:11:11,879 - gpsd_manager - INFO - Starting converter: C:\Users\me\AppData\Local\Programs\Python\Python312\python.exe c:\Users\me\app-gpsd_manager\mcode_converter.py --port COM9 --baudrate 9600 --mode tcp --parser gps_print
2026-08-20 21:11:11,889 - gpsd_manager - INFO - Converter process started with PID 61116
2026-08-20 21:11:13,391 - gpsd_manager - ERROR - Converter process died. stderr: Failed to open COM9: could not open port 'COM9': PermissionError(13, 'Access is denied.', None, 5)
2026-08-20 21:11:24,281 - gpsd_manager - INFO - Starting converter: C:\Users\me\AppData\Local\Programs\Python\Python312\python.exe c:\Users\me\app-gpsd_manager\mcode_converter.py --port COM9 --baudrate 9600 --mode tcp --parser gps_print
2026-08-20 21:11:24,287 - gpsd_manager - INFO - Converter process started with PID 39096
2026-08-20 21:11:25,789 - gpsd_manager - INFO - Converter running on port 2948 for gps_print format
2026-08-20 21:11:25,789 - gpsd_manager - INFO - [Converter] Sent disable command: mcode atak disable
2026-08-20 21:11:25,789 - gpsd_manager - INFO - [Converter] Sent enable command: gps print enable
2026-08-20 21:11:25,790 - gpsd_manager - INFO - [Converter] TCP server listening on port 2948
2026-08-20 21:11:25,790 - gpsd_manager - INFO - [Converter] MCODE converter: reading from COM9, streaming NMEA via TCP port 2948
2026-08-20 21:11:39,684 - gpsd_manager - INFO - Starting converter: C:\Users\me\AppData\Local\Programs\Python\Python312\python.exe c:\Users\me\app-gpsd_manager\mcode_converter.py --port COM9 --baudrate 9600 --mode tcp --parser mcode
2026-08-20 21:11:39,694 - gpsd_manager - INFO - Converter process started with PID 46088
2026-08-20 21:11:41,195 - gpsd_manager - INFO - Converter running on port 2948 for mcode format
2026-08-20 21:11:41,196 - gpsd_manager - INFO - [Converter] Sent disable command: gps print disable
2026-08-20 21:11:41,196 - gpsd_manager - INFO - [Converter] Sent enable command: mcode atak enable
2026-08-20 21:11:41,197 - gpsd_manager - INFO - [Converter] TCP server listening on port 2948
2026-08-20 21:11:41,197 - gpsd_manager - INFO - [Converter] MCODE converter: reading from COM9, streaming NMEA via TCP port 2948
2026-08-20 21:13:57,010 - gpsd_manager - INFO - Starting converter: C:\Users\me\AppData\Local\Programs\Python\Python312\python.exe c:\Users\me\app-gpsd_manager\mcode_converter.py --port COM9 --baudrate 9600 --mode tcp --parser gps_print
2026-08-20 21:13:57,017 - gpsd_manager - INFO - Converter process started with PID 48332
2026-08-20 21:13:58,519 - gpsd_manager - INFO - Converter running on port 2948 for gps_print format
2026-08-20 21:13:58,519 - gpsd_manager - INFO - [Converter] Sent disable command: mcode atak disable
2026-08-20 21:13:58,519 - gpsd_manager - INFO - [Converter] Sent enable command: gps print enable
2026-08-20 21:13:58,520 - gpsd_manager - INFO - [Converter] TCP server listening on port 2948
2026-08-20 21:13:58,521 - gpsd_manager - INFO - [Converter] MCODE converter: reading from COM9, streaming NMEA via TCP port 2948
2026-08-20 21:15:24,909 - gpsd_manager - INFO - Starting converter: C:\Users\me\AppData\Local\Programs\Python\Python312\python.exe c:\Users\me\app-gpsd_manager\mcode_converter.py --port COM9 --baudrate 9600 --mode tcp --parser gps_print
2026-08-20 21:15:24,918 - gpsd_manager - INFO - Converter process started with PID 26820
2026-08-20 21:15:26,420 - gpsd_manager - INFO - Converter running on port 2948 for gps_print format
2026-08-20 21:15:26,420 - gpsd_manager - INFO - [Converter] Sent disable command: mcode atak disable
2026-08-20 21:15:26,420 - gpsd_manager - INFO - [Converter] Sent enable command: gps print enable
2026-08-20 21:15:26,420 - gpsd_manager - INFO - [Converter] TCP server listening on port 2948
2026-08-20 21:15:26,422 - gpsd_manager - INFO - [Converter] MCODE converter: reading from COM9, streaming NMEA via TCP port 2948
2026-08-20 21:15:49,174 - gpsd_manager - INFO - Starting converter: C:\Users\me\AppData\Local\Programs\Python\Python312\python.exe c:\Users\me\app-gpsd_manager\mcode_converter.py --port COM9 --baudrate 9600 --mode tcp --parser mcode
2026-08-20 21:15:49,185 - gpsd_manager - INFO - Converter process started with PID 52636
2026-08-20 21:15:50,686 - gpsd_manager - INFO - Converter running on port 2948 for mcode format
2026-08-20 21:15:50,687 - gpsd_manager - INFO - [Converter] Sent disable command: gps print disable
2026-08-20 21:15:50,687 - gpsd_manager - INFO - [Converter] Sent enable command: mcode atak enable
2026-08-20 21:15:50,687 - gpsd_manager - INFO - [Converter] TCP server listening on port 2948
2026-08-20 21:15:50,687 - gpsd_manager - INFO - [Converter] MCODE converter: reading from COM9, streaming NMEA via TCP port 2948
2026-08-20 21:16:26,312 - gpsd_manager - INFO - Starting converter: C:\Users\me\AppData\Local\Programs\Python\Python312\python.exe c:\Users\me\app-gpsd_manager\mcode_converter.py --port COM9 --baudrate 9600 --mode tcp --parser gps_print
2026-08-20 21:16:26,318 - gpsd_manager - INFO - Converter process started with PID 54408
2026-08-20 21:16:27,819 - gpsd_manager - INFO - Converter running on port 2948 for gps_print format
2026-08-20 21:16:27,819 - gpsd_manager - INFO - [Converter] Sent disable command: mcode atak disable
2026-08-20 21:16:27,820 - gpsd_manager - INFO - [Converter] Sent enable command: gps print enable
2026-08-20 21:16:27,820 - gpsd_manager - INFO - [Converter] TCP server listening on port 2948
2026-08-20 21:16:27,820 - gpsd_manager - INFO - [Converter] MCODE converter: reading from COM9, streaming NMEA via TCP port 2948
2026-08-20 21:16:41,080 - gpsd_manager - INFO - Starting converter: C:\Users\me\AppData\Local\Programs\Python\Python312\python.exe c:\Users\me\app-gpsd_manager\mcode_converter.py --port COM9 --baudrate 9600 --mode tcp --parser mcode
2026-08-20 21:16:41,085 - gpsd_manager - INFO - Converter process started with PID 59844
2026-08-20 21:16:42,587 - gpsd_manager - INFO - Converter running on port 2948 for mcode format
2026-08-20 21:16:42,587 - gpsd_manager - INFO - [Converter] Sent disable command: gps print disable
2026-08-20 21:16:42,588 - gpsd_manager - INFO - [Converter] Sent enable command: mcode atak enable
2026-08-20 21:16:42,588 - gpsd_manager - INFO - [Converter] TCP server listening on port 2948
2026-08-20 21:16:42,589 - gpsd_manager - INFO - [Converter] MCODE converter: reading from COM9, streaming NMEA via TCP port 2948
2026-08-20 21:19:02,456 - gpsd_manager - INFO - Starting converter: C:\Users\me\AppData\Local\Programs\Python\Python312\python.exe c:\Users\me\app-gpsd_manager\mcode_converter.py --port COM9 --baudrate 9600 --mode tcp --parser gps_print
2026-08-20 21:19:02,461 - gpsd_manager - INFO - Converter process started with PID 59300
2026-08-20 21:19:03,963 - gpsd_manager - INFO - Converter running on port 2948 for gps_print format
2026-08-20 21:19:03,963 - gpsd_manager - INFO - [Converter] Sent disable command: mcode atak disable
2026-08-20 21:19:03,963 - gpsd_manager - INFO - [Converter] Sent enable command: gps print enable
2026-08-20 21:19:03,964 - gpsd_manager - INFO - [Converter] TCP server listening on port 2948
2026-08-20 21:19:03,964 - gpsd_manager - INFO - [Converter] MCODE converter: reading from COM9, streaming NMEA via TCP port 2948
2026-08-20 21:20:18,962 - gpsd_manager - INFO - Starting converter: C:\Users\me\AppData\Local\Programs\Python\Python312\python.exe c:\Users\me\app-gpsd_manager\mcode_converter.py --port COM9 --baudrate 9600 --mode tcp --parser gps_print
2026-08-20 21:20:18,967 - gpsd_manager - INFO - Converter process started with PID 50728
2026-08-20 21:20:20,467 - gpsd_manager - INFO - Converter running on port 2948 for gps_print format
2026-08-20 21:20:20,467 - gpsd_manager - INFO - [Converter] Sent disable command: mcode atak disable
2026-08-20 21:20:20,468 - gpsd_manager - INFO - [Converter] Sent enable command: gps print enable
2026-08-20 21:20:20,468 - gpsd_manager - INFO - [Converter] TCP server listening on port 2948
2026-08-20 21:20:20,468 - gpsd_manager - INFO - [Converter] MCODE converter: reading from COM9, streaming NMEA via TCP port 2948
2026-08-20 21:22:32,323 - gpsd_manager - INFO - Starting converter: C:\Users\me\AppData\Local\Programs\Python\Python312\python.exe c:\Users\me\app-gpsd_manager\mcode_converter.py --port COM9 --baudrate 9600 --mode tcp --parser gps_print
2026-08-20 21:22:32,333 - gpsd_manager - INFO - Converter process started with PID 11384
2026-08-20 21:22:33,835 - gpsd_manager - INFO - Converter running on port 2948 for gps_print format
2026-08-20 21:22:33,835 - gpsd_manager - INFO - [Converter] Sent disable command: mcode atak disable
2026-08-20 21:22:33,836 - gpsd_manager - INFO - [Converter] Sent enable command: gps print enable
2026-08-20 21:22:33,837 - gpsd_manager - INFO - [Converter] TCP server listening on port 2948
2026-08-20 21:22:33,837 - gpsd_manager - INFO - [Converter] MCODE converter: reading from COM9, streaming NMEA via TCP port 2948
2026-08-20 21:22:33,837 - gpsd_manager - INFO - [Converter] GPSPrint: Parsed ZED data, has_gps_time=True
2026-08-20 21:22:33,838 - gpsd_manager - INFO - [Converter] GPSPrint: Returning parsed result
2026-08-20 21:22:33,930 - gpsd_manager - INFO - [Converter] GPSPrint: Parsed ZED data, has_gps_time=True
2026-08-20 21:22:33,930 - gpsd_manager - INFO - [Converter] GPSPrint: Returning parsed result
2026-08-20 21:22:35,075 - gpsd_manager - INFO - [Converter] GPSPrint: Parsed ZED data, has_gps_time=True
2026-08-20 21:22:35,077 - gpsd_manager - INFO - [Converter] GPSPrint: Returning parsed result
2026-08-20 21:22:36,133 - gpsd_manager - INFO - [Converter] GPSPrint: Parsed ZED data, has_gps_time=True
2026-08-20 21:22:36,133 - gpsd_manager - INFO - [Converter] GPSPrint: Returning parsed result
2026-08-20 21:22:37,260 - gpsd_manager - INFO - [Converter] GPSPrint: Parsed ZED data, has_gps_time=True
2026-08-20 21:22:37,260 - gpsd_manager - INFO - [Converter] GPSPrint: Returning parsed result
2026-08-20 21:22:38,212 - gpsd_manager - INFO - [Converter] GPSPrint: Parsed ZED data, has_gps_time=True
2026-08-20 21:22:38,212 - gpsd_manager - INFO - [Converter] GPSPrint: Returning parsed result
2026-08-20 21:22:39,230 - gpsd_manager - INFO - [Converter] GPSPrint: Parsed ZED data, has_gps_time=True
2026-08-20 21:22:39,230 - gpsd_manager - INFO - [Converter] GPSPrint: Returning parsed result
2026-08-20 21:22:40,284 - gpsd_manager - INFO - [Converter] GPSPrint: Parsed ZED data, has_gps_time=True
2026-08-20 21:22:40,284 - gpsd_manager - INFO - [Converter] GPSPrint: Returning parsed result
2026-08-20 21:22:41,037 - gpsd_manager - INFO - [Converter] GPSPrint: Parsed ZED data, has_gps_time=True
2026-08-20 21:22:41,038 - gpsd_manager - INFO - [Converter] GPSPrint: Returning parsed result
2026-08-20 21:22:42,191 - gpsd_manager - INFO - [Converter] GPSPrint: Parsed ZED data, has_gps_time=True
2026-08-20 21:22:42,192 - gpsd_manager - INFO - [Converter] GPSPrint: Returning parsed result
2026-08-20 21:22:44,142 - gpsd_manager - INFO - [Converter] GPSPrint: Parsed ZED data, has_gps_time=True
2026-08-20 21:22:44,142 - gpsd_manager - INFO - [Converter] GPSPrint: Returning parsed result
2026-08-20 21:22:45,089 - gpsd_manager - INFO - [Converter] GPSPrint: Parsed ZED data, has_gps_time=True
2026-08-20 21:22:45,089 - gpsd_manager - INFO - [Converter] GPSPrint: Returning parsed result
2026-08-20 21:22:47,014 - gpsd_manager - INFO - [Converter] GPSPrint: Parsed ZED data, has_gps_time=True
2026-08-20 21:22:47,014 - gpsd_manager - INFO - [Converter] GPSPrint: Returning parsed result
2026-08-20 21:22:48,038 - gpsd_manager - INFO - [Converter] GPSPrint: Parsed ZED data, has_gps_time=True
2026-08-20 21:22:48,038 - gpsd_manager - INFO - [Converter] GPSPrint: Returning parsed result
2026-08-20 21:22:49,184 - gpsd_manager - INFO - [Converter] GPSPrint: Parsed ZED data, has_gps_time=True
2026-08-20 21:22:49,185 - gpsd_manager - INFO - [Converter] GPSPrint: Returning parsed result
2026-08-20 21:22:50,343 - gpsd_manager - INFO - [Converter] GPSPrint: Parsed ZED data, has_gps_time=True
2026-08-20 21:22:50,343 - gpsd_manager - INFO - [Converter] GPSPrint: Returning parsed result
2026-08-20 21:22:51,394 - gpsd_manager - INFO - [Converter] GPSPrint: Parsed ZED data, has_gps_time=True
2026-08-20 21:22:51,394 - gpsd_manager - INFO - [Converter] GPSPrint: Returning parsed result
2026-08-20 21:22:52,342 - gpsd_manager - INFO - [Converter] GPSPrint: Parsed ZED data, has_gps_time=True
2026-08-20 21:22:52,342 - gpsd_manager - INFO - [Converter] GPSPrint: Returning parsed result
2026-08-20 21:22:53,196 - gpsd_manager - INFO - [Converter] GPSPrint: Parsed ZED data, has_gps_time=True
2026-08-20 21:22:53,196 - gpsd_manager - INFO - [Converter] GPSPrint: Returning parsed result
2026-08-20 21:22:54,226 - gpsd_manager - INFO - [Converter] GPSPrint: Parsed ZED data, has_gps_time=True
2026-08-20 21:22:54,226 - gpsd_manager - INFO - [Converter] GPSPrint: Returning parsed result
2026-08-20 21:22:55,176 - gpsd_manager - INFO - [Converter] GPSPrint: Parsed ZED data, has_gps_time=True
2026-08-20 21:22:55,176 - gpsd_manager - INFO - [Converter] GPSPrint: Returning parsed result
2026-08-20 21:22:56,204 - gpsd_manager - INFO - [Converter] GPSPrint: Parsed ZED data, has_gps_time=True
2026-08-20 21:22:56,204 - gpsd_manager - INFO - [Converter] GPSPrint: Returning parsed result
2026-08-20 21:22:57,151 - gpsd_manager - INFO - [Converter] GPSPrint: Parsed ZED data, has_gps_time=True
2026-08-20 21:22:57,151 - gpsd_manager - INFO - [Converter] GPSPrint: Returning parsed result
2026-08-20 21:22:58,182 - gpsd_manager - INFO - [Converter] GPSPrint: Parsed ZED data, has_gps_time=True
2026-08-20 21:22:58,183 - gpsd_manager - INFO - [Converter] GPSPrint: Returning parsed result
2026-08-20 21:22:59,234 - gpsd_manager - INFO - [Converter] GPSPrint: Parsed ZED data, has_gps_time=True
2026-08-20 21:22:59,234 - gpsd_manager - INFO - [Converter] GPSPrint: Returning parsed result
2026-08-20 21:23:01,279 - gpsd_manager - INFO - [Converter] GPSPrint: Parsed ZED data, has_gps_time=True
2026-08-20 21:23:01,280 - gpsd_manager - INFO - [Converter] GPSPrint: Returning parsed result
2026-08-20 21:23:02,430 - gpsd_manager - INFO - [Converter] GPSPrint: Parsed ZED data, has_gps_time=True
2026-08-20 21:23:02,430 - gpsd_manager - INFO - [Converter] GPSPrint: Returning parsed result
2026-08-20 21:23:03,580 - gpsd_manager - INFO - [Converter] GPSPrint: Parsed ZED data, has_gps_time=True
2026-08-20 21:23:03,580 - gpsd_manager - INFO - [Converter] GPSPrint: Returning parsed result
2026-08-20 21:23:04,730 - gpsd_manager - INFO - [Converter] GPSPrint: Parsed ZED data, has_gps_time=True
2026-08-20 21:23:04,730 - gpsd_manager - INFO - [Converter] GPSPrint: Returning parsed result
2026-08-20 21:23:05,859 - gpsd_manager - INFO - [Converter] GPSPrint: Parsed ZED data, has_gps_time=True
2026-08-20 21:23:05,859 - gpsd_manager - INFO - [Converter] GPSPrint: Returning parsed result
2026-08-20 21:23:06,981 - gpsd_manager - INFO - [Converter] GPSPrint: Parsed ZED data, has_gps_time=True
2026-08-20 21:23:06,981 - gpsd_manager - INFO - [Converter] GPSPrint: Returning parsed result
2026-08-20 21:23:09,990 - gpsd_manager - INFO - [Converter] GPSPrint: Parsed ZED data, has_gps_time=True
2026-08-20 21:23:09,990 - gpsd_manager - INFO - [Converter] GPSPrint: Returning parsed result
2026-08-20 21:23:11,116 - gpsd_manager - INFO - [Converter] GPSPrint: Parsed ZED data, has_gps_time=True
2026-08-20 21:23:11,116 - gpsd_manager - INFO - [Converter] GPSPrint: Returning parsed result
2026-08-20 21:23:12,271 - gpsd_manager - INFO - [Converter] GPSPrint: Parsed ZED data, has_gps_time=True
2026-08-20 21:23:12,272 - gpsd_manager - INFO - [Converter] GPSPrint: Returning parsed result
2026-08-20 21:23:13,421 - gpsd_manager - INFO - [Converter] GPSPrint: Parsed ZED data, has_gps_time=True
2026-08-20 21:23:13,422 - gpsd_manager - INFO - [Converter] GPSPrint: Returning parsed result
2026-08-20 21:23:14,475 - gpsd_manager - INFO - [Converter] GPSPrint: Parsed ZED data, has_gps_time=True
2026-08-20 21:23:14,475 - gpsd_manager - INFO - [Converter] GPSPrint: Returning parsed result
2026-08-20 21:23:15,229 - gpsd_manager - INFO - [Converter] GPSPrint: Parsed ZED data, has_gps_time=True
2026-08-20 21:23:15,229 - gpsd_manager - INFO - [Converter] GPSPrint: Returning parsed result
2026-08-20 21:23:16,280 - gpsd_manager - INFO - [Converter] GPSPrint: Parsed ZED data, has_gps_time=True
2026-08-20 21:23:16,280 - gpsd_manager - INFO - [Converter] GPSPrint: Returning parsed result
2026-08-20 21:23:17,433 - gpsd_manager - INFO - [Converter] GPSPrint: Parsed ZED data, has_gps_time=True
2026-08-20 21:23:17,433 - gpsd_manager - INFO - [Converter] GPSPrint: Returning parsed result
2026-08-20 21:23:18,383 - gpsd_manager - INFO - [Converter] GPSPrint: Parsed ZED data, has_gps_time=True
2026-08-20 21:23:18,384 - gpsd_manager - INFO - [Converter] GPSPrint: Returning parsed result
2026-08-20 21:23:19,237 - gpsd_manager - INFO - [Converter] GPSPrint: Parsed ZED data, has_gps_time=True
2026-08-20 21:23:19,237 - gpsd_manager - INFO - [Converter] GPSPrint: Returning parsed result
2026-08-20 21:23:20,199 - gpsd_manager - INFO - [Converter] GPSPrint: Parsed ZED data, has_gps_time=True
2026-08-20 21:23:20,199 - gpsd_manager - INFO - [Converter] GPSPrint: Returning parsed result
2026-08-20 21:23:21,451 - gpsd_manager - INFO - [Converter] GPSPrint: Parsed ZED data, has_gps_time=True
2026-08-20 21:23:21,451 - gpsd_manager - INFO - [Converter] GPSPrint: Returning parsed result
2026-08-20 21:23:22,397 - gpsd_manager - INFO - [Converter] GPSPrint: Parsed ZED data, has_gps_time=True
2026-08-20 21:23:22,398 - gpsd_manager - INFO - [Converter] GPSPrint: Returning parsed result
2026-08-20 21:23:23,250 - gpsd_manager - INFO - [Converter] GPSPrint: Parsed ZED data, has_gps_time=True
2026-08-20 21:23:23,251 - gpsd_manager - INFO - [Converter] GPSPrint: Returning parsed result
2026-08-20 21:23:25,203 - gpsd_manager - INFO - [Converter] GPSPrint: Parsed ZED data, has_gps_time=True
2026-08-20 21:23:25,204 - gpsd_manager - INFO - [Converter] GPSPrint: Returning parsed result
2026-08-20 21:23:27,153 - gpsd_manager - INFO - [Converter] GPSPrint: Parsed ZED data, has_gps_time=True
2026-08-20 21:23:27,153 - gpsd_manager - INFO - [Converter] GPSPrint: Returning parsed result
2026-08-20 21:23:28,102 - gpsd_manager - INFO - [Converter] GPSPrint: Parsed ZED data, has_gps_time=True
2026-08-20 21:23:28,102 - gpsd_manager - INFO - [Converter] GPSPrint: Returning parsed result
2026-08-20 21:23:29,059 - gpsd_manager - INFO - [Converter] GPSPrint: Parsed ZED data, has_gps_time=True
2026-08-20 21:23:29,059 - gpsd_manager - INFO - [Converter] GPSPrint: Returning parsed result
2026-08-20 21:23:30,178 - gpsd_manager - INFO - [Converter] GPSPrint: Parsed ZED data, has_gps_time=True
2026-08-20 21:23:30,178 - gpsd_manager - INFO - [Converter] GPSPrint: Returning parsed result
2026-08-20 21:23:31,238 - gpsd_manager - INFO - [Converter] GPSPrint: Parsed ZED data, has_gps_time=True
2026-08-20 21:23:31,238 - gpsd_manager - INFO - [Converter] GPSPrint: Returning parsed result
2026-08-20 21:23:32,255 - gpsd_manager - INFO - [Converter] GPSPrint: Parsed ZED data, has_gps_time=True
2026-08-20 21:23:32,255 - gpsd_manager - INFO - [Converter] GPSPrint: Returning parsed result
2026-08-20 21:23:34,309 - gpsd_manager - INFO - [Converter] GPSPrint: Parsed ZED data, has_gps_time=True
2026-08-20 21:23:34,309 - gpsd_manager - INFO - [Converter] GPSPrint: Returning parsed result
2026-08-20 21:23:35,359 - gpsd_manager - INFO - [Converter] GPSPrint: Parsed ZED data, has_gps_time=True
2026-08-20 21:23:35,359 - gpsd_manager - INFO - [Converter] GPSPrint: Returning parsed result
2026-08-20 21:23:36,505 - gpsd_manager - INFO - [Converter] GPSPrint: Parsed ZED data, has_gps_time=True
2026-08-20 21:23:36,505 - gpsd_manager - INFO - [Converter] GPSPrint: Returning parsed result
2026-08-20 21:23:37,662 - gpsd_manager - INFO - [Converter] GPSPrint: Parsed ZED data, has_gps_time=True
2026-08-20 21:23:37,662 - gpsd_manager - INFO - [Converter] GPSPrint: Returning parsed result
2026-08-20 21:23:38,817 - gpsd_manager - INFO - [Converter] GPSPrint: Parsed ZED data, has_gps_time=True
2026-08-20 21:23:38,817 - gpsd_manager - INFO - [Converter] GPSPrint: Returning parsed result
2026-08-20 21:23:39,935 - gpsd_manager - INFO - [Converter] GPSPrint: Parsed ZED data, has_gps_time=True
2026-08-20 21:23:39,936 - gpsd_manager - INFO - [Converter] GPSPrint: Returning parsed result
2026-08-20 21:23:40,962 - gpsd_manager - INFO - [Converter] GPSPrint: Parsed ZED data, has_gps_time=True
2026-08-20 21:23:40,962 - gpsd_manager - INFO - [Converter] GPSPrint: Returning parsed result
2026-08-20 21:23:41,981 - gpsd_manager - INFO - [Converter] GPSPrint: Parsed ZED data, has_gps_time=True
2026-08-20 21:23:41,982 - gpsd_manager - INFO - [Converter] GPSPrint: Returning parsed result
2026-08-20 21:23:43,007 - gpsd_manager - INFO - [Converter] GPSPrint: Parsed ZED data, has_gps_time=True
2026-08-20 21:23:43,007 - gpsd_manager - INFO - [Converter] GPSPrint: Returning parsed result
2026-08-20 21:23:44,925 - gpsd_manager - INFO - [Converter] GPSPrint: Parsed ZED data, has_gps_time=True
2026-08-20 21:23:44,925 - gpsd_manager - INFO - [Converter] GPSPrint: Returning parsed result
2026-08-20 21:23:45,951 - gpsd_manager - INFO - [Converter] GPSPrint: Parsed ZED data, has_gps_time=True
2026-08-20 21:23:45,952 - gpsd_manager - INFO - [Converter] GPSPrint: Returning parsed result
2026-08-20 21:23:46,974 - gpsd_manager - INFO - [Converter] GPSPrint: Parsed ZED data, has_gps_time=True
2026-08-20 21:23:46,974 - gpsd_manager - INFO - [Converter] GPSPrint: Returning parsed result
2026-08-20 21:23:47,997 - gpsd_manager - INFO - [Converter] GPSPrint: Parsed ZED data, has_gps_time=True
2026-08-20 21:23:47,997 - gpsd_manager - INFO - [Converter] GPSPrint: Returning parsed result
2026-08-20 21:23:49,021 - gpsd_manager - INFO - [Converter] GPSPrint: Parsed ZED data, has_gps_time=True
2026-08-20 21:23:49,021 - gpsd_manager - INFO - [Converter] GPSPrint: Returning parsed result
2026-08-20 21:23:50,043 - gpsd_manager - INFO - [Converter] GPSPrint: Parsed ZED data, has_gps_time=True
2026-08-20 21:23:50,043 - gpsd_manager - INFO - [Converter] GPSPrint: Returning parsed result
2026-08-20 21:23:51,195 - gpsd_manager - INFO - [Converter] GPSPrint: Parsed ZED data, has_gps_time=True
2026-08-20 21:23:51,195 - gpsd_manager - INFO - [Converter] GPSPrint: Returning parsed result
2026-08-20 21:23:52,212 - gpsd_manager - INFO - [Converter] GPSPrint: Parsed ZED data, has_gps_time=True
2026-08-20 21:23:52,212 - gpsd_manager - INFO - [Converter] GPSPrint: Returning parsed result
2026-08-20 21:23:53,173 - gpsd_manager - INFO - [Converter] GPSPrint: Parsed ZED data, has_gps_time=True
2026-08-20 21:23:53,173 - gpsd_manager - INFO - [Converter] GPSPrint: Returning parsed result
2026-08-20 21:23:54,193 - gpsd_manager - INFO - [Converter] GPSPrint: Parsed ZED data, has_gps_time=True
2026-08-20 21:23:54,193 - gpsd_manager - INFO - [Converter] GPSPrint: Returning parsed result
2026-08-20 21:23:55,247 - gpsd_manager - INFO - [Converter] GPSPrint: Parsed ZED data, has_gps_time=True
2026-08-20 21:23:55,248 - gpsd_manager - INFO - [Converter] GPSPrint: Returning parsed result
2026-08-20 21:23:56,173 - gpsd_manager - INFO - [Converter] GPSPrint: Parsed ZED data, has_gps_time=True
2026-08-20 21:23:56,173 - gpsd_manager - INFO - [Converter] GPSPrint: Returning parsed result
2026-08-20 21:23:57,220 - gpsd_manager - INFO - [Converter] GPSPrint: Parsed ZED data, has_gps_time=True
2026-08-20 21:23:57,220 - gpsd_manager - INFO - [Converter] GPSPrint: Returning parsed result
2026-08-20 21:23:58,246 - gpsd_manager - INFO - [Converter] GPSPrint: Parsed ZED data, has_gps_time=True
2026-08-20 21:23:58,246 - gpsd_manager - INFO - [Converter] GPSPrint: Returning parsed result
2026-08-20 21:23:59,196 - gpsd_manager - INFO - [Converter] GPSPrint: Parsed ZED data, has_gps_time=True
2026-08-20 21:23:59,196 - gpsd_manager - INFO - [Converter] GPSPrint: Returning parsed result
2026-08-20 21:24:00,228 - gpsd_manager - INFO - [Converter] GPSPrint: Parsed ZED data, has_gps_time=True
2026-08-20 21:24:00,228 - gpsd_manager - INFO - [Converter] GPSPrint: Returning parsed result
2026-08-20 21:24:01,175 - gpsd_manager - INFO - [Converter] GPSPrint: Parsed ZED data, has_gps_time=True
2026-08-20 21:24:01,175 - gpsd_manager - INFO - [Converter] GPSPrint: Returning parsed result
2026-08-20 21:24:02,199 - gpsd_manager - INFO - [Converter] GPSPrint: Parsed ZED data, has_gps_time=True
2026-08-20 21:24:02,199 - gpsd_manager - INFO - [Converter] GPSPrint: Returning parsed result
2026-08-20 21:24:03,255 - gpsd_manager - INFO - [Converter] GPSPrint: Parsed ZED data, has_gps_time=True
2026-08-20 21:24:03,255 - gpsd_manager - INFO - [Converter] GPSPrint: Returning parsed result
2026-08-20 21:24:04,281 - gpsd_manager - INFO - [Converter] GPSPrint: Parsed ZED data, has_gps_time=True
2026-08-20 21:24:04,281 - gpsd_manager - INFO - [Converter] GPSPrint: Returning parsed result
2026-08-20 21:24:05,233 - gpsd_manager - INFO - [Converter] GPSPrint: Parsed ZED data, has_gps_time=True
2026-08-20 21:24:05,233 - gpsd_manager - INFO - [Converter] GPSPrint: Returning parsed result
2026-08-20 21:24:06,257 - gpsd_manager - INFO - [Converter] GPSPrint: Parsed ZED data, has_gps_time=True
2026-08-20 21:24:06,257 - gpsd_manager - INFO - [Converter] GPSPrint: Returning parsed result
2026-08-20 21:24:07,209 - gpsd_manager - INFO - [Converter] GPSPrint: Parsed ZED data, has_gps_time=True
2026-08-20 21:24:07,210 - gpsd_manager - INFO - [Converter] GPSPrint: Returning parsed result
2026-08-20 21:24:08,230 - gpsd_manager - INFO - [Converter] GPSPrint: Parsed ZED data, has_gps_time=True
2026-08-20 21:24:08,231 - gpsd_manager - INFO - [Converter] GPSPrint: Returning parsed result
2026-08-20 21:24:09,190 - gpsd_manager - INFO - [Converter] GPSPrint: Parsed ZED data, has_gps_time=True
2026-08-20 21:24:09,190 - gpsd_manager - INFO - [Converter] GPSPrint: Returning parsed result
2026-08-20 21:24:10,037 - gpsd_manager - INFO - [Converter] GPSPrint: Parsed ZED data, has_gps_time=True
2026-08-20 21:24:10,037 - gpsd_manager - INFO - [Converter] GPSPrint: Returning parsed result
2026-08-20 21:24:11,089 - gpsd_manager - INFO - [Converter] GPSPrint: Parsed ZED data, has_gps_time=True
2026-08-20 21:24:11,090 - gpsd_manager - INFO - [Converter] GPSPrint: Returning parsed result
2026-08-20 21:24:12,210 - gpsd_manager - INFO - [Converter] GPSPrint: Parsed ZED data, has_gps_time=True
2026-08-20 21:24:12,210 - gpsd_manager - INFO - [Converter] GPSPrint: Returning parsed result
2026-08-20 21:24:13,170 - gpsd_manager - INFO - [Converter] GPSPrint: Parsed ZED data, has_gps_time=True
2026-08-20 21:24:13,170 - gpsd_manager - INFO - [Converter] GPSPrint: Returning parsed result
2026-08-20 21:24:14,187 - gpsd_manager - INFO - [Converter] GPSPrint: Parsed ZED data, has_gps_time=True
2026-08-20 21:24:14,187 - gpsd_manager - INFO - [Converter] GPSPrint: Returning parsed result
2026-08-20 21:24:15,246 - gpsd_manager - INFO - [Converter] GPSPrint: Parsed ZED data, has_gps_time=True
2026-08-20 21:24:15,246 - gpsd_manager - INFO - [Converter] GPSPrint: Returning parsed result
2026-08-20 21:24:17,192 - gpsd_manager - INFO - [Converter] GPSPrint: Parsed ZED data, has_gps_time=True
2026-08-20 21:24:17,193 - gpsd_manager - INFO - [Converter] GPSPrint: Returning parsed result
2026-08-20 21:24:18,216 - gpsd_manager - INFO - [Converter] GPSPrint: Parsed ZED data, has_gps_time=True
2026-08-20 21:24:18,216 - gpsd_manager - INFO - [Converter] GPSPrint: Returning parsed result
2026-08-20 21:24:19,167 - gpsd_manager - INFO - [Converter] GPSPrint: Parsed ZED data, has_gps_time=True
2026-08-20 21:24:19,167 - gpsd_manager - INFO - [Converter] GPSPrint: Returning parsed result
2026-08-20 21:24:20,193 - gpsd_manager - INFO - [Converter] GPSPrint: Parsed ZED data, has_gps_time=True
2026-08-20 21:24:20,193 - gpsd_manager - INFO - [Converter] GPSPrint: Returning parsed result
2026-08-20 21:24:21,248 - gpsd_manager - INFO - [Converter] GPSPrint: Parsed ZED data, has_gps_time=True
2026-08-20 21:24:21,248 - gpsd_manager - INFO - [Converter] GPSPrint: Returning parsed result
2026-08-20 21:24:22,169 - gpsd_manager - INFO - [Converter] GPSPrint: Parsed ZED data, has_gps_time=True
2026-08-20 21:24:22,169 - gpsd_manager - INFO - [Converter] GPSPrint: Returning parsed result
2026-08-20 21:24:23,226 - gpsd_manager - INFO - [Converter] GPSPrint: Parsed ZED data, has_gps_time=True
2026-08-20 21:24:23,226 - gpsd_manager - INFO - [Converter] GPSPrint: Returning parsed result
2026-08-20 21:24:25,241 - gpsd_manager - INFO - [Converter] GPSPrint: Parsed ZED data, has_gps_time=True
2026-08-20 21:24:25,241 - gpsd_manager - INFO - [Converter] GPSPrint: Returning parsed result
2026-08-20 21:24:26,089 - gpsd_manager - INFO - [Converter] GPSPrint: Parsed ZED data, has_gps_time=True
2026-08-20 21:24:26,089 - gpsd_manager - INFO - [Converter] GPSPrint: Returning parsed result
2026-08-20 21:24:27,146 - gpsd_manager - INFO - [Converter] GPSPrint: Parsed ZED data, has_gps_time=True
2026-08-20 21:24:27,147 - gpsd_manager - INFO - [Converter] GPSPrint: Returning parsed result
2026-08-20 21:24:28,172 - gpsd_manager - INFO - [Converter] GPSPrint: Parsed ZED data, has_gps_time=True
2026-08-20 21:24:28,172 - gpsd_manager - INFO - [Converter] GPSPrint: Returning parsed result
2026-08-20 21:24:29,224 - gpsd_manager - INFO - [Converter] GPSPrint: Parsed ZED data, has_gps_time=True
2026-08-20 21:24:29,224 - gpsd_manager - INFO - [Converter] GPSPrint: Returning parsed result
2026-08-20 21:24:30,246 - gpsd_manager - INFO - [Converter] GPSPrint: Parsed ZED data, has_gps_time=True
2026-08-20 21:24:30,246 - gpsd_manager - INFO - [Converter] GPSPrint: Returning parsed result
2026-08-20 21:24:31,200 - gpsd_manager - INFO - [Converter] GPSPrint: Parsed ZED data, has_gps_time=True
2026-08-20 21:24:31,200 - gpsd_manager - INFO - [Converter] GPSPrint: Returning parsed result
2026-08-20 21:24:32,220 - gpsd_manager - INFO - [Converter] GPSPrint: Parsed ZED data, has_gps_time=True
2026-08-20 21:24:32,220 - gpsd_manager - INFO - [Converter] GPSPrint: Returning parsed result
2026-08-20 21:24:33,181 - gpsd_manager - INFO - [Converter] GPSPrint: Parsed ZED data, has_gps_time=True
2026-08-20 21:24:33,182 - gpsd_manager - INFO - [Converter] GPSPrint: Returning parsed result
2026-08-20 21:24:34,205 - gpsd_manager - INFO - [Converter] GPSPrint: Parsed ZED data, has_gps_time=True
2026-08-20 21:24:34,205 - gpsd_manager - INFO - [Converter] GPSPrint: Returning parsed result
2026-08-20 21:24:35,149 - gpsd_manager - INFO - [Converter] GPSPrint: Parsed ZED data, has_gps_time=True
2026-08-20 21:24:35,150 - gpsd_manager - INFO - [Converter] GPSPrint: Returning parsed result
2026-08-20 21:24:36,174 - gpsd_manager - INFO - [Converter] GPSPrint: Parsed ZED data, has_gps_time=True
2026-08-20 21:24:36,175 - gpsd_manager - INFO - [Converter] GPSPrint: Returning parsed result
2026-08-20 21:24:37,127 - gpsd_manager - INFO - [Converter] GPSPrint: Parsed ZED data, has_gps_time=True
2026-08-20 21:24:37,127 - gpsd_manager - INFO - [Converter] GPSPrint: Returning parsed result
2026-08-20 21:24:38,153 - gpsd_manager - INFO - [Converter] GPSPrint: Parsed ZED data, has_gps_time=True
2026-08-20 21:24:38,155 - gpsd_manager - INFO - [Converter] GPSPrint: Returning parsed result
2026-08-20 21:24:39,208 - gpsd_manager - INFO - [Converter] GPSPrint: Parsed ZED data, has_gps_time=True
2026-08-20 21:24:39,208 - gpsd_manager - INFO - [Converter] GPSPrint: Returning parsed result
2026-08-20 21:24:40,127 - gpsd_manager - INFO - [Converter] GPSPrint: Parsed ZED data, has_gps_time=True
2026-08-20 21:24:40,127 - gpsd_manager - INFO - [Converter] GPSPrint: Returning parsed result
2026-08-20 21:24:41,283 - gpsd_manager - INFO - [Converter] GPSPrint: Parsed ZED data, has_gps_time=True
2026-08-20 21:24:41,283 - gpsd_manager - INFO - [Converter] GPSPrint: Returning parsed result
2026-08-20 21:24:43,230 - gpsd_manager - INFO - [Converter] GPSPrint: Parsed ZED data, has_gps_time=True
2026-08-20 21:24:43,230 - gpsd_manager - INFO - [Converter] GPSPrint: Returning parsed result
2026-08-20 21:24:44,087 - gpsd_manager - INFO - [Converter] GPSPrint: Parsed ZED data, has_gps_time=True
2026-08-20 21:24:44,087 - gpsd_manager - INFO - [Converter] GPSPrint: Returning parsed result
2026-08-20 21:24:45,112 - gpsd_manager - INFO - [Converter] GPSPrint: Parsed ZED data, has_gps_time=True
2026-08-20 21:24:45,112 - gpsd_manager - INFO - [Converter] GPSPrint: Returning parsed result
2026-08-20 21:24:46,161 - gpsd_manager - INFO - [Converter] GPSPrint: Parsed ZED data, has_gps_time=True
2026-08-20 21:24:46,161 - gpsd_manager - INFO - [Converter] GPSPrint: Returning parsed result
2026-08-20 21:24:47,185 - gpsd_manager - INFO - [Converter] GPSPrint: Parsed ZED data, has_gps_time=True
2026-08-20 21:24:47,185 - gpsd_manager - INFO - [Converter] GPSPrint: Returning parsed result
2026-08-20 21:24:48,139 - gpsd_manager - INFO - [Converter] GPSPrint: Parsed ZED data, has_gps_time=True
2026-08-20 21:24:48,140 - gpsd_manager - INFO - [Converter] GPSPrint: Returning parsed result
2026-08-20 21:24:49,161 - gpsd_manager - INFO - [Converter] GPSPrint: Parsed ZED data, has_gps_time=True
2026-08-20 21:24:49,161 - gpsd_manager - INFO - [Converter] GPSPrint: Returning parsed result
2026-08-20 21:24:50,211 - gpsd_manager - INFO - [Converter] GPSPrint: Parsed ZED data, has_gps_time=True
2026-08-20 21:24:50,212 - gpsd_manager - INFO - [Converter] GPSPrint: Returning parsed result
2026-08-20 21:24:51,139 - gpsd_manager - INFO - [Converter] GPSPrint: Parsed ZED data, has_gps_time=True
2026-08-20 21:24:51,139 - gpsd_manager - INFO - [Converter] GPSPrint: Returning parsed result
2026-08-20 21:24:52,192 - gpsd_manager - INFO - [Converter] GPSPrint: Parsed ZED data, has_gps_time=True
2026-08-20 21:24:52,192 - gpsd_manager - INFO - [Converter] GPSPrint: Returning parsed result
2026-08-20 21:24:53,212 - gpsd_manager - INFO - [Converter] GPSPrint: Parsed ZED data, has_gps_time=True
2026-08-20 21:24:53,212 - gpsd_manager - INFO - [Converter] GPSPrint: Returning parsed result
2026-08-20 21:24:54,265 - gpsd_manager - INFO - [Converter] GPSPrint: Parsed ZED data, has_gps_time=True
2026-08-20 21:24:54,265 - gpsd_manager - INFO - [Converter] GPSPrint: Returning parsed result
2026-08-20 21:24:55,196 - gpsd_manager - INFO - [Converter] GPSPrint: Parsed ZED data, has_gps_time=True
2026-08-20 21:24:55,196 - gpsd_manager - INFO - [Converter] GPSPrint: Returning parsed result
2026-08-20 21:24:57,018 - gpsd_manager - INFO - [Converter] GPSPrint: Parsed ZED data, has_gps_time=True
2026-08-20 21:24:57,018 - gpsd_manager - INFO - [Converter] GPSPrint: Returning parsed result
2026-08-20 21:24:58,036 - gpsd_manager - INFO - [Converter] GPSPrint: Parsed ZED data, has_gps_time=True
2026-08-20 21:24:58,037 - gpsd_manager - INFO - [Converter] GPSPrint: Returning parsed result
2026-08-20 21:24:58,958 - gpsd_manager - INFO - [Converter] GPSPrint: Parsed ZED data, has_gps_time=True
2026-08-20 21:24:58,958 - gpsd_manager - INFO - [Converter] GPSPrint: Returning parsed result
2026-08-20 21:25:00,082 - gpsd_manager - INFO - [Converter] GPSPrint: Parsed ZED data, has_gps_time=True
2026-08-20 21:25:00,082 - gpsd_manager - INFO - [Converter] GPSPrint: Returning parsed result
2026-08-20 21:25:01,003 - gpsd_manager - INFO - [Converter] GPSPrint: Parsed ZED data, has_gps_time=True
2026-08-20 21:25:01,004 - gpsd_manager - INFO - [Converter] GPSPrint: Returning parsed result
2026-08-20 21:25:02,030 - gpsd_manager - INFO - [Converter] GPSPrint: Parsed ZED data, has_gps_time=True
2026-08-20 21:25:02,030 - gpsd_manager - INFO - [Converter] GPSPrint: Returning parsed result
2026-08-20 21:25:03,051 - gpsd_manager - INFO - [Converter] GPSPrint: Parsed ZED data, has_gps_time=True
2026-08-20 21:25:03,052 - gpsd_manager - INFO - [Converter] GPSPrint: Returning parsed result
2026-08-20 21:25:03,982 - gpsd_manager - INFO - [Converter] GPSPrint: Parsed ZED data, has_gps_time=True
2026-08-20 21:25:03,982 - gpsd_manager - INFO - [Converter] GPSPrint: Returning parsed result
2026-08-20 21:25:04,996 - gpsd_manager - INFO - [Converter] GPSPrint: Parsed ZED data, has_gps_time=True
2026-08-20 21:25:04,996 - gpsd_manager - INFO - [Converter] GPSPrint: Returning parsed result
2026-08-20 21:25:05,929 - gpsd_manager - INFO - [Converter] GPSPrint: Parsed ZED data, has_gps_time=True
2026-08-20 21:25:05,930 - gpsd_manager - INFO - [Converter] GPSPrint: Returning parsed result
2026-08-20 21:25:06,944 - gpsd_manager - INFO - [Converter] GPSPrint: Parsed ZED data, has_gps_time=True
2026-08-20 21:25:06,944 - gpsd_manager - INFO - [Converter] GPSPrint: Returning parsed result
2026-08-20 21:25:07,974 - gpsd_manager - INFO - [Converter] GPSPrint: Parsed ZED data, has_gps_time=True
2026-08-20 21:25:07,974 - gpsd_manager - INFO - [Converter] GPSPrint: Returning parsed result
2026-08-20 21:25:08,994 - gpsd_manager - INFO - [Converter] GPSPrint: Parsed ZED data, has_gps_time=True
2026-08-20 21:25:08,994 - gpsd_manager - INFO - [Converter] GPSPrint: Returning parsed result
2026-08-20 21:25:10,019 - gpsd_manager - INFO - [Converter] GPSPrint: Parsed ZED data, has_gps_time=True
2026-08-20 21:25:10,019 - gpsd_manager - INFO - [Converter] GPSPrint: Returning parsed result
2026-08-20 21:25:11,046 - gpsd_manager - INFO - [Converter] GPSPrint: Parsed ZED data, has_gps_time=True
2026-08-20 21:25:11,046 - gpsd_manager - INFO - [Converter] GPSPrint: Returning parsed result
2026-08-20 21:25:11,966 - gpsd_manager - INFO - [Converter] GPSPrint: Parsed ZED data, has_gps_time=True
2026-08-20 21:25:11,966 - gpsd_manager - INFO - [Converter] GPSPrint: Returning parsed result
2026-08-20 21:25:12,987 - gpsd_manager - INFO - [Converter] GPSPrint: Parsed ZED data, has_gps_time=True
2026-08-20 21:25:12,987 - gpsd_manager - INFO - [Converter] GPSPrint: Returning parsed result
2026-08-20 21:25:14,013 - gpsd_manager - INFO - [Converter] GPSPrint: Parsed ZED data, has_gps_time=True
2026-08-20 21:25:14,013 - gpsd_manager - INFO - [Converter] GPSPrint: Returning parsed result
2026-08-20 21:25:15,033 - gpsd_manager - INFO - [Converter] GPSPrint: Parsed ZED data, has_gps_time=True
2026-08-20 21:25:15,033 - gpsd_manager - INFO - [Converter] GPSPrint: Returning parsed result
2026-08-20 21:25:15,963 - gpsd_manager - INFO - [Converter] GPSPrint: Parsed ZED data, has_gps_time=True
2026-08-20 21:25:15,963 - gpsd_manager - INFO - [Converter] GPSPrint: Returning parsed result
2026-08-20 21:25:16,982 - gpsd_manager - INFO - [Converter] GPSPrint: Parsed ZED data, has_gps_time=True
2026-08-20 21:25:16,983 - gpsd_manager - INFO - [Converter] GPSPrint: Returning parsed result
2026-08-20 21:25:18,005 - gpsd_manager - INFO - [Converter] GPSPrint: Parsed ZED data, has_gps_time=True
2026-08-20 21:25:18,005 - gpsd_manager - INFO - [Converter] GPSPrint: Returning parsed result
2026-08-20 21:25:18,934 - gpsd_manager - INFO - [Converter] GPSPrint: Parsed ZED data, has_gps_time=True
2026-08-20 21:25:18,934 - gpsd_manager - INFO - [Converter] GPSPrint: Returning parsed result
2026-08-20 21:25:20,051 - gpsd_manager - INFO - [Converter] GPSPrint: Parsed ZED data, has_gps_time=True
2026-08-20 21:25:20,051 - gpsd_manager - INFO - [Converter] GPSPrint: Returning parsed result
2026-08-20 21:25:20,979 - gpsd_manager - INFO - [Converter] GPSPrint: Parsed ZED data, has_gps_time=True
2026-08-20 21:25:20,980 - gpsd_manager - INFO - [Converter] GPSPrint: Returning parsed result
2026-08-20 21:25:22,006 - gpsd_manager - INFO - [Converter] GPSPrint: Parsed ZED data, has_gps_time=True
2026-08-20 21:25:22,006 - gpsd_manager - INFO - [Converter] GPSPrint: Returning parsed result
2026-08-20 21:25:23,026 - gpsd_manager - INFO - [Converter] GPSPrint: Parsed ZED data, has_gps_time=True
2026-08-20 21:25:23,026 - gpsd_manager - INFO - [Converter] GPSPrint: Returning parsed result
2026-08-20 21:25:24,048 - gpsd_manager - INFO - [Converter] GPSPrint: Parsed ZED data, has_gps_time=True
2026-08-20 21:25:24,048 - gpsd_manager - INFO - [Converter] GPSPrint: Returning parsed result
2026-08-20 21:25:25,073 - gpsd_manager - INFO - [Converter] GPSPrint: Parsed ZED data, has_gps_time=True
2026-08-20 21:25:25,073 - gpsd_manager - INFO - [Converter] GPSPrint: Returning parsed result
2026-08-20 21:25:25,995 - gpsd_manager - INFO - [Converter] GPSPrint: Parsed ZED data, has_gps_time=True
2026-08-20 21:25:25,995 - gpsd_manager - INFO - [Converter] GPSPrint: Returning parsed result
2026-08-20 21:25:27,019 - gpsd_manager - INFO - [Converter] GPSPrint: Parsed ZED data, has_gps_time=True
2026-08-20 21:25:27,019 - gpsd_manager - INFO - [Converter] GPSPrint: Returning parsed result
2026-08-20 21:25:28,040 - gpsd_manager - INFO - [Converter] GPSPrint: Parsed ZED data, has_gps_time=True
2026-08-20 21:25:28,040 - gpsd_manager - INFO - [Converter] GPSPrint: Returning parsed result
2026-08-20 21:25:29,068 - gpsd_manager - INFO - [Converter] GPSPrint: Parsed ZED data, has_gps_time=True
2026-08-20 21:25:29,068 - gpsd_manager - INFO - [Converter] GPSPrint: Returning parsed result
2026-08-20 21:25:29,996 - gpsd_manager - INFO - [Converter] GPSPrint: Parsed ZED data, has_gps_time=True
2026-08-20 21:25:29,996 - gpsd_manager - INFO - [Converter] GPSPrint: Returning parsed result
2026-08-20 21:25:31,011 - gpsd_manager - INFO - [Converter] GPSPrint: Parsed ZED data, has_gps_time=True
2026-08-20 21:25:31,012 - gpsd_manager - INFO - [Converter] GPSPrint: Returning parsed result
2026-08-20 21:25:32,036 - gpsd_manager - INFO - [Converter] GPSPrint: Parsed ZED data, has_gps_time=True
2026-08-20 21:25:32,036 - gpsd_manager - INFO - [Converter] GPSPrint: Returning parsed result
2026-08-20 21:25:33,065 - gpsd_manager - INFO - [Converter] GPSPrint: Parsed ZED data, has_gps_time=True
2026-08-20 21:25:33,065 - gpsd_manager - INFO - [Converter] GPSPrint: Returning parsed result
2026-08-20 21:25:34,080 - gpsd_manager - INFO - [Converter] GPSPrint: Parsed ZED data, has_gps_time=True
2026-08-20 21:25:34,081 - gpsd_manager - INFO - [Converter] GPSPrint: Returning parsed result
2026-08-20 21:25:35,010 - gpsd_manager - INFO - [Converter] GPSPrint: Parsed ZED data, has_gps_time=True
2026-08-20 21:25:35,010 - gpsd_manager - INFO - [Converter] GPSPrint: Returning parsed result
2026-08-20 21:25:36,027 - gpsd_manager - INFO - [Converter] GPSPrint: Parsed ZED data, has_gps_time=True
2026-08-20 21:25:36,027 - gpsd_manager - INFO - [Converter] GPSPrint: Returning parsed result
2026-08-20 21:25:36,956 - gpsd_manager - INFO - [Converter] GPSPrint: Parsed ZED data, has_gps_time=True
2026-08-20 21:25:36,957 - gpsd_manager - INFO - [Converter] GPSPrint: Returning parsed result
2026-08-20 21:25:37,980 - gpsd_manager - INFO - [Converter] GPSPrint: Parsed ZED data, has_gps_time=True
2026-08-20 21:25:37,981 - gpsd_manager - INFO - [Converter] GPSPrint: Returning parsed result
2026-08-20 21:25:38,904 - gpsd_manager - INFO - [Converter] GPSPrint: Parsed ZED data, has_gps_time=True
2026-08-20 21:25:38,904 - gpsd_manager - INFO - [Converter] GPSPrint: Returning parsed result
2026-08-20 21:25:40,021 - gpsd_manager - INFO - [Converter] GPSPrint: Parsed ZED data, has_gps_time=True
2026-08-20 21:25:40,022 - gpsd_manager - INFO - [Converter] GPSPrint: Returning parsed result
2026-08-20 21:25:41,053 - gpsd_manager - INFO - [Converter] GPSPrint: Parsed ZED data, has_gps_time=True
2026-08-20 21:25:41,053 - gpsd_manager - INFO - [Converter] GPSPrint: Returning parsed result
2026-08-20 21:25:41,972 - gpsd_manager - INFO - [Converter] GPSPrint: Parsed ZED data, has_gps_time=True
2026-08-20 21:25:41,972 - gpsd_manager - INFO - [Converter] GPSPrint: Returning parsed result
2026-08-20 21:25:42,994 - gpsd_manager - INFO - [Converter] GPSPrint: Parsed ZED data, has_gps_time=True
2026-08-20 21:25:42,994 - gpsd_manager - INFO - [Converter] GPSPrint: Returning parsed result
2026-08-20 21:25:44,023 - gpsd_manager - INFO - [Converter] GPSPrint: Parsed ZED data, has_gps_time=True
2026-08-20 21:25:44,023 - gpsd_manager - INFO - [Converter] GPSPrint: Returning parsed result
2026-08-20 21:25:44,948 - gpsd_manager - INFO - [Converter] GPSPrint: Parsed ZED data, has_gps_time=True
2026-08-20 21:25:44,949 - gpsd_manager - INFO - [Converter] GPSPrint: Returning parsed result
2026-08-20 21:25:45,973 - gpsd_manager - INFO - [Converter] GPSPrint: Parsed ZED data, has_gps_time=True
2026-08-20 21:25:45,973 - gpsd_manager - INFO - [Converter] GPSPrint: Returning parsed result
2026-08-20 21:25:46,993 - gpsd_manager - INFO - [Converter] GPSPrint: Parsed ZED data, has_gps_time=True
2026-08-20 21:25:46,993 - gpsd_manager - INFO - [Converter] GPSPrint: Returning parsed result
2026-08-20 21:25:47,912 - gpsd_manager - INFO - [Converter] GPSPrint: Parsed ZED data, has_gps_time=True
2026-08-20 21:25:47,912 - gpsd_manager - INFO - [Converter] GPSPrint: Returning parsed result
2026-08-20 21:25:49,039 - gpsd_manager - INFO - [Converter] GPSPrint: Parsed ZED data, has_gps_time=True
2026-08-20 21:25:49,040 - gpsd_manager - INFO - [Converter] GPSPrint: Returning parsed result
2026-08-20 21:25:49,958 - gpsd_manager - INFO - [Converter] GPSPrint: Parsed ZED data, has_gps_time=True
2026-08-20 21:25:49,959 - gpsd_manager - INFO - [Converter] GPSPrint: Returning parsed result
2026-08-20 21:25:50,990 - gpsd_manager - INFO - [Converter] GPSPrint: Parsed ZED data, has_gps_time=True
2026-08-20 21:25:50,990 - gpsd_manager - INFO - [Converter] GPSPrint: Returning parsed result
2026-08-20 21:25:52,012 - gpsd_manager - INFO - [Converter] GPSPrint: Parsed ZED data, has_gps_time=True
2026-08-20 21:25:52,012 - gpsd_manager - INFO - [Converter] GPSPrint: Returning parsed result
2026-08-20 21:25:53,034 - gpsd_manager - INFO - [Converter] GPSPrint: Parsed ZED data, has_gps_time=True
2026-08-20 21:25:53,034 - gpsd_manager - INFO - [Converter] GPSPrint: Returning parsed result
2026-08-20 21:25:54,059 - gpsd_manager - INFO - [Converter] GPSPrint: Parsed ZED data, has_gps_time=True
2026-08-20 21:25:54,059 - gpsd_manager - INFO - [Converter] GPSPrint: Returning parsed result
2026-08-20 21:25:54,982 - gpsd_manager - INFO - [Converter] GPSPrint: Parsed ZED data, has_gps_time=True
2026-08-20 21:25:54,982 - gpsd_manager - INFO - [Converter] GPSPrint: Returning parsed result
2026-08-20 21:25:56,001 - gpsd_manager - INFO - [Converter] GPSPrint: Parsed ZED data, has_gps_time=True
2026-08-20 21:25:56,001 - gpsd_manager - INFO - [Converter] GPSPrint: Returning parsed result
2026-08-20 21:25:57,026 - gpsd_manager - INFO - [Converter] GPSPrint: Parsed ZED data, has_gps_time=True
2026-08-20 21:25:57,026 - gpsd_manager - INFO - [Converter] GPSPrint: Returning parsed result
2026-08-20 21:25:58,055 - gpsd_manager - INFO - [Converter] GPSPrint: Parsed ZED data, has_gps_time=True
2026-08-20 21:25:58,055 - gpsd_manager - INFO - [Converter] GPSPrint: Returning parsed result
2026-08-20 21:25:59,081 - gpsd_manager - INFO - [Converter] GPSPrint: Parsed ZED data, has_gps_time=True
2026-08-20 21:25:59,081 - gpsd_manager - INFO - [Converter] GPSPrint: Returning parsed result
2026-08-20 21:25:59,996 - gpsd_manager - INFO - [Converter] GPSPrint: Parsed ZED data, has_gps_time=True
2026-08-20 21:25:59,996 - gpsd_manager - INFO - [Converter] GPSPrint: Returning parsed result
2026-08-20 21:26:01,022 - gpsd_manager - INFO - [Converter] GPSPrint: Parsed ZED data, has_gps_time=True
2026-08-20 21:26:01,022 - gpsd_manager - INFO - [Converter] GPSPrint: Returning parsed result
2026-08-20 21:26:01,944 - gpsd_manager - INFO - [Converter] GPSPrint: Parsed ZED data, has_gps_time=True
2026-08-20 21:26:01,944 - gpsd_manager - INFO - [Converter] GPSPrint: Returning parsed result
2026-08-20 21:26:02,973 - gpsd_manager - INFO - [Converter] GPSPrint: Parsed ZED data, has_gps_time=True
2026-08-20 21:26:02,974 - gpsd_manager - INFO - [Converter] GPSPrint: Returning parsed result
2026-08-20 21:26:03,993 - gpsd_manager - INFO - [Converter] GPSPrint: Parsed ZED data, has_gps_time=True
2026-08-20 21:26:03,993 - gpsd_manager - INFO - [Converter] GPSPrint: Returning parsed result
2026-08-20 21:26:04,922 - gpsd_manager - INFO - [Converter] GPSPrint: Parsed ZED data, has_gps_time=True
2026-08-20 21:26:04,922 - gpsd_manager - INFO - [Converter] GPSPrint: Returning parsed result
2026-08-20 21:26:05,940 - gpsd_manager - INFO - [Converter] GPSPrint: Parsed ZED data, has_gps_time=True
2026-08-20 21:26:05,941 - gpsd_manager - INFO - [Converter] GPSPrint: Returning parsed result
2026-08-20 21:26:06,966 - gpsd_manager - INFO - [Converter] GPSPrint: Parsed ZED data, has_gps_time=True
2026-08-20 21:26:06,966 - gpsd_manager - INFO - [Converter] GPSPrint: Returning parsed result
2026-08-20 21:26:07,989 - gpsd_manager - INFO - [Converter] GPSPrint: Parsed ZED data, has_gps_time=True
2026-08-20 21:26:07,990 - gpsd_manager - INFO - [Converter] GPSPrint: Returning parsed result
2026-08-20 21:26:09,009 - gpsd_manager - INFO - [Converter] GPSPrint: Parsed ZED data, has_gps_time=True
2026-08-20 21:26:09,009 - gpsd_manager - INFO - [Converter] GPSPrint: Returning parsed result
2026-08-20 21:26:09,942 - gpsd_manager - INFO - [Converter] GPSPrint: Parsed ZED data, has_gps_time=True
2026-08-20 21:26:09,942 - gpsd_manager - INFO - [Converter] GPSPrint: Returning parsed result
2026-08-20 21:26:10,965 - gpsd_manager - INFO - [Converter] GPSPrint: Parsed ZED data, has_gps_time=True
2026-08-20 21:26:10,965 - gpsd_manager - INFO - [Converter] GPSPrint: Returning parsed result
2026-08-20 21:26:12,081 - gpsd_manager - INFO - [Converter] GPSPrint: Parsed ZED data, has_gps_time=True
2026-08-20 21:26:12,082 - gpsd_manager - INFO - [Converter] GPSPrint: Returning parsed result
2026-08-20 21:26:13,009 - gpsd_manager - INFO - [Converter] GPSPrint: Parsed ZED data, has_gps_time=True
2026-08-20 21:26:13,009 - gpsd_manager - INFO - [Converter] GPSPrint: Returning parsed result
2026-08-20 21:26:14,030 - gpsd_manager - INFO - [Converter] GPSPrint: Parsed ZED data, has_gps_time=True
2026-08-20 21:26:14,030 - gpsd_manager - INFO - [Converter] GPSPrint: Returning parsed result
2026-08-20 21:26:14,954 - gpsd_manager - INFO - [Converter] GPSPrint: Parsed ZED data, has_gps_time=True
2026-08-20 21:26:14,954 - gpsd_manager - INFO - [Converter] GPSPrint: Returning parsed result
2026-08-20 21:26:15,977 - gpsd_manager - INFO - [Converter] GPSPrint: Parsed ZED data, has_gps_time=True
2026-08-20 21:26:15,977 - gpsd_manager - INFO - [Converter] GPSPrint: Returning parsed result
2026-08-20 21:26:17,002 - gpsd_manager - INFO - [Converter] GPSPrint: Parsed ZED data, has_gps_time=True
2026-08-20 21:26:17,002 - gpsd_manager - INFO - [Converter] GPSPrint: Returning parsed result
2026-08-20 21:26:18,029 - gpsd_manager - INFO - [Converter] GPSPrint: Parsed ZED data, has_gps_time=True
2026-08-20 21:26:18,029 - gpsd_manager - INFO - [Converter] GPSPrint: Returning parsed result
2026-08-20 21:26:19,048 - gpsd_manager - INFO - [Converter] GPSPrint: Parsed ZED data, has_gps_time=True
2026-08-20 21:26:19,048 - gpsd_manager - INFO - [Converter] GPSPrint: Returning parsed result
2026-08-20 21:26:19,979 - gpsd_manager - INFO - [Converter] GPSPrint: Parsed ZED data, has_gps_time=True
2026-08-20 21:26:19,979 - gpsd_manager - INFO - [Converter] GPSPrint: Returning parsed result
2026-08-20 21:26:20,999 - gpsd_manager - INFO - [Converter] GPSPrint: Parsed ZED data, has_gps_time=True
2026-08-20 21:26:20,999 - gpsd_manager - INFO - [Converter] GPSPrint: Returning parsed result
2026-08-20 21:26:22,021 - gpsd_manager - INFO - [Converter] GPSPrint: Parsed ZED data, has_gps_time=True
2026-08-20 21:26:22,022 - gpsd_manager - INFO - [Converter] GPSPrint: Returning parsed result
2026-08-20 21:26:22,943 - gpsd_manager - INFO - [Converter] GPSPrint: Parsed ZED data, has_gps_time=True
2026-08-20 21:26:22,943 - gpsd_manager - INFO - [Converter] GPSPrint: Returning parsed result
2026-08-20 21:26:23,972 - gpsd_manager - INFO - [Converter] GPSPrint: Parsed ZED data, has_gps_time=True
2026-08-20 21:26:23,972 - gpsd_manager - INFO - [Converter] GPSPrint: Returning parsed result
2026-08-20 21:26:25,092 - gpsd_manager - INFO - [Converter] GPSPrint: Parsed ZED data, has_gps_time=True
2026-08-20 21:26:25,092 - gpsd_manager - INFO - [Converter] GPSPrint: Returning parsed result
2026-08-20 21:26:26,116 - gpsd_manager - INFO - [Converter] GPSPrint: Parsed ZED data, has_gps_time=True
2026-08-20 21:26:26,116 - gpsd_manager - INFO - [Converter] GPSPrint: Returning parsed result
2026-08-20 21:26:27,934 - gpsd_manager - INFO - [Converter] GPSPrint: Parsed ZED data, has_gps_time=True
2026-08-20 21:26:27,934 - gpsd_manager - INFO - [Converter] GPSPrint: Returning parsed result
2026-08-20 21:26:28,960 - gpsd_manager - INFO - [Converter] GPSPrint: Parsed ZED data, has_gps_time=True
2026-08-20 21:26:28,960 - gpsd_manager - INFO - [Converter] GPSPrint: Returning parsed result
2026-08-20 21:26:29,974 - gpsd_manager - INFO - [Converter] GPSPrint: Parsed ZED data, has_gps_time=True
2026-08-20 21:26:29,975 - gpsd_manager - INFO - [Converter] GPSPrint: Returning parsed result
2026-08-20 21:26:31,003 - gpsd_manager - INFO - [Converter] GPSPrint: Parsed ZED data, has_gps_time=True
2026-08-20 21:26:31,003 - gpsd_manager - INFO - [Converter] GPSPrint: Returning parsed result
2026-08-20 21:26:32,025 - gpsd_manager - INFO - [Converter] GPSPrint: Parsed ZED data, has_gps_time=True
2026-08-20 21:26:32,025 - gpsd_manager - INFO - [Converter] GPSPrint: Returning parsed result
2026-08-20 21:26:33,049 - gpsd_manager - INFO - [Converter] GPSPrint: Parsed ZED data, has_gps_time=True
2026-08-20 21:26:33,049 - gpsd_manager - INFO - [Converter] GPSPrint: Returning parsed result
2026-08-20 21:26:33,979 - gpsd_manager - INFO - [Converter] GPSPrint: Parsed ZED data, has_gps_time=True
2026-08-20 21:26:33,979 - gpsd_manager - INFO - [Converter] GPSPrint: Returning parsed result
2026-08-20 21:26:34,995 - gpsd_manager - INFO - [Converter] GPSPrint: Parsed ZED data, has_gps_time=True
2026-08-20 21:26:34,996 - gpsd_manager - INFO - [Converter] GPSPrint: Returning parsed result
2026-08-20 21:26:35,927 - gpsd_manager - INFO - [Converter] GPSPrint: Parsed ZED data, has_gps_time=True
2026-08-20 21:26:35,927 - gpsd_manager - INFO - [Converter] GPSPrint: Returning parsed result
2026-08-20 21:26:37,041 - gpsd_manager - INFO - [Converter] GPSPrint: Parsed ZED data, has_gps_time=True
2026-08-20 21:26:37,042 - gpsd_manager - INFO - [Converter] GPSPrint: Returning parsed result
2026-08-20 21:26:37,965 - gpsd_manager - INFO - [Converter] GPSPrint: Parsed ZED data, has_gps_time=True
2026-08-20 21:26:37,965 - gpsd_manager - INFO - [Converter] GPSPrint: Returning parsed result
2026-08-20 21:26:38,988 - gpsd_manager - INFO - [Converter] GPSPrint: Parsed ZED data, has_gps_time=True
2026-08-20 21:26:38,988 - gpsd_manager - INFO - [Converter] GPSPrint: Returning parsed result
2026-08-20 21:26:40,012 - gpsd_manager - INFO - [Converter] GPSPrint: Parsed ZED data, has_gps_time=True
2026-08-20 21:26:40,012 - gpsd_manager - INFO - [Converter] GPSPrint: Returning parsed result
2026-08-20 21:26:41,034 - gpsd_manager - INFO - [Converter] GPSPrint: Parsed ZED data, has_gps_time=True
2026-08-20 21:26:41,034 - gpsd_manager - INFO - [Converter] GPSPrint: Returning parsed result
2026-08-20 21:26:42,957 - gpsd_manager - INFO - [Converter] GPSPrint: Parsed ZED data, has_gps_time=True
2026-08-20 21:26:42,958 - gpsd_manager - INFO - [Converter] GPSPrint: Returning parsed result
2026-08-20 21:26:43,977 - gpsd_manager - INFO - [Converter] GPSPrint: Parsed ZED data, has_gps_time=True
2026-08-20 21:26:43,977 - gpsd_manager - INFO - [Converter] GPSPrint: Returning parsed result
2026-08-20 21:26:44,999 - gpsd_manager - INFO - [Converter] GPSPrint: Parsed ZED data, has_gps_time=True
2026-08-20 21:26:44,999 - gpsd_manager - INFO - [Converter] GPSPrint: Returning parsed result
2026-08-20 21:26:46,127 - gpsd_manager - INFO - [Converter] GPSPrint: Parsed ZED data, has_gps_time=True
2026-08-20 21:26:46,127 - gpsd_manager - INFO - [Converter] GPSPrint: Returning parsed result
2026-08-20 21:26:47,284 - gpsd_manager - INFO - [Converter] GPSPrint: Parsed ZED data, has_gps_time=True
2026-08-20 21:26:47,284 - gpsd_manager - INFO - [Converter] GPSPrint: Returning parsed result
2026-08-20 21:26:48,208 - gpsd_manager - INFO - [Converter] GPSPrint: Parsed ZED data, has_gps_time=True
2026-08-20 21:26:48,208 - gpsd_manager - INFO - [Converter] GPSPrint: Returning parsed result
2026-08-20 21:26:49,263 - gpsd_manager - INFO - [Converter] GPSPrint: Parsed ZED data, has_gps_time=True
2026-08-20 21:26:49,263 - gpsd_manager - INFO - [Converter] GPSPrint: Returning parsed result
2026-08-20 21:26:50,013 - gpsd_manager - INFO - [Converter] GPSPrint: Parsed ZED data, has_gps_time=True
2026-08-20 21:26:50,013 - gpsd_manager - INFO - [Converter] GPSPrint: Returning parsed result
2026-08-20 21:26:51,164 - gpsd_manager - INFO - [Converter] GPSPrint: Parsed ZED data, has_gps_time=True
2026-08-20 21:26:51,164 - gpsd_manager - INFO - [Converter] GPSPrint: Returning parsed result
2026-08-20 21:26:52,192 - gpsd_manager - INFO - [Converter] GPSPrint: Parsed ZED data, has_gps_time=True
2026-08-20 21:26:52,193 - gpsd_manager - INFO - [Converter] GPSPrint: Returning parsed result
2026-08-20 21:26:53,142 - gpsd_manager - INFO - [Converter] GPSPrint: Parsed ZED data, has_gps_time=True
2026-08-20 21:26:53,142 - gpsd_manager - INFO - [Converter] GPSPrint: Returning parsed result
2026-08-20 21:26:54,165 - gpsd_manager - INFO - [Converter] GPSPrint: Parsed ZED data, has_gps_time=True
2026-08-20 21:26:54,165 - gpsd_manager - INFO - [Converter] GPSPrint: Returning parsed result
2026-08-20 21:26:55,220 - gpsd_manager - INFO - [Converter] GPSPrint: Parsed ZED data, has_gps_time=True
2026-08-20 21:26:55,220 - gpsd_manager - INFO - [Converter] GPSPrint: Returning parsed result
2026-08-20 21:26:56,140 - gpsd_manager - INFO - [Converter] GPSPrint: Parsed ZED data, has_gps_time=True
2026-08-20 21:26:56,140 - gpsd_manager - INFO - [Converter] GPSPrint: Returning parsed result
2026-08-20 21:26:57,298 - gpsd_manager - INFO - [Converter] GPSPrint: Parsed ZED data, has_gps_time=True
2026-08-20 21:26:57,298 - gpsd_manager - INFO - [Converter] GPSPrint: Returning parsed result
2026-08-20 21:26:59,245 - gpsd_manager - INFO - [Converter] GPSPrint: Parsed ZED data, has_gps_time=True
2026-08-20 21:26:59,245 - gpsd_manager - INFO - [Converter] GPSPrint: Returning parsed result
2026-08-20 21:27:00,394 - gpsd_manager - INFO - [Converter] GPSPrint: Parsed ZED data, has_gps_time=True
2026-08-20 21:27:00,394 - gpsd_manager - INFO - [Converter] GPSPrint: Returning parsed result
2026-08-20 21:27:01,551 - gpsd_manager - INFO - [Converter] GPSPrint: Parsed ZED data, has_gps_time=True
2026-08-20 21:27:01,551 - gpsd_manager - INFO - [Converter] GPSPrint: Returning parsed result
2026-08-20 21:27:02,601 - gpsd_manager - INFO - [Converter] GPSPrint: Parsed ZED data, has_gps_time=True
2026-08-20 21:27:02,601 - gpsd_manager - INFO - [Converter] GPSPrint: Returning parsed result
2026-08-20 21:27:03,757 - gpsd_manager - INFO - [Converter] GPSPrint: Parsed ZED data, has_gps_time=True
2026-08-20 21:27:03,757 - gpsd_manager - INFO - [Converter] GPSPrint: Returning parsed result
2026-08-20 21:27:04,882 - gpsd_manager - INFO - [Converter] GPSPrint: Parsed ZED data, has_gps_time=True
2026-08-20 21:27:04,882 - gpsd_manager - INFO - [Converter] GPSPrint: Returning parsed result
2026-08-20 21:27:05,908 - gpsd_manager - INFO - [Converter] GPSPrint: Parsed ZED data, has_gps_time=True
2026-08-20 21:27:05,908 - gpsd_manager - INFO - [Converter] GPSPrint: Returning parsed result
2026-08-20 21:27:06,928 - gpsd_manager - INFO - [Converter] GPSPrint: Parsed ZED data, has_gps_time=True
2026-08-20 21:27:06,928 - gpsd_manager - INFO - [Converter] GPSPrint: Returning parsed result
2026-08-20 21:27:07,951 - gpsd_manager - INFO - [Converter] GPSPrint: Parsed ZED data, has_gps_time=True
2026-08-20 21:27:07,952 - gpsd_manager - INFO - [Converter] GPSPrint: Returning parsed result
2026-08-20 21:27:08,972 - gpsd_manager - INFO - [Converter] GPSPrint: Parsed ZED data, has_gps_time=True
2026-08-20 21:27:08,972 - gpsd_manager - INFO - [Converter] GPSPrint: Returning parsed result
2026-08-20 21:27:09,997 - gpsd_manager - INFO - [Converter] GPSPrint: Parsed ZED data, has_gps_time=True
2026-08-20 21:27:09,997 - gpsd_manager - INFO - [Converter] GPSPrint: Returning parsed result
2026-08-20 21:27:11,250 - gpsd_manager - INFO - [Converter] GPSPrint: Parsed ZED data, has_gps_time=True
2026-08-20 21:27:11,251 - gpsd_manager - INFO - [Converter] GPSPrint: Returning parsed result
2026-08-20 21:27:12,271 - gpsd_manager - INFO - [Converter] GPSPrint: Parsed ZED data, has_gps_time=True
2026-08-20 21:27:12,272 - gpsd_manager - INFO - [Converter] GPSPrint: Returning parsed result
2026-08-20 21:27:13,229 - gpsd_manager - INFO - [Converter] GPSPrint: Parsed ZED data, has_gps_time=True
2026-08-20 21:27:13,229 - gpsd_manager - INFO - [Converter] GPSPrint: Returning parsed result
2026-08-20 21:27:14,086 - gpsd_manager - INFO - [Converter] GPSPrint: Parsed ZED data, has_gps_time=True
2026-08-20 21:27:14,086 - gpsd_manager - INFO - [Converter] GPSPrint: Returning parsed result
2026-08-20 21:27:15,132 - gpsd_manager - INFO - [Converter] GPSPrint: Parsed ZED data, has_gps_time=True
2026-08-20 21:27:15,133 - gpsd_manager - INFO - [Converter] GPSPrint: Returning parsed result
2026-08-20 21:27:16,260 - gpsd_manager - INFO - [Converter] GPSPrint: Parsed ZED data, has_gps_time=True
2026-08-20 21:27:16,260 - gpsd_manager - INFO - [Converter] GPSPrint: Returning parsed result
2026-08-20 21:27:17,209 - gpsd_manager - INFO - [Converter] GPSPrint: Parsed ZED data, has_gps_time=True
2026-08-20 21:27:17,210 - gpsd_manager - INFO - [Converter] GPSPrint: Returning parsed result
2026-08-20 21:27:18,242 - gpsd_manager - INFO - [Converter] GPSPrint: Parsed ZED data, has_gps_time=True
2026-08-20 21:27:18,242 - gpsd_manager - INFO - [Converter] GPSPrint: Returning parsed result
2026-08-20 21:27:19,064 - gpsd_manager - INFO - [Converter] GPSPrint: Parsed ZED data, has_gps_time=True
2026-08-20 21:27:19,064 - gpsd_manager - INFO - [Converter] GPSPrint: Returning parsed result
2026-08-20 21:27:19,913 - gpsd_manager - INFO - [Converter] GPSPrint: Parsed ZED data, has_gps_time=True
2026-08-20 21:27:19,913 - gpsd_manager - INFO - [Converter] GPSPrint: Returning parsed result
2026-08-20 21:27:20,942 - gpsd_manager - INFO - [Converter] GPSPrint: Parsed ZED data, has_gps_time=True
2026-08-20 21:27:20,942 - gpsd_manager - INFO - [Converter] GPSPrint: Returning parsed result
2026-08-20 21:27:21,963 - gpsd_manager - INFO - [Converter] GPSPrint: Parsed ZED data, has_gps_time=True
2026-08-20 21:27:21,963 - gpsd_manager - INFO - [Converter] GPSPrint: Returning parsed result
2026-08-20 21:27:22,985 - gpsd_manager - INFO - [Converter] GPSPrint: Parsed ZED data, has_gps_time=True
2026-08-20 21:27:22,986 - gpsd_manager - INFO - [Converter] GPSPrint: Returning parsed result
2026-08-20 21:27:24,108 - gpsd_manager - INFO - [Converter] GPSPrint: Parsed ZED data, has_gps_time=True
2026-08-20 21:27:24,108 - gpsd_manager - INFO - [Converter] GPSPrint: Returning parsed result
2026-08-20 21:27:25,267 - gpsd_manager - INFO - [Converter] GPSPrint: Parsed ZED data, has_gps_time=True
2026-08-20 21:27:25,267 - gpsd_manager - INFO - [Converter] GPSPrint: Returning parsed result
2026-08-20 21:27:26,191 - gpsd_manager - INFO - [Converter] GPSPrint: Parsed ZED data, has_gps_time=True
2026-08-20 21:27:26,192 - gpsd_manager - INFO - [Converter] GPSPrint: Returning parsed result
2026-08-20 21:27:27,237 - gpsd_manager - INFO - [Converter] GPSPrint: Parsed ZED data, has_gps_time=True
2026-08-20 21:27:27,237 - gpsd_manager - INFO - [Converter] GPSPrint: Returning parsed result
2026-08-20 21:27:28,161 - gpsd_manager - INFO - [Converter] GPSPrint: Parsed ZED data, has_gps_time=True
2026-08-20 21:27:28,162 - gpsd_manager - INFO - [Converter] GPSPrint: Returning parsed result
2026-08-20 21:27:29,322 - gpsd_manager - INFO - [Converter] GPSPrint: Parsed ZED data, has_gps_time=True
2026-08-20 21:27:29,323 - gpsd_manager - INFO - [Converter] GPSPrint: Returning parsed result
2026-08-20 21:27:30,246 - gpsd_manager - INFO - [Converter] GPSPrint: Parsed ZED data, has_gps_time=True
2026-08-20 21:27:30,246 - gpsd_manager - INFO - [Converter] GPSPrint: Returning parsed result
2026-08-20 21:27:31,198 - gpsd_manager - INFO - [Converter] GPSPrint: Parsed ZED data, has_gps_time=True
2026-08-20 21:27:31,198 - gpsd_manager - INFO - [Converter] GPSPrint: Returning parsed result
2026-08-20 21:27:32,215 - gpsd_manager - INFO - [Converter] GPSPrint: Parsed ZED data, has_gps_time=True
2026-08-20 21:27:32,215 - gpsd_manager - INFO - [Converter] GPSPrint: Returning parsed result
2026-08-20 21:27:33,177 - gpsd_manager - INFO - [Converter] GPSPrint: Parsed ZED data, has_gps_time=True
2026-08-20 21:27:33,177 - gpsd_manager - INFO - [Converter] GPSPrint: Returning parsed result
2026-08-20 21:27:34,201 - gpsd_manager - INFO - [Converter] GPSPrint: Parsed ZED data, has_gps_time=True
2026-08-20 21:27:34,201 - gpsd_manager - INFO - [Converter] GPSPrint: Returning parsed result
2026-08-20 21:27:35,152 - gpsd_manager - INFO - [Converter] GPSPrint: Parsed ZED data, has_gps_time=True
2026-08-20 21:27:35,152 - gpsd_manager - INFO - [Converter] GPSPrint: Returning parsed result
2026-08-20 21:27:36,177 - gpsd_manager - INFO - [Converter] GPSPrint: Parsed ZED data, has_gps_time=True
2026-08-20 21:27:36,177 - gpsd_manager - INFO - [Converter] GPSPrint: Returning parsed result
2026-08-20 21:27:37,229 - gpsd_manager - INFO - [Converter] GPSPrint: Parsed ZED data, has_gps_time=True
2026-08-20 21:27:37,229 - gpsd_manager - INFO - [Converter] GPSPrint: Returning parsed result
2026-08-20 21:27:38,248 - gpsd_manager - INFO - [Converter] GPSPrint: Parsed ZED data, has_gps_time=True
2026-08-20 21:27:38,248 - gpsd_manager - INFO - [Converter] GPSPrint: Returning parsed result
2026-08-20 21:27:39,210 - gpsd_manager - INFO - [Converter] GPSPrint: Parsed ZED data, has_gps_time=True
2026-08-20 21:27:39,211 - gpsd_manager - INFO - [Converter] GPSPrint: Returning parsed result
2026-08-20 21:27:40,226 - gpsd_manager - INFO - [Converter] GPSPrint: Parsed ZED data, has_gps_time=True
2026-08-20 21:27:40,226 - gpsd_manager - INFO - [Converter] GPSPrint: Returning parsed result
2026-08-20 21:27:41,189 - gpsd_manager - INFO - [Converter] GPSPrint: Parsed ZED data, has_gps_time=True
2026-08-20 21:27:41,189 - gpsd_manager - INFO - [Converter] GPSPrint: Returning parsed result
2026-08-20 21:27:42,205 - gpsd_manager - INFO - [Converter] GPSPrint: Parsed ZED data, has_gps_time=True
2026-08-20 21:27:42,205 - gpsd_manager - INFO - [Converter] GPSPrint: Returning parsed result
2026-08-20 21:27:43,161 - gpsd_manager - INFO - [Converter] GPSPrint: Parsed ZED data, has_gps_time=True
2026-08-20 21:27:43,161 - gpsd_manager - INFO - [Converter] GPSPrint: Returning parsed result
2026-08-20 21:27:44,186 - gpsd_manager - INFO - [Converter] GPSPrint: Parsed ZED data, has_gps_time=True
2026-08-20 21:27:44,187 - gpsd_manager - INFO - [Converter] GPSPrint: Returning parsed result
2026-08-20 21:27:45,239 - gpsd_manager - INFO - [Converter] GPSPrint: Parsed ZED data, has_gps_time=True
2026-08-20 21:27:45,239 - gpsd_manager - INFO - [Converter] GPSPrint: Returning parsed result
2026-08-20 21:27:46,157 - gpsd_manager - INFO - [Converter] GPSPrint: Parsed ZED data, has_gps_time=True
2026-08-20 21:27:46,158 - gpsd_manager - INFO - [Converter] GPSPrint: Returning parsed result
2026-08-20 21:27:47,212 - gpsd_manager - INFO - [Converter] GPSPrint: Parsed ZED data, has_gps_time=True
2026-08-20 21:27:47,212 - gpsd_manager - INFO - [Converter] GPSPrint: Returning parsed result
2026-08-20 21:27:48,241 - gpsd_manager - INFO - [Converter] GPSPrint: Parsed ZED data, has_gps_time=True
2026-08-20 21:27:48,241 - gpsd_manager - INFO - [Converter] GPSPrint: Returning parsed result
2026-08-20 21:27:49,190 - gpsd_manager - INFO - [Converter] GPSPrint: Parsed ZED data, has_gps_time=True
2026-08-20 21:27:49,190 - gpsd_manager - INFO - [Converter] GPSPrint: Returning parsed result
2026-08-20 21:27:50,215 - gpsd_manager - INFO - [Converter] GPSPrint: Parsed ZED data, has_gps_time=True
2026-08-20 21:27:50,215 - gpsd_manager - INFO - [Converter] GPSPrint: Returning parsed result
2026-08-20 21:27:51,270 - gpsd_manager - INFO - [Converter] GPSPrint: Parsed ZED data, has_gps_time=True
2026-08-20 21:27:51,271 - gpsd_manager - INFO - [Converter] GPSPrint: Returning parsed result
2026-08-20 21:27:52,198 - gpsd_manager - INFO - [Converter] GPSPrint: Parsed ZED data, has_gps_time=True
2026-08-20 21:27:52,198 - gpsd_manager - INFO - [Converter] GPSPrint: Returning parsed result
2026-08-20 21:27:53,251 - gpsd_manager - INFO - [Converter] GPSPrint: Parsed ZED data, has_gps_time=True
2026-08-20 21:27:53,251 - gpsd_manager - INFO - [Converter] GPSPrint: Returning parsed result
2026-08-20 21:27:54,171 - gpsd_manager - INFO - [Converter] GPSPrint: Parsed ZED data, has_gps_time=True
2026-08-20 21:27:54,171 - gpsd_manager - INFO - [Converter] GPSPrint: Returning parsed result
2026-08-20 21:27:55,220 - gpsd_manager - INFO - [Converter] GPSPrint: Parsed ZED data, has_gps_time=True
2026-08-20 21:27:55,220 - gpsd_manager - INFO - [Converter] GPSPrint: Returning parsed result
2026-08-20 21:27:56,149 - gpsd_manager - INFO - [Converter] GPSPrint: Parsed ZED data, has_gps_time=True
2026-08-20 21:27:56,149 - gpsd_manager - INFO - [Converter] GPSPrint: Returning parsed result
2026-08-20 21:27:57,206 - gpsd_manager - INFO - [Converter] GPSPrint: Parsed ZED data, has_gps_time=True
2026-08-20 21:27:57,207 - gpsd_manager - INFO - [Converter] GPSPrint: Returning parsed result
2026-08-20 21:27:58,230 - gpsd_manager - INFO - [Converter] GPSPrint: Parsed ZED data, has_gps_time=True
2026-08-20 21:27:58,230 - gpsd_manager - INFO - [Converter] GPSPrint: Returning parsed result
2026-08-20 21:27:59,174 - gpsd_manager - INFO - [Converter] GPSPrint: Parsed ZED data, has_gps_time=True
2026-08-20 21:27:59,174 - gpsd_manager - INFO - [Converter] GPSPrint: Returning parsed result
2026-08-20 21:28:00,204 - gpsd_manager - INFO - [Converter] GPSPrint: Parsed ZED data, has_gps_time=True
2026-08-20 21:28:00,204 - gpsd_manager - INFO - [Converter] GPSPrint: Returning parsed result
2026-08-20 21:28:01,254 - gpsd_manager - INFO - [Converter] GPSPrint: Parsed ZED data, has_gps_time=True
2026-08-20 21:28:01,254 - gpsd_manager - INFO - [Converter] GPSPrint: Returning parsed result
2026-08-20 21:28:02,180 - gpsd_manager - INFO - [Converter] GPSPrint: Parsed ZED data, has_gps_time=True
2026-08-20 21:28:02,180 - gpsd_manager - INFO - [Converter] GPSPrint: Returning parsed result
2026-08-20 21:28:03,228 - gpsd_manager - INFO - [Converter] GPSPrint: Parsed ZED data, has_gps_time=True
2026-08-20 21:28:03,228 - gpsd_manager - INFO - [Converter] GPSPrint: Returning parsed result
2026-08-20 21:28:04,253 - gpsd_manager - INFO - [Converter] GPSPrint: Parsed ZED data, has_gps_time=True
2026-08-20 21:28:04,253 - gpsd_manager - INFO - [Converter] GPSPrint: Returning parsed result
2026-08-20 21:28:05,084 - gpsd_manager - INFO - [Converter] GPSPrint: Parsed ZED data, has_gps_time=True
2026-08-20 21:28:05,085 - gpsd_manager - INFO - [Converter] GPSPrint: Returning parsed result
2026-08-20 21:28:06,133 - gpsd_manager - INFO - [Converter] GPSPrint: Parsed ZED data, has_gps_time=True
2026-08-20 21:28:06,133 - gpsd_manager - INFO - [Converter] GPSPrint: Returning parsed result
2026-08-20 21:28:07,156 - gpsd_manager - INFO - [Converter] GPSPrint: Parsed ZED data, has_gps_time=True
2026-08-20 21:28:07,156 - gpsd_manager - INFO - [Converter] GPSPrint: Returning parsed result
2026-08-20 21:28:08,209 - gpsd_manager - INFO - [Converter] GPSPrint: Parsed ZED data, has_gps_time=True
2026-08-20 21:28:08,209 - gpsd_manager - INFO - [Converter] GPSPrint: Returning parsed result
2026-08-20 21:28:10,158 - gpsd_manager - INFO - [Converter] GPSPrint: Parsed ZED data, has_gps_time=True
2026-08-20 21:28:10,158 - gpsd_manager - INFO - [Converter] GPSPrint: Returning parsed result
2026-08-20 21:28:11,276 - gpsd_manager - INFO - [Converter] GPSPrint: Parsed ZED data, has_gps_time=True
2026-08-20 21:28:11,276 - gpsd_manager - INFO - [Converter] GPSPrint: Returning parsed result
2026-08-20 21:28:12,229 - gpsd_manager - INFO - [Converter] GPSPrint: Parsed ZED data, has_gps_time=True
2026-08-20 21:28:12,230 - gpsd_manager - INFO - [Converter] GPSPrint: Returning parsed result
2026-08-20 21:28:13,259 - gpsd_manager - INFO - [Converter] GPSPrint: Parsed ZED data, has_gps_time=True
2026-08-20 21:28:13,260 - gpsd_manager - INFO - [Converter] GPSPrint: Returning parsed result
2026-08-20 21:28:14,215 - gpsd_manager - INFO - [Converter] GPSPrint: Parsed ZED data, has_gps_time=True
2026-08-20 21:28:14,215 - gpsd_manager - INFO - [Converter] GPSPrint: Returning parsed result
2026-08-20 21:28:15,235 - gpsd_manager - INFO - [Converter] GPSPrint: Parsed ZED data, has_gps_time=True
2026-08-20 21:28:15,235 - gpsd_manager - INFO - [Converter] GPSPrint: Returning parsed result
2026-08-20 21:28:16,188 - gpsd_manager - INFO - [Converter] GPSPrint: Parsed ZED data, has_gps_time=True
2026-08-20 21:28:16,188 - gpsd_manager - INFO - [Converter] GPSPrint: Returning parsed result
2026-08-20 21:28:17,212 - gpsd_manager - INFO - [Converter] GPSPrint: Parsed ZED data, has_gps_time=True
2026-08-20 21:28:17,212 - gpsd_manager - INFO - [Converter] GPSPrint: Returning parsed result
2026-08-20 21:28:18,165 - gpsd_manager - INFO - [Converter] GPSPrint: Parsed ZED data, has_gps_time=True
2026-08-20 21:28:18,165 - gpsd_manager - INFO - [Converter] GPSPrint: Returning parsed result
2026-08-20 21:28:19,190 - gpsd_manager - INFO - [Converter] GPSPrint: Parsed ZED data, has_gps_time=True
2026-08-20 21:28:19,190 - gpsd_manager - INFO - [Converter] GPSPrint: Returning parsed result
2026-08-20 21:28:20,236 - gpsd_manager - INFO - [Converter] GPSPrint: Parsed ZED data, has_gps_time=True
2026-08-20 21:28:20,237 - gpsd_manager - INFO - [Converter] GPSPrint: Returning parsed result
2026-08-20 21:28:21,163 - gpsd_manager - INFO - [Converter] GPSPrint: Parsed ZED data, has_gps_time=True
2026-08-20 21:28:21,163 - gpsd_manager - INFO - [Converter] GPSPrint: Returning parsed result
2026-08-20 21:28:22,221 - gpsd_manager - INFO - [Converter] GPSPrint: Parsed ZED data, has_gps_time=True
2026-08-20 21:28:22,221 - gpsd_manager - INFO - [Converter] GPSPrint: Returning parsed result
2026-08-20 21:28:23,243 - gpsd_manager - INFO - [Converter] GPSPrint: Parsed ZED data, has_gps_time=True
2026-08-20 21:28:23,243 - gpsd_manager - INFO - [Converter] GPSPrint: Returning parsed result
2026-08-20 21:28:24,194 - gpsd_manager - INFO - [Converter] GPSPrint: Parsed ZED data, has_gps_time=True
2026-08-20 21:28:24,194 - gpsd_manager - INFO - [Converter] GPSPrint: Returning parsed result
2026-08-20 21:28:25,220 - gpsd_manager - INFO - [Converter] GPSPrint: Parsed ZED data, has_gps_time=True
2026-08-20 21:28:25,220 - gpsd_manager - INFO - [Converter] GPSPrint: Returning parsed result
2026-08-20 21:28:26,172 - gpsd_manager - INFO - [Converter] GPSPrint: Parsed ZED data, has_gps_time=True
2026-08-20 21:28:26,172 - gpsd_manager - INFO - [Converter] GPSPrint: Returning parsed result
2026-08-20 21:28:27,196 - gpsd_manager - INFO - [Converter] GPSPrint: Parsed ZED data, has_gps_time=True
2026-08-20 21:28:27,196 - gpsd_manager - INFO - [Converter] GPSPrint: Returning parsed result
2026-08-20 21:28:28,151 - gpsd_manager - INFO - [Converter] GPSPrint: Parsed ZED data, has_gps_time=True
2026-08-20 21:28:28,151 - gpsd_manager - INFO - [Converter] GPSPrint: Returning parsed result
2026-08-20 21:28:29,176 - gpsd_manager - INFO - [Converter] GPSPrint: Parsed ZED data, has_gps_time=True
2026-08-20 21:28:29,176 - gpsd_manager - INFO - [Converter] GPSPrint: Returning parsed result
2026-08-20 21:28:30,222 - gpsd_manager - INFO - [Converter] GPSPrint: Parsed ZED data, has_gps_time=True
2026-08-20 21:28:30,223 - gpsd_manager - INFO - [Converter] GPSPrint: Returning parsed result
2026-08-20 21:28:31,144 - gpsd_manager - INFO - [Converter] GPSPrint: Parsed ZED data, has_gps_time=True
2026-08-20 21:28:31,144 - gpsd_manager - INFO - [Converter] GPSPrint: Returning parsed result
2026-08-20 21:28:32,199 - gpsd_manager - INFO - [Converter] GPSPrint: Parsed ZED data, has_gps_time=True
2026-08-20 21:28:32,200 - gpsd_manager - INFO - [Converter] GPSPrint: Returning parsed result
2026-08-20 21:28:33,227 - gpsd_manager - INFO - [Converter] GPSPrint: Parsed ZED data, has_gps_time=True
2026-08-20 21:28:33,227 - gpsd_manager - INFO - [Converter] GPSPrint: Returning parsed result
2026-08-20 21:28:34,175 - gpsd_manager - INFO - [Converter] GPSPrint: Parsed ZED data, has_gps_time=True
2026-08-20 21:28:34,175 - gpsd_manager - INFO - [Converter] GPSPrint: Returning parsed result
2026-08-20 21:28:35,202 - gpsd_manager - INFO - [Converter] GPSPrint: Parsed ZED data, has_gps_time=True
2026-08-20 21:28:35,202 - gpsd_manager - INFO - [Converter] GPSPrint: Returning parsed result
2026-08-20 21:28:36,261 - gpsd_manager - INFO - [Converter] GPSPrint: Parsed ZED data, has_gps_time=True
2026-08-20 21:28:36,262 - gpsd_manager - INFO - [Converter] GPSPrint: Returning parsed result
2026-08-20 21:28:37,180 - gpsd_manager - INFO - [Converter] GPSPrint: Parsed ZED data, has_gps_time=True
2026-08-20 21:28:37,180 - gpsd_manager - INFO - [Converter] GPSPrint: Returning parsed result
2026-08-20 21:28:38,236 - gpsd_manager - INFO - [Converter] GPSPrint: Parsed ZED data, has_gps_time=True
2026-08-20 21:28:38,236 - gpsd_manager - INFO - [Converter] GPSPrint: Returning parsed result
2026-08-20 21:28:39,162 - gpsd_manager - INFO - [Converter] GPSPrint: Parsed ZED data, has_gps_time=True
2026-08-20 21:28:39,163 - gpsd_manager - INFO - [Converter] GPSPrint: Returning parsed result
2026-08-20 21:28:40,208 - gpsd_manager - INFO - [Converter] GPSPrint: Parsed ZED data, has_gps_time=True
2026-08-20 21:28:40,208 - gpsd_manager - INFO - [Converter] GPSPrint: Returning parsed result
2026-08-20 21:28:42,160 - gpsd_manager - INFO - [Converter] GPSPrint: Parsed ZED data, has_gps_time=True
2026-08-20 21:28:42,160 - gpsd_manager - INFO - [Converter] GPSPrint: Returning parsed result
2026-08-20 21:28:43,182 - gpsd_manager - INFO - [Converter] GPSPrint: Parsed ZED data, has_gps_time=True
2026-08-20 21:28:43,182 - gpsd_manager - INFO - [Converter] GPSPrint: Returning parsed result
2026-08-20 21:28:44,907 - gpsd_manager - INFO - [Converter] GPSPrint: Parsed ZED data, has_gps_time=True
2026-08-20 21:28:44,907 - gpsd_manager - INFO - [Converter] GPSPrint: Returning parsed result
2026-08-20 21:28:46,027 - gpsd_manager - INFO - [Converter] GPSPrint: Parsed ZED data, has_gps_time=True
2026-08-20 21:28:46,027 - gpsd_manager - INFO - [Converter] GPSPrint: Returning parsed result
2026-08-20 21:28:47,052 - gpsd_manager - INFO - [Converter] GPSPrint: Parsed ZED data, has_gps_time=True
2026-08-20 21:28:47,052 - gpsd_manager - INFO - [Converter] GPSPrint: Returning parsed result
2026-08-20 21:28:47,969 - gpsd_manager - INFO - [Converter] GPSPrint: Parsed ZED data, has_gps_time=True
2026-08-20 21:28:47,969 - gpsd_manager - INFO - [Converter] GPSPrint: Returning parsed result
2026-08-20 21:28:49,001 - gpsd_manager - INFO - [Converter] GPSPrint: Parsed ZED data, has_gps_time=True
2026-08-20 21:28:49,002 - gpsd_manager - INFO - [Converter] GPSPrint: Returning parsed result
2026-08-20 21:28:50,025 - gpsd_manager - INFO - [Converter] GPSPrint: Parsed ZED data, has_gps_time=True
2026-08-20 21:28:50,025 - gpsd_manager - INFO - [Converter] GPSPrint: Returning parsed result
2026-08-20 21:28:51,039 - gpsd_manager - INFO - [Converter] GPSPrint: Parsed ZED data, has_gps_time=True
2026-08-20 21:28:51,040 - gpsd_manager - INFO - [Converter] GPSPrint: Returning parsed result
2026-08-20 21:28:52,062 - gpsd_manager - INFO - [Converter] GPSPrint: Parsed ZED data, has_gps_time=True
2026-08-20 21:28:52,062 - gpsd_manager - INFO - [Converter] GPSPrint: Returning parsed result
2026-08-20 21:28:53,224 - gpsd_manager - INFO - [Converter] GPSPrint: Parsed ZED data, has_gps_time=True
2026-08-20 21:28:53,225 - gpsd_manager - INFO - [Converter] GPSPrint: Returning parsed result
2026-08-20 21:28:54,272 - gpsd_manager - INFO - [Converter] GPSPrint: Parsed ZED data, has_gps_time=True
2026-08-20 21:28:54,272 - gpsd_manager - INFO - [Converter] GPSPrint: Returning parsed result
2026-08-20 21:28:55,422 - gpsd_manager - INFO - [Converter] GPSPrint: Parsed ZED data, has_gps_time=True
2026-08-20 21:28:55,422 - gpsd_manager - INFO - [Converter] GPSPrint: Returning parsed result
2026-08-20 21:28:56,380 - gpsd_manager - INFO - [Converter] GPSPrint: Parsed ZED data, has_gps_time=True
2026-08-20 21:28:56,380 - gpsd_manager - INFO - [Converter] GPSPrint: Returning parsed result
2026-08-20 21:28:57,239 - gpsd_manager - INFO - [Converter] GPSPrint: Parsed ZED data, has_gps_time=True
2026-08-20 21:28:57,240 - gpsd_manager - INFO - [Converter] GPSPrint: Returning parsed result
2026-08-20 21:28:58,287 - gpsd_manager - INFO - [Converter] GPSPrint: Parsed ZED data, has_gps_time=True
2026-08-20 21:28:58,287 - gpsd_manager - INFO - [Converter] GPSPrint: Returning parsed result
2026-08-20 21:29:00,142 - gpsd_manager - INFO - [Converter] GPSPrint: Parsed ZED data, has_gps_time=True
2026-08-20 21:29:00,143 - gpsd_manager - INFO - [Converter] GPSPrint: Returning parsed result
2026-08-20 21:29:00,987 - gpsd_manager - INFO - [Converter] GPSPrint: Parsed ZED data, has_gps_time=True
2026-08-20 21:29:00,987 - gpsd_manager - INFO - [Converter] GPSPrint: Returning parsed result
2026-08-20 21:29:02,117 - gpsd_manager - INFO - [Converter] GPSPrint: Parsed ZED data, has_gps_time=True
2026-08-20 21:29:02,118 - gpsd_manager - INFO - [Converter] GPSPrint: Returning parsed result
2026-08-20 21:29:03,167 - gpsd_manager - INFO - [Converter] GPSPrint: Parsed ZED data, has_gps_time=True
2026-08-20 21:29:03,167 - gpsd_manager - INFO - [Converter] GPSPrint: Returning parsed result
2026-08-20 21:29:04,193 - gpsd_manager - INFO - [Converter] GPSPrint: Parsed ZED data, has_gps_time=True
2026-08-20 21:29:04,193 - gpsd_manager - INFO - [Converter] GPSPrint: Returning parsed result
2026-08-20 21:29:05,145 - gpsd_manager - INFO - [Converter] GPSPrint: Parsed ZED data, has_gps_time=True
2026-08-20 21:29:05,145 - gpsd_manager - INFO - [Converter] GPSPrint: Returning parsed result
2026-08-20 21:29:06,167 - gpsd_manager - INFO - [Converter] GPSPrint: Parsed ZED data, has_gps_time=True
2026-08-20 21:29:06,167 - gpsd_manager - INFO - [Converter] GPSPrint: Returning parsed result
2026-08-20 21:29:07,991 - gpsd_manager - INFO - [Converter] GPSPrint: Parsed ZED data, has_gps_time=True
2026-08-20 21:29:07,991 - gpsd_manager - INFO - [Converter] GPSPrint: Returning parsed result
2026-08-20 21:29:09,007 - gpsd_manager - INFO - [Converter] GPSPrint: Parsed ZED data, has_gps_time=True
2026-08-20 21:29:09,007 - gpsd_manager - INFO - [Converter] GPSPrint: Returning parsed result
2026-08-20 21:29:10,036 - gpsd_manager - INFO - [Converter] GPSPrint: Parsed ZED data, has_gps_time=True
2026-08-20 21:29:10,036 - gpsd_manager - INFO - [Converter] GPSPrint: Returning parsed result
2026-08-20 21:29:11,193 - gpsd_manager - INFO - [Converter] GPSPrint: Parsed ZED data, has_gps_time=True
2026-08-20 21:29:11,194 - gpsd_manager - INFO - [Converter] GPSPrint: Returning parsed result
2026-08-20 21:29:13,136 - gpsd_manager - INFO - [Converter] GPSPrint: Parsed ZED data, has_gps_time=True
2026-08-20 21:29:13,136 - gpsd_manager - INFO - [Converter] GPSPrint: Returning parsed result
2026-08-20 21:29:14,090 - gpsd_manager - INFO - [Converter] GPSPrint: Parsed ZED data, has_gps_time=True
2026-08-20 21:29:14,090 - gpsd_manager - INFO - [Converter] GPSPrint: Returning parsed result
2026-08-20 21:29:15,042 - gpsd_manager - INFO - [Converter] GPSPrint: Parsed ZED data, has_gps_time=True
2026-08-20 21:29:15,042 - gpsd_manager - INFO - [Converter] GPSPrint: Returning parsed result
2026-08-20 21:29:16,170 - gpsd_manager - INFO - [Converter] GPSPrint: Parsed ZED data, has_gps_time=True
2026-08-20 21:29:16,170 - gpsd_manager - INFO - [Converter] GPSPrint: Returning parsed result
2026-08-20 21:29:17,221 - gpsd_manager - INFO - [Converter] GPSPrint: Parsed ZED data, has_gps_time=True
2026-08-20 21:29:17,222 - gpsd_manager - INFO - [Converter] GPSPrint: Returning parsed result
2026-08-20 21:29:18,247 - gpsd_manager - INFO - [Converter] GPSPrint: Parsed ZED data, has_gps_time=True
2026-08-20 21:29:18,247 - gpsd_manager - INFO - [Converter] GPSPrint: Returning parsed result
2026-08-20 21:29:19,199 - gpsd_manager - INFO - [Converter] GPSPrint: Parsed ZED data, has_gps_time=True
2026-08-20 21:29:19,199 - gpsd_manager - INFO - [Converter] GPSPrint: Returning parsed result
2026-08-20 21:29:20,153 - gpsd_manager - INFO - [Converter] GPSPrint: Parsed ZED data, has_gps_time=True
2026-08-20 21:29:20,153 - gpsd_manager - INFO - [Converter] GPSPrint: Returning parsed result
2026-08-20 21:29:21,209 - gpsd_manager - INFO - [Converter] GPSPrint: Parsed ZED data, has_gps_time=True
2026-08-20 21:29:21,209 - gpsd_manager - INFO - [Converter] GPSPrint: Returning parsed result
2026-08-20 21:29:22,127 - gpsd_manager - INFO - [Converter] GPSPrint: Parsed ZED data, has_gps_time=True
2026-08-20 21:29:22,127 - gpsd_manager - INFO - [Converter] GPSPrint: Returning parsed result
2026-08-20 21:29:23,181 - gpsd_manager - INFO - [Converter] GPSPrint: Parsed ZED data, has_gps_time=True
2026-08-20 21:29:23,181 - gpsd_manager - INFO - [Converter] GPSPrint: Returning parsed result
2026-08-20 21:29:24,205 - gpsd_manager - INFO - [Converter] GPSPrint: Parsed ZED data, has_gps_time=True
2026-08-20 21:29:24,205 - gpsd_manager - INFO - [Converter] GPSPrint: Returning parsed result
2026-08-20 21:29:25,261 - gpsd_manager - INFO - [Converter] GPSPrint: Parsed ZED data, has_gps_time=True
2026-08-20 21:29:25,261 - gpsd_manager - INFO - [Converter] GPSPrint: Returning parsed result
2026-08-20 21:29:26,183 - gpsd_manager - INFO - [Converter] GPSPrint: Parsed ZED data, has_gps_time=True
2026-08-20 21:29:26,183 - gpsd_manager - INFO - [Converter] GPSPrint: Returning parsed result
2026-08-20 21:29:27,244 - gpsd_manager - INFO - [Converter] GPSPrint: Parsed ZED data, has_gps_time=True
2026-08-20 21:29:27,244 - gpsd_manager - INFO - [Converter] GPSPrint: Returning parsed result
2026-08-20 21:29:28,261 - gpsd_manager - INFO - [Converter] GPSPrint: Parsed ZED data, has_gps_time=True
2026-08-20 21:29:28,262 - gpsd_manager - INFO - [Converter] GPSPrint: Returning parsed result
2026-08-20 21:29:29,215 - gpsd_manager - INFO - [Converter] GPSPrint: Parsed ZED data, has_gps_time=True
2026-08-20 21:29:29,215 - gpsd_manager - INFO - [Converter] GPSPrint: Returning parsed result
2026-08-20 21:29:30,239 - gpsd_manager - INFO - [Converter] GPSPrint: Parsed ZED data, has_gps_time=True
2026-08-20 21:29:30,240 - gpsd_manager - INFO - [Converter] GPSPrint: Returning parsed result
2026-08-20 21:29:32,062 - gpsd_manager - INFO - [Converter] GPSPrint: Parsed ZED data, has_gps_time=True
2026-08-20 21:29:32,062 - gpsd_manager - INFO - [Converter] GPSPrint: Returning parsed result
2026-08-20 21:29:32,982 - gpsd_manager - INFO - [Converter] GPSPrint: Parsed ZED data, has_gps_time=True
2026-08-20 21:29:32,982 - gpsd_manager - INFO - [Converter] GPSPrint: Returning parsed result
2026-08-20 21:29:34,006 - gpsd_manager - INFO - [Converter] GPSPrint: Parsed ZED data, has_gps_time=True
2026-08-20 21:29:34,006 - gpsd_manager - INFO - [Converter] GPSPrint: Returning parsed result
2026-08-20 21:29:35,030 - gpsd_manager - INFO - [Converter] GPSPrint: Parsed ZED data, has_gps_time=True
2026-08-20 21:29:35,030 - gpsd_manager - INFO - [Converter] GPSPrint: Returning parsed result
2026-08-20 21:29:36,056 - gpsd_manager - INFO - [Converter] GPSPrint: Parsed ZED data, has_gps_time=True
2026-08-20 21:29:36,056 - gpsd_manager - INFO - [Converter] GPSPrint: Returning parsed result
2026-08-20 21:29:37,079 - gpsd_manager - INFO - [Converter] GPSPrint: Parsed ZED data, has_gps_time=True
2026-08-20 21:29:37,079 - gpsd_manager - INFO - [Converter] GPSPrint: Returning parsed result
2026-08-20 21:29:38,105 - gpsd_manager - INFO - [Converter] GPSPrint: Parsed ZED data, has_gps_time=True
2026-08-20 21:29:38,105 - gpsd_manager - INFO - [Converter] GPSPrint: Returning parsed result
2026-08-20 21:29:39,026 - gpsd_manager - INFO - [Converter] GPSPrint: Parsed ZED data, has_gps_time=True
2026-08-20 21:29:39,026 - gpsd_manager - INFO - [Converter] GPSPrint: Returning parsed result
2026-08-20 21:29:40,047 - gpsd_manager - INFO - [Converter] GPSPrint: Parsed ZED data, has_gps_time=True
2026-08-20 21:29:40,047 - gpsd_manager - INFO - [Converter] GPSPrint: Returning parsed result
2026-08-20 21:29:41,072 - gpsd_manager - INFO - [Converter] GPSPrint: Parsed ZED data, has_gps_time=True
2026-08-20 21:29:41,072 - gpsd_manager - INFO - [Converter] GPSPrint: Returning parsed result
2026-08-20 21:29:43,120 - gpsd_manager - INFO - [Converter] GPSPrint: Parsed ZED data, has_gps_time=True
2026-08-20 21:29:43,120 - gpsd_manager - INFO - [Converter] GPSPrint: Returning parsed result
2026-08-20 21:29:44,143 - gpsd_manager - INFO - [Converter] GPSPrint: Parsed ZED data, has_gps_time=True
2026-08-20 21:29:44,143 - gpsd_manager - INFO - [Converter] GPSPrint: Returning parsed result
2026-08-20 21:29:45,196 - gpsd_manager - INFO - [Converter] GPSPrint: Parsed ZED data, has_gps_time=True
2026-08-20 21:29:45,196 - gpsd_manager - INFO - [Converter] GPSPrint: Returning parsed result
2026-08-20 21:29:46,219 - gpsd_manager - INFO - [Converter] GPSPrint: Parsed ZED data, has_gps_time=True
2026-08-20 21:29:46,222 - gpsd_manager - INFO - [Converter] GPSPrint: Returning parsed result
2026-08-20 21:29:47,274 - gpsd_manager - INFO - [Converter] GPSPrint: Parsed ZED data, has_gps_time=True
2026-08-20 21:29:47,275 - gpsd_manager - INFO - [Converter] GPSPrint: Returning parsed result
2026-08-20 21:29:49,227 - gpsd_manager - INFO - [Converter] GPSPrint: Parsed ZED data, has_gps_time=True
2026-08-20 21:29:49,227 - gpsd_manager - INFO - [Converter] GPSPrint: Returning parsed result
2026-08-20 21:29:50,077 - gpsd_manager - INFO - [Converter] GPSPrint: Parsed ZED data, has_gps_time=True
2026-08-20 21:29:50,077 - gpsd_manager - INFO - [Converter] GPSPrint: Returning parsed result
2026-08-20 21:29:51,129 - gpsd_manager - INFO - [Converter] GPSPrint: Parsed ZED data, has_gps_time=True
2026-08-20 21:29:51,129 - gpsd_manager - INFO - [Converter] GPSPrint: Returning parsed result
2026-08-20 21:29:52,154 - gpsd_manager - INFO - [Converter] GPSPrint: Parsed ZED data, has_gps_time=True
2026-08-20 21:29:52,154 - gpsd_manager - INFO - [Converter] GPSPrint: Returning parsed result
2026-08-20 21:29:53,213 - gpsd_manager - INFO - [Converter] GPSPrint: Parsed ZED data, has_gps_time=True
2026-08-20 21:29:53,213 - gpsd_manager - INFO - [Converter] GPSPrint: Returning parsed result
2026-08-20 21:29:54,235 - gpsd_manager - INFO - [Converter] GPSPrint: Parsed ZED data, has_gps_time=True
2026-08-20 21:29:54,236 - gpsd_manager - INFO - [Converter] GPSPrint: Returning parsed result
2026-08-20 21:29:55,188 - gpsd_manager - INFO - [Converter] GPSPrint: Parsed ZED data, has_gps_time=True
2026-08-20 21:29:55,188 - gpsd_manager - INFO - [Converter] GPSPrint: Returning parsed result
2026-08-20 21:29:56,214 - gpsd_manager - INFO - [Converter] GPSPrint: Parsed ZED data, has_gps_time=True
2026-08-20 21:29:56,214 - gpsd_manager - INFO - [Converter] GPSPrint: Returning parsed result
2026-08-20 21:29:57,263 - gpsd_manager - INFO - [Converter] GPSPrint: Parsed ZED data, has_gps_time=True
2026-08-20 21:29:57,263 - gpsd_manager - INFO - [Converter] GPSPrint: Returning parsed result
2026-08-20 21:29:58,192 - gpsd_manager - INFO - [Converter] GPSPrint: Parsed ZED data, has_gps_time=True
2026-08-20 21:29:58,192 - gpsd_manager - INFO - [Converter] GPSPrint: Returning parsed result
2026-08-20 21:29:59,244 - gpsd_manager - INFO - [Converter] GPSPrint: Parsed ZED data, has_gps_time=True
2026-08-20 21:29:59,244 - gpsd_manager - INFO - [Converter] GPSPrint: Returning parsed result
2026-08-20 21:30:00,096 - gpsd_manager - INFO - [Converter] GPSPrint: Parsed ZED data, has_gps_time=True
2026-08-20 21:30:00,096 - gpsd_manager - INFO - [Converter] GPSPrint: Returning parsed result
2026-08-20 21:30:01,146 - gpsd_manager - INFO - [Converter] GPSPrint: Parsed ZED data, has_gps_time=True
2026-08-20 21:30:01,146 - gpsd_manager - INFO - [Converter] GPSPrint: Returning parsed result
2026-08-20 21:30:02,178 - gpsd_manager - INFO - [Converter] GPSPrint: Parsed ZED data, has_gps_time=True
2026-08-20 21:30:02,178 - gpsd_manager - INFO - [Converter] GPSPrint: Returning parsed result
2026-08-20 21:30:03,223 - gpsd_manager - INFO - [Converter] GPSPrint: Parsed ZED data, has_gps_time=True
2026-08-20 21:30:03,223 - gpsd_manager - INFO - [Converter] GPSPrint: Returning parsed result
2026-08-20 21:30:04,255 - gpsd_manager - INFO - [Converter] GPSPrint: Parsed ZED data, has_gps_time=True
2026-08-20 21:30:04,255 - gpsd_manager - INFO - [Converter] GPSPrint: Returning parsed result
2026-08-20 21:30:05,201 - gpsd_manager - INFO - [Converter] GPSPrint: Parsed ZED data, has_gps_time=True
2026-08-20 21:30:05,202 - gpsd_manager - INFO - [Converter] GPSPrint: Returning parsed result
2026-08-20 21:30:06,225 - gpsd_manager - INFO - [Converter] GPSPrint: Parsed ZED data, has_gps_time=True
2026-08-20 21:30:06,226 - gpsd_manager - INFO - [Converter] GPSPrint: Returning parsed result
2026-08-20 21:30:07,279 - gpsd_manager - INFO - [Converter] GPSPrint: Parsed ZED data, has_gps_time=True
2026-08-20 21:30:07,279 - gpsd_manager - INFO - [Converter] GPSPrint: Returning parsed result
2026-08-20 21:30:08,209 - gpsd_manager - INFO - [Converter] GPSPrint: Parsed ZED data, has_gps_time=True
2026-08-20 21:30:08,209 - gpsd_manager - INFO - [Converter] GPSPrint: Returning parsed result
2026-08-20 21:30:09,261 - gpsd_manager - INFO - [Converter] GPSPrint: Parsed ZED data, has_gps_time=True
2026-08-20 21:30:09,262 - gpsd_manager - INFO - [Converter] GPSPrint: Returning parsed result
2026-08-20 21:30:10,020 - gpsd_manager - INFO - [Converter] GPSPrint: Parsed ZED data, has_gps_time=True
2026-08-20 21:30:10,020 - gpsd_manager - INFO - [Converter] GPSPrint: Returning parsed result
2026-08-20 21:30:11,173 - gpsd_manager - INFO - [Converter] GPSPrint: Parsed ZED data, has_gps_time=True
2026-08-20 21:30:11,173 - gpsd_manager - INFO - [Converter] GPSPrint: Returning parsed result
2026-08-20 21:30:12,199 - gpsd_manager - INFO - [Converter] GPSPrint: Parsed ZED data, has_gps_time=True
2026-08-20 21:30:12,199 - gpsd_manager - INFO - [Converter] GPSPrint: Returning parsed result
2026-08-20 21:30:13,253 - gpsd_manager - INFO - [Converter] GPSPrint: Parsed ZED data, has_gps_time=True
2026-08-20 21:30:13,253 - gpsd_manager - INFO - [Converter] GPSPrint: Returning parsed result
2026-08-20 21:30:14,173 - gpsd_manager - INFO - [Converter] GPSPrint: Parsed ZED data, has_gps_time=True
2026-08-20 21:30:14,173 - gpsd_manager - INFO - [Converter] GPSPrint: Returning parsed result
2026-08-20 21:30:15,224 - gpsd_manager - INFO - [Converter] GPSPrint: Parsed ZED data, has_gps_time=True
2026-08-20 21:30:15,224 - gpsd_manager - INFO - [Converter] GPSPrint: Returning parsed result
2026-08-20 21:30:16,148 - gpsd_manager - INFO - [Converter] GPSPrint: Parsed ZED data, has_gps_time=True
2026-08-20 21:30:16,148 - gpsd_manager - INFO - [Converter] GPSPrint: Returning parsed result
2026-08-20 21:30:17,206 - gpsd_manager - INFO - [Converter] GPSPrint: Parsed ZED data, has_gps_time=True
2026-08-20 21:30:17,206 - gpsd_manager - INFO - [Converter] GPSPrint: Returning parsed result
2026-08-20 21:30:19,152 - gpsd_manager - INFO - [Converter] GPSPrint: Parsed ZED data, has_gps_time=True
2026-08-20 21:30:19,152 - gpsd_manager - INFO - [Converter] GPSPrint: Returning parsed result
2026-08-20 21:30:20,109 - gpsd_manager - INFO - [Converter] GPSPrint: Parsed ZED data, has_gps_time=True
2026-08-20 21:30:20,109 - gpsd_manager - INFO - [Converter] GPSPrint: Returning parsed result
2026-08-20 21:30:21,164 - gpsd_manager - INFO - [Converter] GPSPrint: Parsed ZED data, has_gps_time=True
2026-08-20 21:30:21,165 - gpsd_manager - INFO - [Converter] GPSPrint: Returning parsed result
2026-08-20 21:30:22,182 - gpsd_manager - INFO - [Converter] GPSPrint: Parsed ZED data, has_gps_time=True
2026-08-20 21:30:22,182 - gpsd_manager - INFO - [Converter] GPSPrint: Returning parsed result
2026-08-20 21:30:23,236 - gpsd_manager - INFO - [Converter] GPSPrint: Parsed ZED data, has_gps_time=True
2026-08-20 21:30:23,236 - gpsd_manager - INFO - [Converter] GPSPrint: Returning parsed result
2026-08-20 21:30:24,259 - gpsd_manager - INFO - [Converter] GPSPrint: Parsed ZED data, has_gps_time=True
2026-08-20 21:30:24,259 - gpsd_manager - INFO - [Converter] GPSPrint: Returning parsed result
2026-08-20 21:30:25,215 - gpsd_manager - INFO - [Converter] GPSPrint: Parsed ZED data, has_gps_time=True
2026-08-20 21:30:25,215 - gpsd_manager - INFO - [Converter] GPSPrint: Returning parsed result
2026-08-20 21:30:26,067 - gpsd_manager - INFO - [Converter] GPSPrint: Parsed ZED data, has_gps_time=True
2026-08-20 21:30:26,068 - gpsd_manager - INFO - [Converter] GPSPrint: Returning parsed result
2026-08-20 21:30:26,894 - gpsd_manager - INFO - [Converter] GPSPrint: Parsed ZED data, has_gps_time=True
2026-08-20 21:30:26,895 - gpsd_manager - INFO - [Converter] GPSPrint: Returning parsed result
2026-08-20 21:30:28,016 - gpsd_manager - INFO - [Converter] GPSPrint: Parsed ZED data, has_gps_time=True
2026-08-20 21:30:28,016 - gpsd_manager - INFO - [Converter] GPSPrint: Returning parsed result
2026-08-20 21:30:29,041 - gpsd_manager - INFO - [Converter] GPSPrint: Parsed ZED data, has_gps_time=True
2026-08-20 21:30:29,042 - gpsd_manager - INFO - [Converter] GPSPrint: Returning parsed result
2026-08-20 21:30:30,066 - gpsd_manager - INFO - [Converter] GPSPrint: Parsed ZED data, has_gps_time=True
2026-08-20 21:30:30,066 - gpsd_manager - INFO - [Converter] GPSPrint: Returning parsed result
2026-08-20 21:30:31,985 - gpsd_manager - INFO - [Converter] GPSPrint: Parsed ZED data, has_gps_time=True
2026-08-20 21:30:31,985 - gpsd_manager - INFO - [Converter] GPSPrint: Returning parsed result
2026-08-20 21:30:33,011 - gpsd_manager - INFO - [Converter] GPSPrint: Parsed ZED data, has_gps_time=True
2026-08-20 21:30:33,011 - gpsd_manager - INFO - [Converter] GPSPrint: Returning parsed result
2026-08-20 21:30:34,033 - gpsd_manager - INFO - [Converter] GPSPrint: Parsed ZED data, has_gps_time=True
2026-08-20 21:30:34,033 - gpsd_manager - INFO - [Converter] GPSPrint: Returning parsed result
2026-08-20 21:30:35,185 - gpsd_manager - INFO - [Converter] GPSPrint: Parsed ZED data, has_gps_time=True
2026-08-20 21:30:35,185 - gpsd_manager - INFO - [Converter] GPSPrint: Returning parsed result
2026-08-20 21:30:36,209 - gpsd_manager - INFO - [Converter] GPSPrint: Parsed ZED data, has_gps_time=True
2026-08-20 21:30:36,209 - gpsd_manager - INFO - [Converter] GPSPrint: Returning parsed result
2026-08-20 21:30:37,165 - gpsd_manager - INFO - [Converter] GPSPrint: Parsed ZED data, has_gps_time=True
2026-08-20 21:30:37,165 - gpsd_manager - INFO - [Converter] GPSPrint: Returning parsed result
2026-08-20 21:30:38,188 - gpsd_manager - INFO - [Converter] GPSPrint: Parsed ZED data, has_gps_time=True
2026-08-20 21:30:38,188 - gpsd_manager - INFO - [Converter] GPSPrint: Returning parsed result
2026-08-20 21:30:39,243 - gpsd_manager - INFO - [Converter] GPSPrint: Parsed ZED data, has_gps_time=True
2026-08-20 21:30:39,243 - gpsd_manager - INFO - [Converter] GPSPrint: Returning parsed result
2026-08-20 21:30:40,260 - gpsd_manager - INFO - [Converter] GPSPrint: Parsed ZED data, has_gps_time=True
2026-08-20 21:30:40,260 - gpsd_manager - INFO - [Converter] GPSPrint: Returning parsed result
2026-08-20 21:30:41,212 - gpsd_manager - INFO - [Converter] GPSPrint: Parsed ZED data, has_gps_time=True
2026-08-20 21:30:41,212 - gpsd_manager - INFO - [Converter] GPSPrint: Returning parsed result
2026-08-20 21:30:42,138 - gpsd_manager - INFO - [Converter] GPSPrint: Parsed ZED data, has_gps_time=True
2026-08-20 21:30:42,138 - gpsd_manager - INFO - [Converter] GPSPrint: Returning parsed result
2026-08-20 21:30:43,196 - gpsd_manager - INFO - [Converter] GPSPrint: Parsed ZED data, has_gps_time=True
2026-08-20 21:30:43,196 - gpsd_manager - INFO - [Converter] GPSPrint: Returning parsed result
2026-08-20 21:30:44,215 - gpsd_manager - INFO - [Converter] GPSPrint: Parsed ZED data, has_gps_time=True
2026-08-20 21:30:44,215 - gpsd_manager - INFO - [Converter] GPSPrint: Returning parsed result
2026-08-20 21:30:45,176 - gpsd_manager - INFO - [Converter] GPSPrint: Parsed ZED data, has_gps_time=True
2026-08-20 21:30:45,177 - gpsd_manager - INFO - [Converter] GPSPrint: Returning parsed result
2026-08-20 21:30:46,192 - gpsd_manager - INFO - [Converter] GPSPrint: Parsed ZED data, has_gps_time=True
2026-08-20 21:30:46,192 - gpsd_manager - INFO - [Converter] GPSPrint: Returning parsed result
2026-08-20 21:30:47,248 - gpsd_manager - INFO - [Converter] GPSPrint: Parsed ZED data, has_gps_time=True
2026-08-20 21:30:47,248 - gpsd_manager - INFO - [Converter] GPSPrint: Returning parsed result
2026-08-20 21:30:48,178 - gpsd_manager - INFO - [Converter] GPSPrint: Parsed ZED data, has_gps_time=True
2026-08-20 21:30:48,178 - gpsd_manager - INFO - [Converter] GPSPrint: Returning parsed result
2026-08-20 21:30:49,232 - gpsd_manager - INFO - [Converter] GPSPrint: Parsed ZED data, has_gps_time=True
2026-08-20 21:30:49,232 - gpsd_manager - INFO - [Converter] GPSPrint: Returning parsed result
2026-08-20 21:30:50,254 - gpsd_manager - INFO - [Converter] GPSPrint: Parsed ZED data, has_gps_time=True
2026-08-20 21:30:50,254 - gpsd_manager - INFO - [Converter] GPSPrint: Returning parsed result
2026-08-20 21:30:51,207 - gpsd_manager - INFO - [Converter] GPSPrint: Parsed ZED data, has_gps_time=True
2026-08-20 21:30:51,207 - gpsd_manager - INFO - [Converter] GPSPrint: Returning parsed result
2026-08-20 21:30:52,125 - gpsd_manager - INFO - [Converter] GPSPrint: Parsed ZED data, has_gps_time=True
2026-08-20 21:30:52,125 - gpsd_manager - INFO - [Converter] GPSPrint: Returning parsed result
2026-08-20 21:30:53,180 - gpsd_manager - INFO - [Converter] GPSPrint: Parsed ZED data, has_gps_time=True
2026-08-20 21:30:53,180 - gpsd_manager - INFO - [Converter] GPSPrint: Returning parsed result
2026-08-20 21:30:54,212 - gpsd_manager - INFO - [Converter] GPSPrint: Parsed ZED data, has_gps_time=True
2026-08-20 21:30:54,212 - gpsd_manager - INFO - [Converter] GPSPrint: Returning parsed result
2026-08-20 21:30:55,262 - gpsd_manager - INFO - [Converter] GPSPrint: Parsed ZED data, has_gps_time=True
2026-08-20 21:30:55,264 - gpsd_manager - INFO - [Converter] GPSPrint: Returning parsed result
2026-08-20 21:30:56,418 - gpsd_manager - INFO - [Converter] GPSPrint: Parsed ZED data, has_gps_time=True
2026-08-20 21:30:56,418 - gpsd_manager - INFO - [Converter] GPSPrint: Returning parsed result
2026-08-20 21:30:57,469 - gpsd_manager - INFO - [Converter] GPSPrint: Parsed ZED data, has_gps_time=True
2026-08-20 21:30:57,470 - gpsd_manager - INFO - [Converter] GPSPrint: Returning parsed result
2026-08-20 21:30:58,326 - gpsd_manager - INFO - [Converter] GPSPrint: Parsed ZED data, has_gps_time=True
2026-08-20 21:30:58,326 - gpsd_manager - INFO - [Converter] GPSPrint: Returning parsed result
2026-08-20 21:30:59,274 - gpsd_manager - INFO - [Converter] GPSPrint: Parsed ZED data, has_gps_time=True
2026-08-20 21:30:59,274 - gpsd_manager - INFO - [Converter] GPSPrint: Returning parsed result
2026-08-20 21:31:00,425 - gpsd_manager - INFO - [Converter] GPSPrint: Parsed ZED data, has_gps_time=True
2026-08-20 21:31:00,425 - gpsd_manager - INFO - [Converter] GPSPrint: Returning parsed result
2026-08-20 21:31:01,387 - gpsd_manager - INFO - [Converter] GPSPrint: Parsed ZED data, has_gps_time=True
2026-08-20 21:31:01,387 - gpsd_manager - INFO - [Converter] GPSPrint: Returning parsed result
2026-08-20 21:31:02,233 - gpsd_manager - INFO - [Converter] GPSPrint: Parsed ZED data, has_gps_time=True
2026-08-20 21:31:02,234 - gpsd_manager - INFO - [Converter] GPSPrint: Returning parsed result
2026-08-20 21:31:03,188 - gpsd_manager - INFO - [Converter] GPSPrint: Parsed ZED data, has_gps_time=True
2026-08-20 21:31:03,188 - gpsd_manager - INFO - [Converter] GPSPrint: Returning parsed result
2026-08-20 21:31:04,450 - gpsd_manager - INFO - [Converter] GPSPrint: Parsed ZED data, has_gps_time=True
2026-08-20 21:31:04,450 - gpsd_manager - INFO - [Converter] GPSPrint: Returning parsed result
2026-08-20 21:31:05,395 - gpsd_manager - INFO - [Converter] GPSPrint: Parsed ZED data, has_gps_time=True
2026-08-20 21:31:05,396 - gpsd_manager - INFO - [Converter] GPSPrint: Returning parsed result
2026-08-20 21:31:06,251 - gpsd_manager - INFO - [Converter] GPSPrint: Parsed ZED data, has_gps_time=True
2026-08-20 21:31:06,251 - gpsd_manager - INFO - [Converter] GPSPrint: Returning parsed result
2026-08-20 21:31:07,304 - gpsd_manager - INFO - [Converter] GPSPrint: Parsed ZED data, has_gps_time=True
2026-08-20 21:31:07,305 - gpsd_manager - INFO - [Converter] GPSPrint: Returning parsed result
2026-08-20 21:31:08,366 - gpsd_manager - INFO - [Converter] GPSPrint: Parsed ZED data, has_gps_time=True
2026-08-20 21:31:08,366 - gpsd_manager - INFO - [Converter] GPSPrint: Returning parsed result
2026-08-20 21:31:09,417 - gpsd_manager - INFO - [Converter] GPSPrint: Parsed ZED data, has_gps_time=True
2026-08-20 21:31:09,417 - gpsd_manager - INFO - [Converter] GPSPrint: Returning parsed result
2026-08-20 21:31:10,275 - gpsd_manager - INFO - [Converter] GPSPrint: Parsed ZED data, has_gps_time=True
2026-08-20 21:31:10,276 - gpsd_manager - INFO - [Converter] GPSPrint: Returning parsed result
2026-08-20 21:31:11,223 - gpsd_manager - INFO - [Converter] GPSPrint: Parsed ZED data, has_gps_time=True
2026-08-20 21:31:11,223 - gpsd_manager - INFO - [Converter] GPSPrint: Returning parsed result
2026-08-20 21:31:12,250 - gpsd_manager - INFO - [Converter] GPSPrint: Parsed ZED data, has_gps_time=True
2026-08-20 21:31:12,250 - gpsd_manager - INFO - [Converter] GPSPrint: Returning parsed result
2026-08-20 21:31:13,371 - gpsd_manager - INFO - [Converter] GPSPrint: Parsed ZED data, has_gps_time=True
2026-08-20 21:31:13,371 - gpsd_manager - INFO - [Converter] GPSPrint: Returning parsed result
2026-08-20 21:31:14,294 - gpsd_manager - INFO - [Converter] GPSPrint: Parsed ZED data, has_gps_time=True
2026-08-20 21:31:14,294 - gpsd_manager - INFO - [Converter] GPSPrint: Returning parsed result
2026-08-20 21:31:15,249 - gpsd_manager - INFO - [Converter] GPSPrint: Parsed ZED data, has_gps_time=True
2026-08-20 21:31:15,249 - gpsd_manager - INFO - [Converter] GPSPrint: Returning parsed result
2026-08-20 21:31:16,102 - gpsd_manager - INFO - [Converter] GPSPrint: Parsed ZED data, has_gps_time=True
2026-08-20 21:31:16,102 - gpsd_manager - INFO - [Converter] GPSPrint: Returning parsed result
2026-08-20 21:31:17,124 - gpsd_manager - INFO - [Converter] GPSPrint: Parsed ZED data, has_gps_time=True
2026-08-20 21:31:17,125 - gpsd_manager - INFO - [Converter] GPSPrint: Returning parsed result
2026-08-20 21:31:18,149 - gpsd_manager - INFO - [Converter] GPSPrint: Parsed ZED data, has_gps_time=True
2026-08-20 21:31:18,149 - gpsd_manager - INFO - [Converter] GPSPrint: Returning parsed result
2026-08-20 21:31:19,304 - gpsd_manager - INFO - [Converter] GPSPrint: Parsed ZED data, has_gps_time=True
2026-08-20 21:31:19,305 - gpsd_manager - INFO - [Converter] GPSPrint: Returning parsed result
2026-08-20 21:31:20,462 - gpsd_manager - INFO - [Converter] GPSPrint: Parsed ZED data, has_gps_time=True
2026-08-20 21:31:20,462 - gpsd_manager - INFO - [Converter] GPSPrint: Returning parsed result
2026-08-20 21:31:21,608 - gpsd_manager - INFO - [Converter] GPSPrint: Parsed ZED data, has_gps_time=True
2026-08-20 21:31:21,608 - gpsd_manager - INFO - [Converter] GPSPrint: Returning parsed result
2026-08-20 21:31:22,665 - gpsd_manager - INFO - [Converter] GPSPrint: Parsed ZED data, has_gps_time=True
2026-08-20 21:31:22,665 - gpsd_manager - INFO - [Converter] GPSPrint: Returning parsed result
2026-08-20 21:31:23,722 - gpsd_manager - INFO - [Converter] GPSPrint: Parsed ZED data, has_gps_time=True
2026-08-20 21:31:23,722 - gpsd_manager - INFO - [Converter] GPSPrint: Returning parsed result
2026-08-20 21:31:24,837 - gpsd_manager - INFO - [Converter] GPSPrint: Parsed ZED data, has_gps_time=True
2026-08-20 21:31:24,837 - gpsd_manager - INFO - [Converter] GPSPrint: Returning parsed result
2026-08-20 21:31:25,868 - gpsd_manager - INFO - [Converter] GPSPrint: Parsed ZED data, has_gps_time=True
2026-08-20 21:31:25,868 - gpsd_manager - INFO - [Converter] GPSPrint: Returning parsed result
2026-08-20 21:31:26,992 - gpsd_manager - INFO - [Converter] GPSPrint: Parsed ZED data, has_gps_time=True
2026-08-20 21:31:26,992 - gpsd_manager - INFO - [Converter] GPSPrint: Returning parsed result
2026-08-20 21:31:28,007 - gpsd_manager - INFO - [Converter] GPSPrint: Parsed ZED data, has_gps_time=True
2026-08-20 21:31:28,007 - gpsd_manager - INFO - [Converter] GPSPrint: Returning parsed result
2026-08-20 21:31:29,039 - gpsd_manager - INFO - [Converter] GPSPrint: Parsed ZED data, has_gps_time=True
2026-08-20 21:31:29,039 - gpsd_manager - INFO - [Converter] GPSPrint: Returning parsed result
2026-08-20 21:31:29,960 - gpsd_manager - INFO - [Converter] GPSPrint: Parsed ZED data, has_gps_time=True
2026-08-20 21:31:29,960 - gpsd_manager - INFO - [Converter] GPSPrint: Returning parsed result
2026-08-20 21:31:30,983 - gpsd_manager - INFO - [Converter] GPSPrint: Parsed ZED data, has_gps_time=True
2026-08-20 21:31:30,983 - gpsd_manager - INFO - [Converter] GPSPrint: Returning parsed result
2026-08-20 21:31:32,005 - gpsd_manager - INFO - [Converter] GPSPrint: Parsed ZED data, has_gps_time=True
2026-08-20 21:31:32,006 - gpsd_manager - INFO - [Converter] GPSPrint: Returning parsed result
2026-08-20 21:31:33,030 - gpsd_manager - INFO - [Converter] GPSPrint: Parsed ZED data, has_gps_time=True
2026-08-20 21:31:33,030 - gpsd_manager - INFO - [Converter] GPSPrint: Returning parsed result
2026-08-20 21:31:33,959 - gpsd_manager - INFO - [Converter] GPSPrint: Parsed ZED data, has_gps_time=True
2026-08-20 21:31:33,960 - gpsd_manager - INFO - [Converter] GPSPrint: Returning parsed result
2026-08-20 21:31:34,983 - gpsd_manager - INFO - [Converter] GPSPrint: Parsed ZED data, has_gps_time=True
2026-08-20 21:31:34,983 - gpsd_manager - INFO - [Converter] GPSPrint: Returning parsed result
2026-08-20 21:31:35,999 - gpsd_manager - INFO - [Converter] GPSPrint: Parsed ZED data, has_gps_time=True
2026-08-20 21:31:35,999 - gpsd_manager - INFO - [Converter] GPSPrint: Returning parsed result
2026-08-20 21:31:37,028 - gpsd_manager - INFO - [Converter] GPSPrint: Parsed ZED data, has_gps_time=True
2026-08-20 21:31:37,028 - gpsd_manager - INFO - [Converter] GPSPrint: Returning parsed result
2026-08-20 21:31:38,053 - gpsd_manager - INFO - [Converter] GPSPrint: Parsed ZED data, has_gps_time=True
2026-08-20 21:31:38,053 - gpsd_manager - INFO - [Converter] GPSPrint: Returning parsed result
2026-08-20 21:31:38,973 - gpsd_manager - INFO - [Converter] GPSPrint: Parsed ZED data, has_gps_time=True
2026-08-20 21:31:38,973 - gpsd_manager - INFO - [Converter] GPSPrint: Returning parsed result
2026-08-20 21:31:40,000 - gpsd_manager - INFO - [Converter] GPSPrint: Parsed ZED data, has_gps_time=True
2026-08-20 21:31:40,001 - gpsd_manager - INFO - [Converter] GPSPrint: Returning parsed result
2026-08-20 21:31:41,026 - gpsd_manager - INFO - [Converter] GPSPrint: Parsed ZED data, has_gps_time=True
2026-08-20 21:31:41,026 - gpsd_manager - INFO - [Converter] GPSPrint: Returning parsed result
2026-08-20 21:31:42,048 - gpsd_manager - INFO - [Converter] GPSPrint: Parsed ZED data, has_gps_time=True
2026-08-20 21:31:42,048 - gpsd_manager - INFO - [Converter] GPSPrint: Returning parsed result
2026-08-20 21:31:43,069 - gpsd_manager - INFO - [Converter] GPSPrint: Parsed ZED data, has_gps_time=True
2026-08-20 21:31:43,069 - gpsd_manager - INFO - [Converter] GPSPrint: Returning parsed result
2026-08-20 21:31:43,992 - gpsd_manager - INFO - [Converter] GPSPrint: Parsed ZED data, has_gps_time=True
2026-08-20 21:31:43,992 - gpsd_manager - INFO - [Converter] GPSPrint: Returning parsed result
2026-08-20 21:31:45,021 - gpsd_manager - INFO - [Converter] GPSPrint: Parsed ZED data, has_gps_time=True
2026-08-20 21:31:45,021 - gpsd_manager - INFO - [Converter] GPSPrint: Returning parsed result
2026-08-20 21:31:46,044 - gpsd_manager - INFO - [Converter] GPSPrint: Parsed ZED data, has_gps_time=True
2026-08-20 21:31:46,045 - gpsd_manager - INFO - [Converter] GPSPrint: Returning parsed result
2026-08-20 21:31:47,061 - gpsd_manager - INFO - [Converter] GPSPrint: Parsed ZED data, has_gps_time=True
2026-08-20 21:31:47,061 - gpsd_manager - INFO - [Converter] GPSPrint: Returning parsed result
2026-08-20 21:31:47,991 - gpsd_manager - INFO - [Converter] GPSPrint: Parsed ZED data, has_gps_time=True
2026-08-20 21:31:47,991 - gpsd_manager - INFO - [Converter] GPSPrint: Returning parsed result
2026-08-20 21:31:49,013 - gpsd_manager - INFO - [Converter] GPSPrint: Parsed ZED data, has_gps_time=True
2026-08-20 21:31:49,013 - gpsd_manager - INFO - [Converter] GPSPrint: Returning parsed result
2026-08-20 21:31:50,040 - gpsd_manager - INFO - [Converter] GPSPrint: Parsed ZED data, has_gps_time=True
2026-08-20 21:31:50,040 - gpsd_manager - INFO - [Converter] GPSPrint: Returning parsed result
2026-08-20 21:31:50,958 - gpsd_manager - INFO - [Converter] GPSPrint: Parsed ZED data, has_gps_time=True
2026-08-20 21:31:50,958 - gpsd_manager - INFO - [Converter] GPSPrint: Returning parsed result
2026-08-20 21:31:52,086 - gpsd_manager - INFO - [Converter] GPSPrint: Parsed ZED data, has_gps_time=True
2026-08-20 21:31:52,086 - gpsd_manager - INFO - [Converter] GPSPrint: Returning parsed result
2026-08-20 21:31:53,108 - gpsd_manager - INFO - [Converter] GPSPrint: Parsed ZED data, has_gps_time=True
2026-08-20 21:31:53,108 - gpsd_manager - INFO - [Converter] GPSPrint: Returning parsed result
2026-08-20 21:31:54,933 - gpsd_manager - INFO - [Converter] GPSPrint: Parsed ZED data, has_gps_time=True
2026-08-20 21:31:54,933 - gpsd_manager - INFO - [Converter] GPSPrint: Returning parsed result
2026-08-20 21:31:56,050 - gpsd_manager - INFO - [Converter] GPSPrint: Parsed ZED data, has_gps_time=True
2026-08-20 21:31:56,050 - gpsd_manager - INFO - [Converter] GPSPrint: Returning parsed result
2026-08-20 21:31:57,079 - gpsd_manager - INFO - [Converter] GPSPrint: Parsed ZED data, has_gps_time=True
2026-08-20 21:31:57,079 - gpsd_manager - INFO - [Converter] GPSPrint: Returning parsed result
2026-08-20 21:31:58,003 - gpsd_manager - INFO - [Converter] GPSPrint: Parsed ZED data, has_gps_time=True
2026-08-20 21:31:58,003 - gpsd_manager - INFO - [Converter] GPSPrint: Returning parsed result
2026-08-20 21:32:00,021 - gpsd_manager - INFO - [Converter] GPSPrint: Parsed ZED data, has_gps_time=True
2026-08-20 21:32:00,021 - gpsd_manager - INFO - [Converter] GPSPrint: Returning parsed result
2026-08-20 21:32:00,939 - gpsd_manager - INFO - [Converter] GPSPrint: Parsed ZED data, has_gps_time=True
2026-08-20 21:32:00,939 - gpsd_manager - INFO - [Converter] GPSPrint: Returning parsed result
2026-08-20 21:32:01,960 - gpsd_manager - INFO - [Converter] GPSPrint: Parsed ZED data, has_gps_time=True
2026-08-20 21:32:01,960 - gpsd_manager - INFO - [Converter] GPSPrint: Returning parsed result
2026-08-20 21:32:02,985 - gpsd_manager - INFO - [Converter] GPSPrint: Parsed ZED data, has_gps_time=True
2026-08-20 21:32:02,985 - gpsd_manager - INFO - [Converter] GPSPrint: Returning parsed result
2026-08-20 21:32:04,013 - gpsd_manager - INFO - [Converter] GPSPrint: Parsed ZED data, has_gps_time=True
2026-08-20 21:32:04,013 - gpsd_manager - INFO - [Converter] GPSPrint: Returning parsed result
2026-08-20 21:32:05,035 - gpsd_manager - INFO - [Converter] GPSPrint: Parsed ZED data, has_gps_time=True
2026-08-20 21:32:05,035 - gpsd_manager - INFO - [Converter] GPSPrint: Returning parsed result
2026-08-20 21:32:06,060 - gpsd_manager - INFO - [Converter] GPSPrint: Parsed ZED data, has_gps_time=True
2026-08-20 21:32:06,060 - gpsd_manager - INFO - [Converter] GPSPrint: Returning parsed result
2026-08-20 21:32:07,088 - gpsd_manager - INFO - [Converter] GPSPrint: Parsed ZED data, has_gps_time=True
2026-08-20 21:32:07,088 - gpsd_manager - INFO - [Converter] GPSPrint: Returning parsed result
2026-08-20 21:32:08,011 - gpsd_manager - INFO - [Converter] GPSPrint: Parsed ZED data, has_gps_time=True
2026-08-20 21:32:08,011 - gpsd_manager - INFO - [Converter] GPSPrint: Returning parsed result
2026-08-20 21:32:09,035 - gpsd_manager - INFO - [Converter] GPSPrint: Parsed ZED data, has_gps_time=True
2026-08-20 21:32:09,035 - gpsd_manager - INFO - [Converter] GPSPrint: Returning parsed result
2026-08-20 21:32:10,057 - gpsd_manager - INFO - [Converter] GPSPrint: Parsed ZED data, has_gps_time=True
2026-08-20 21:32:10,057 - gpsd_manager - INFO - [Converter] GPSPrint: Returning parsed result
2026-08-20 21:32:10,979 - gpsd_manager - INFO - [Converter] GPSPrint: Parsed ZED data, has_gps_time=True
2026-08-20 21:32:10,979 - gpsd_manager - INFO - [Converter] GPSPrint: Returning parsed result
2026-08-20 21:32:11,999 - gpsd_manager - INFO - [Converter] GPSPrint: Parsed ZED data, has_gps_time=True
2026-08-20 21:32:11,999 - gpsd_manager - INFO - [Converter] GPSPrint: Returning parsed result
2026-08-20 21:32:13,023 - gpsd_manager - INFO - [Converter] GPSPrint: Parsed ZED data, has_gps_time=True
2026-08-20 21:32:13,023 - gpsd_manager - INFO - [Converter] GPSPrint: Returning parsed result
2026-08-20 21:32:14,054 - gpsd_manager - INFO - [Converter] GPSPrint: Parsed ZED data, has_gps_time=True
2026-08-20 21:32:14,054 - gpsd_manager - INFO - [Converter] GPSPrint: Returning parsed result
2026-08-20 21:32:15,209 - gpsd_manager - INFO - [Converter] GPSPrint: Parsed ZED data, has_gps_time=True
2026-08-20 21:32:15,209 - gpsd_manager - INFO - [Converter] GPSPrint: Returning parsed result
2026-08-20 21:32:16,228 - gpsd_manager - INFO - [Converter] GPSPrint: Parsed ZED data, has_gps_time=True
2026-08-20 21:32:16,229 - gpsd_manager - INFO - [Converter] GPSPrint: Returning parsed result
2026-08-20 21:32:18,051 - gpsd_manager - INFO - [Converter] GPSPrint: Parsed ZED data, has_gps_time=True
2026-08-20 21:32:18,052 - gpsd_manager - INFO - [Converter] GPSPrint: Returning parsed result
2026-08-20 21:32:19,070 - gpsd_manager - INFO - [Converter] GPSPrint: Parsed ZED data, has_gps_time=True
2026-08-20 21:32:19,070 - gpsd_manager - INFO - [Converter] GPSPrint: Returning parsed result
2026-08-20 21:32:20,000 - gpsd_manager - INFO - [Converter] GPSPrint: Parsed ZED data, has_gps_time=True
2026-08-20 21:32:20,000 - gpsd_manager - INFO - [Converter] GPSPrint: Returning parsed result
2026-08-20 21:32:21,019 - gpsd_manager - INFO - [Converter] GPSPrint: Parsed ZED data, has_gps_time=True
2026-08-20 21:32:21,019 - gpsd_manager - INFO - [Converter] GPSPrint: Returning parsed result
2026-08-20 21:32:22,043 - gpsd_manager - INFO - [Converter] GPSPrint: Parsed ZED data, has_gps_time=True
2026-08-20 21:32:22,043 - gpsd_manager - INFO - [Converter] GPSPrint: Returning parsed result
2026-08-20 21:32:22,972 - gpsd_manager - INFO - [Converter] GPSPrint: Parsed ZED data, has_gps_time=True
2026-08-20 21:32:22,972 - gpsd_manager - INFO - [Converter] GPSPrint: Returning parsed result
2026-08-20 21:32:23,987 - gpsd_manager - INFO - [Converter] GPSPrint: Parsed ZED data, has_gps_time=True
2026-08-20 21:32:23,988 - gpsd_manager - INFO - [Converter] GPSPrint: Returning parsed result
2026-08-20 21:32:25,019 - gpsd_manager - INFO - [Converter] GPSPrint: Parsed ZED data, has_gps_time=True
2026-08-20 21:32:25,019 - gpsd_manager - INFO - [Converter] GPSPrint: Returning parsed result
2026-08-20 21:32:26,932 - gpsd_manager - INFO - [Converter] GPSPrint: Parsed ZED data, has_gps_time=True
2026-08-20 21:32:26,932 - gpsd_manager - INFO - [Converter] GPSPrint: Returning parsed result
2026-08-20 21:32:27,955 - gpsd_manager - INFO - [Converter] GPSPrint: Parsed ZED data, has_gps_time=True
2026-08-20 21:32:27,955 - gpsd_manager - INFO - [Converter] GPSPrint: Returning parsed result
2026-08-20 21:32:28,984 - gpsd_manager - INFO - [Converter] GPSPrint: Parsed ZED data, has_gps_time=True
2026-08-20 21:32:28,984 - gpsd_manager - INFO - [Converter] GPSPrint: Returning parsed result
2026-08-20 21:32:30,011 - gpsd_manager - INFO - [Converter] GPSPrint: Parsed ZED data, has_gps_time=True
2026-08-20 21:32:30,011 - gpsd_manager - INFO - [Converter] GPSPrint: Returning parsed result
2026-08-20 21:32:31,032 - gpsd_manager - INFO - [Converter] GPSPrint: Parsed ZED data, has_gps_time=True
2026-08-20 21:32:31,032 - gpsd_manager - INFO - [Converter] GPSPrint: Returning parsed result
2026-08-20 21:32:32,050 - gpsd_manager - INFO - [Converter] GPSPrint: Parsed ZED data, has_gps_time=True
2026-08-20 21:32:32,050 - gpsd_manager - INFO - [Converter] GPSPrint: Returning parsed result
2026-08-20 21:32:32,983 - gpsd_manager - INFO - [Converter] GPSPrint: Parsed ZED data, has_gps_time=True
2026-08-20 21:32:32,983 - gpsd_manager - INFO - [Converter] GPSPrint: Returning parsed result
2026-08-20 21:32:33,997 - gpsd_manager - INFO - [Converter] GPSPrint: Parsed ZED data, has_gps_time=True
2026-08-20 21:32:33,997 - gpsd_manager - INFO - [Converter] GPSPrint: Returning parsed result
2026-08-20 21:32:35,028 - gpsd_manager - INFO - [Converter] GPSPrint: Parsed ZED data, has_gps_time=True
2026-08-20 21:32:35,028 - gpsd_manager - INFO - [Converter] GPSPrint: Returning parsed result
2026-08-20 21:32:36,048 - gpsd_manager - INFO - [Converter] GPSPrint: Parsed ZED data, has_gps_time=True
2026-08-20 21:32:36,049 - gpsd_manager - INFO - [Converter] GPSPrint: Returning parsed result
2026-08-20 21:32:37,072 - gpsd_manager - INFO - [Converter] GPSPrint: Parsed ZED data, has_gps_time=True
2026-08-20 21:32:37,072 - gpsd_manager - INFO - [Converter] GPSPrint: Returning parsed result
2026-08-20 21:32:38,994 - gpsd_manager - INFO - [Converter] GPSPrint: Parsed ZED data, has_gps_time=True
2026-08-20 21:32:38,994 - gpsd_manager - INFO - [Converter] GPSPrint: Returning parsed result
2026-08-20 21:32:40,014 - gpsd_manager - INFO - [Converter] GPSPrint: Parsed ZED data, has_gps_time=True
2026-08-20 21:32:40,015 - gpsd_manager - INFO - [Converter] GPSPrint: Returning parsed result
2026-08-20 21:32:41,935 - gpsd_manager - INFO - [Converter] GPSPrint: Parsed ZED data, has_gps_time=True
2026-08-20 21:32:41,936 - gpsd_manager - INFO - [Converter] GPSPrint: Returning parsed result
2026-08-20 21:32:43,063 - gpsd_manager - INFO - [Converter] GPSPrint: Parsed ZED data, has_gps_time=True
2026-08-20 21:32:43,063 - gpsd_manager - INFO - [Converter] GPSPrint: Returning parsed result
2026-08-20 21:32:44,087 - gpsd_manager - INFO - [Converter] GPSPrint: Parsed ZED data, has_gps_time=True
2026-08-20 21:32:44,087 - gpsd_manager - INFO - [Converter] GPSPrint: Returning parsed result
2026-08-20 21:32:45,102 - gpsd_manager - INFO - [Converter] GPSPrint: Parsed ZED data, has_gps_time=True
2026-08-20 21:32:45,102 - gpsd_manager - INFO - [Converter] GPSPrint: Returning parsed result
2026-08-20 21:32:46,031 - gpsd_manager - INFO - [Converter] GPSPrint: Parsed ZED data, has_gps_time=True
2026-08-20 21:32:46,032 - gpsd_manager - INFO - [Converter] GPSPrint: Returning parsed result
2026-08-20 21:32:47,946 - gpsd_manager - INFO - [Converter] GPSPrint: Parsed ZED data, has_gps_time=True
2026-08-20 21:32:47,946 - gpsd_manager - INFO - [Converter] GPSPrint: Returning parsed result
2026-08-20 21:32:48,971 - gpsd_manager - INFO - [Converter] GPSPrint: Parsed ZED data, has_gps_time=True
2026-08-20 21:32:48,971 - gpsd_manager - INFO - [Converter] GPSPrint: Returning parsed result
2026-08-20 21:32:49,996 - gpsd_manager - INFO - [Converter] GPSPrint: Parsed ZED data, has_gps_time=True
2026-08-20 21:32:49,997 - gpsd_manager - INFO - [Converter] GPSPrint: Returning parsed result
2026-08-20 21:32:51,019 - gpsd_manager - INFO - [Converter] GPSPrint: Parsed ZED data, has_gps_time=True
2026-08-20 21:32:51,019 - gpsd_manager - INFO - [Converter] GPSPrint: Returning parsed result
2026-08-20 21:32:52,051 - gpsd_manager - INFO - [Converter] GPSPrint: Parsed ZED data, has_gps_time=True
2026-08-20 21:32:52,051 - gpsd_manager - INFO - [Converter] GPSPrint: Returning parsed result
2026-08-20 21:32:52,967 - gpsd_manager - INFO - [Converter] GPSPrint: Parsed ZED data, has_gps_time=True
2026-08-20 21:32:52,967 - gpsd_manager - INFO - [Converter] GPSPrint: Returning parsed result
2026-08-20 21:32:53,998 - gpsd_manager - INFO - [Converter] GPSPrint: Parsed ZED data, has_gps_time=True
2026-08-20 21:32:53,998 - gpsd_manager - INFO - [Converter] GPSPrint: Returning parsed result
2026-08-20 21:32:55,022 - gpsd_manager - INFO - [Converter] GPSPrint: Parsed ZED data, has_gps_time=True
2026-08-20 21:32:55,022 - gpsd_manager - INFO - [Converter] GPSPrint: Returning parsed result
2026-08-20 21:32:56,933 - gpsd_manager - INFO - [Converter] GPSPrint: Parsed ZED data, has_gps_time=True
2026-08-20 21:32:56,933 - gpsd_manager - INFO - [Converter] GPSPrint: Returning parsed result
2026-08-20 21:32:57,959 - gpsd_manager - INFO - [Converter] GPSPrint: Parsed ZED data, has_gps_time=True
2026-08-20 21:32:57,959 - gpsd_manager - INFO - [Converter] GPSPrint: Returning parsed result
2026-08-20 21:32:58,982 - gpsd_manager - INFO - [Converter] GPSPrint: Parsed ZED data, has_gps_time=True
2026-08-20 21:32:58,982 - gpsd_manager - INFO - [Converter] GPSPrint: Returning parsed result
2026-08-20 21:33:00,009 - gpsd_manager - INFO - [Converter] GPSPrint: Parsed ZED data, has_gps_time=True
2026-08-20 21:33:00,009 - gpsd_manager - INFO - [Converter] GPSPrint: Returning parsed result
2026-08-20 21:33:01,034 - gpsd_manager - INFO - [Converter] GPSPrint: Parsed ZED data, has_gps_time=True
2026-08-20 21:33:01,035 - gpsd_manager - INFO - [Converter] GPSPrint: Returning parsed result
2026-08-20 21:33:02,056 - gpsd_manager - INFO - [Converter] GPSPrint: Parsed ZED data, has_gps_time=True
2026-08-20 21:33:02,057 - gpsd_manager - INFO - [Converter] GPSPrint: Returning parsed result
2026-08-20 21:33:03,978 - gpsd_manager - INFO - [Converter] GPSPrint: Parsed ZED data, has_gps_time=True
2026-08-20 21:33:03,978 - gpsd_manager - INFO - [Converter] GPSPrint: Returning parsed result
2026-08-20 21:33:04,999 - gpsd_manager - INFO - [Converter] GPSPrint: Parsed ZED data, has_gps_time=True
2026-08-20 21:33:05,000 - gpsd_manager - INFO - [Converter] GPSPrint: Returning parsed result
2026-08-20 21:33:05,920 - gpsd_manager - INFO - [Converter] GPSPrint: Parsed ZED data, has_gps_time=True
2026-08-20 21:33:05,920 - gpsd_manager - INFO - [Converter] GPSPrint: Returning parsed result
2026-08-20 21:33:06,945 - gpsd_manager - INFO - [Converter] GPSPrint: Parsed ZED data, has_gps_time=True
2026-08-20 21:33:06,945 - gpsd_manager - INFO - [Converter] GPSPrint: Returning parsed result
2026-08-20 21:33:07,968 - gpsd_manager - INFO - [Converter] GPSPrint: Parsed ZED data, has_gps_time=True
2026-08-20 21:33:07,969 - gpsd_manager - INFO - [Converter] GPSPrint: Returning parsed result
2026-08-20 21:33:08,993 - gpsd_manager - INFO - [Converter] GPSPrint: Parsed ZED data, has_gps_time=True
2026-08-20 21:33:08,993 - gpsd_manager - INFO - [Converter] GPSPrint: Returning parsed result
2026-08-20 21:33:10,012 - gpsd_manager - INFO - [Converter] GPSPrint: Parsed ZED data, has_gps_time=True
2026-08-20 21:33:10,012 - gpsd_manager - INFO - [Converter] GPSPrint: Returning parsed result
2026-08-20 21:33:11,036 - gpsd_manager - INFO - [Converter] GPSPrint: Parsed ZED data, has_gps_time=True
2026-08-20 21:33:11,037 - gpsd_manager - INFO - [Converter] GPSPrint: Returning parsed result
2026-08-20 21:33:11,964 - gpsd_manager - INFO - [Converter] GPSPrint: Parsed ZED data, has_gps_time=True
2026-08-20 21:33:11,965 - gpsd_manager - INFO - [Converter] GPSPrint: Returning parsed result
2026-08-20 21:33:12,982 - gpsd_manager - INFO - [Converter] GPSPrint: Parsed ZED data, has_gps_time=True
2026-08-20 21:33:12,983 - gpsd_manager - INFO - [Converter] GPSPrint: Returning parsed result
2026-08-20 21:33:14,015 - gpsd_manager - INFO - [Converter] GPSPrint: Parsed ZED data, has_gps_time=True
2026-08-20 21:33:14,015 - gpsd_manager - INFO - [Converter] GPSPrint: Returning parsed result
2026-08-20 21:33:15,040 - gpsd_manager - INFO - [Converter] GPSPrint: Parsed ZED data, has_gps_time=True
2026-08-20 21:33:15,040 - gpsd_manager - INFO - [Converter] GPSPrint: Returning parsed result
2026-08-20 21:33:15,960 - gpsd_manager - INFO - [Converter] GPSPrint: Parsed ZED data, has_gps_time=True
2026-08-20 21:33:15,960 - gpsd_manager - INFO - [Converter] GPSPrint: Returning parsed result
2026-08-20 21:33:16,985 - gpsd_manager - INFO - [Converter] GPSPrint: Parsed ZED data, has_gps_time=True
2026-08-20 21:33:16,985 - gpsd_manager - INFO - [Converter] GPSPrint: Returning parsed result
2026-08-20 21:33:18,010 - gpsd_manager - INFO - [Converter] GPSPrint: Parsed ZED data, has_gps_time=True
2026-08-20 21:33:18,010 - gpsd_manager - INFO - [Converter] GPSPrint: Returning parsed result
2026-08-20 21:33:19,036 - gpsd_manager - INFO - [Converter] GPSPrint: Parsed ZED data, has_gps_time=True
2026-08-20 21:33:19,036 - gpsd_manager - INFO - [Converter] GPSPrint: Returning parsed result
2026-08-20 21:33:19,953 - gpsd_manager - INFO - [Converter] GPSPrint: Parsed ZED data, has_gps_time=True
2026-08-20 21:33:19,953 - gpsd_manager - INFO - [Converter] GPSPrint: Returning parsed result
2026-08-20 21:33:20,978 - gpsd_manager - INFO - [Converter] GPSPrint: Parsed ZED data, has_gps_time=True
2026-08-20 21:33:20,979 - gpsd_manager - INFO - [Converter] GPSPrint: Returning parsed result
2026-08-20 21:33:22,002 - gpsd_manager - INFO - [Converter] GPSPrint: Parsed ZED data, has_gps_time=True
2026-08-20 21:33:22,002 - gpsd_manager - INFO - [Converter] GPSPrint: Returning parsed result
2026-08-20 21:33:23,023 - gpsd_manager - INFO - [Converter] GPSPrint: Parsed ZED data, has_gps_time=True
2026-08-20 21:33:23,023 - gpsd_manager - INFO - [Converter] GPSPrint: Returning parsed result
2026-08-20 21:33:24,049 - gpsd_manager - INFO - [Converter] GPSPrint: Parsed ZED data, has_gps_time=True
2026-08-20 21:33:24,049 - gpsd_manager - INFO - [Converter] GPSPrint: Returning parsed result
2026-08-20 21:33:24,974 - gpsd_manager - INFO - [Converter] GPSPrint: Parsed ZED data, has_gps_time=True
2026-08-20 21:33:24,975 - gpsd_manager - INFO - [Converter] GPSPrint: Returning parsed result
2026-08-20 21:33:26,098 - gpsd_manager - INFO - [Converter] GPSPrint: Parsed ZED data, has_gps_time=True
2026-08-20 21:33:26,098 - gpsd_manager - INFO - [Converter] GPSPrint: Returning parsed result
2026-08-20 21:33:27,018 - gpsd_manager - INFO - [Converter] GPSPrint: Parsed ZED data, has_gps_time=True
2026-08-20 21:33:27,018 - gpsd_manager - INFO - [Converter] GPSPrint: Returning parsed result
2026-08-20 21:33:28,051 - gpsd_manager - INFO - [Converter] GPSPrint: Parsed ZED data, has_gps_time=True
2026-08-20 21:33:28,051 - gpsd_manager - INFO - [Converter] GPSPrint: Returning parsed result
2026-08-20 21:33:29,075 - gpsd_manager - INFO - [Converter] GPSPrint: Parsed ZED data, has_gps_time=True
2026-08-20 21:33:29,075 - gpsd_manager - INFO - [Converter] GPSPrint: Returning parsed result
2026-08-20 21:33:29,994 - gpsd_manager - INFO - [Converter] GPSPrint: Parsed ZED data, has_gps_time=True
2026-08-20 21:33:29,994 - gpsd_manager - INFO - [Converter] GPSPrint: Returning parsed result
2026-08-20 21:33:31,018 - gpsd_manager - INFO - [Converter] GPSPrint: Parsed ZED data, has_gps_time=True
2026-08-20 21:33:31,019 - gpsd_manager - INFO - [Converter] GPSPrint: Returning parsed result
2026-08-20 21:33:32,041 - gpsd_manager - INFO - [Converter] GPSPrint: Parsed ZED data, has_gps_time=True
2026-08-20 21:33:32,042 - gpsd_manager - INFO - [Converter] GPSPrint: Returning parsed result
2026-08-20 21:33:32,966 - gpsd_manager - INFO - [Converter] GPSPrint: Parsed ZED data, has_gps_time=True
2026-08-20 21:33:32,966 - gpsd_manager - INFO - [Converter] GPSPrint: Returning parsed result
2026-08-20 21:33:33,989 - gpsd_manager - INFO - [Converter] GPSPrint: Parsed ZED data, has_gps_time=True
2026-08-20 21:33:33,989 - gpsd_manager - INFO - [Converter] GPSPrint: Returning parsed result
2026-08-20 21:33:35,013 - gpsd_manager - INFO - [Converter] GPSPrint: Parsed ZED data, has_gps_time=True
2026-08-20 21:33:35,013 - gpsd_manager - INFO - [Converter] GPSPrint: Returning parsed result
2026-08-20 21:33:36,036 - gpsd_manager - INFO - [Converter] GPSPrint: Parsed ZED data, has_gps_time=True
2026-08-20 21:33:36,036 - gpsd_manager - INFO - [Converter] GPSPrint: Returning parsed result
2026-08-20 21:33:38,289 - gpsd_manager - INFO - [Converter] GPSPrint: Parsed ZED data, has_gps_time=True
2026-08-20 21:33:38,289 - gpsd_manager - INFO - [Converter] GPSPrint: Returning parsed result
2026-08-20 21:33:39,433 - gpsd_manager - INFO - [Converter] GPSPrint: Parsed ZED data, has_gps_time=True
2026-08-20 21:33:39,433 - gpsd_manager - INFO - [Converter] GPSPrint: Returning parsed result
2026-08-20 21:33:40,491 - gpsd_manager - INFO - [Converter] GPSPrint: Parsed ZED data, has_gps_time=True
2026-08-20 21:33:40,492 - gpsd_manager - INFO - [Converter] GPSPrint: Returning parsed result
2026-08-20 21:33:41,641 - gpsd_manager - INFO - [Converter] GPSPrint: Parsed ZED data, has_gps_time=True
2026-08-20 21:33:41,641 - gpsd_manager - INFO - [Converter] GPSPrint: Returning parsed result
2026-08-20 21:33:42,695 - gpsd_manager - INFO - [Converter] GPSPrint: Parsed ZED data, has_gps_time=True
2026-08-20 21:33:42,695 - gpsd_manager - INFO - [Converter] GPSPrint: Returning parsed result
2026-08-20 21:33:43,850 - gpsd_manager - INFO - [Converter] GPSPrint: Parsed ZED data, has_gps_time=True
2026-08-20 21:33:43,850 - gpsd_manager - INFO - [Converter] GPSPrint: Returning parsed result
2026-08-20 21:33:44,880 - gpsd_manager - INFO - [Converter] GPSPrint: Parsed ZED data, has_gps_time=True
2026-08-20 21:33:44,880 - gpsd_manager - INFO - [Converter] GPSPrint: Returning parsed result
2026-08-20 21:33:45,993 - gpsd_manager - INFO - [Converter] GPSPrint: Parsed ZED data, has_gps_time=True
2026-08-20 21:33:45,993 - gpsd_manager - INFO - [Converter] GPSPrint: Returning parsed result
2026-08-20 21:33:47,019 - gpsd_manager - INFO - [Converter] GPSPrint: Parsed ZED data, has_gps_time=True
2026-08-20 21:33:47,019 - gpsd_manager - INFO - [Converter] GPSPrint: Returning parsed result
2026-08-20 21:33:47,951 - gpsd_manager - INFO - [Converter] GPSPrint: Parsed ZED data, has_gps_time=True
2026-08-20 21:33:47,951 - gpsd_manager - INFO - [Converter] GPSPrint: Returning parsed result
2026-08-20 21:33:48,975 - gpsd_manager - INFO - [Converter] GPSPrint: Parsed ZED data, has_gps_time=True
2026-08-20 21:33:48,975 - gpsd_manager - INFO - [Converter] GPSPrint: Returning parsed result
2026-08-20 21:33:49,994 - gpsd_manager - INFO - [Converter] GPSPrint: Parsed ZED data, has_gps_time=True
2026-08-20 21:33:49,995 - gpsd_manager - INFO - [Converter] GPSPrint: Returning parsed result
2026-08-20 21:33:51,018 - gpsd_manager - INFO - [Converter] GPSPrint: Parsed ZED data, has_gps_time=True
2026-08-20 21:33:51,019 - gpsd_manager - INFO - [Converter] GPSPrint: Returning parsed result
2026-08-20 21:33:52,038 - gpsd_manager - INFO - [Converter] GPSPrint: Parsed ZED data, has_gps_time=True
2026-08-20 21:33:52,040 - gpsd_manager - INFO - [Converter] GPSPrint: Returning parsed result
2026-08-20 21:33:53,068 - gpsd_manager - INFO - [Converter] GPSPrint: Parsed ZED data, has_gps_time=True
2026-08-20 21:33:53,068 - gpsd_manager - INFO - [Converter] GPSPrint: Returning parsed result
2026-08-20 21:33:53,988 - gpsd_manager - INFO - [Converter] GPSPrint: Parsed ZED data, has_gps_time=True
2026-08-20 21:33:53,988 - gpsd_manager - INFO - [Converter] GPSPrint: Returning parsed result
2026-08-20 21:33:55,010 - gpsd_manager - INFO - [Converter] GPSPrint: Parsed ZED data, has_gps_time=True
2026-08-20 21:33:55,010 - gpsd_manager - INFO - [Converter] GPSPrint: Returning parsed result
2026-08-20 21:33:56,036 - gpsd_manager - INFO - [Converter] GPSPrint: Parsed ZED data, has_gps_time=True
2026-08-20 21:33:56,036 - gpsd_manager - INFO - [Converter] GPSPrint: Returning parsed result
2026-08-20 21:33:57,065 - gpsd_manager - INFO - [Converter] GPSPrint: Parsed ZED data, has_gps_time=True
2026-08-20 21:33:57,065 - gpsd_manager - INFO - [Converter] GPSPrint: Returning parsed result
2026-08-20 21:33:57,991 - gpsd_manager - INFO - [Converter] GPSPrint: Parsed ZED data, has_gps_time=True
2026-08-20 21:33:57,991 - gpsd_manager - INFO - [Converter] GPSPrint: Returning parsed result
2026-08-20 21:33:59,014 - gpsd_manager - INFO - [Converter] GPSPrint: Parsed ZED data, has_gps_time=True
2026-08-20 21:33:59,014 - gpsd_manager - INFO - [Converter] GPSPrint: Returning parsed result
2026-08-20 21:34:00,037 - gpsd_manager - INFO - [Converter] GPSPrint: Parsed ZED data, has_gps_time=True
2026-08-20 21:34:00,038 - gpsd_manager - INFO - [Converter] GPSPrint: Returning parsed result
2026-08-20 21:34:01,060 - gpsd_manager - INFO - [Converter] GPSPrint: Parsed ZED data, has_gps_time=True
2026-08-20 21:34:01,060 - gpsd_manager - INFO - [Converter] GPSPrint: Returning parsed result
2026-08-20 21:34:02,086 - gpsd_manager - INFO - [Converter] GPSPrint: Parsed ZED data, has_gps_time=True
2026-08-20 21:34:02,087 - gpsd_manager - INFO - [Converter] GPSPrint: Returning parsed result
2026-08-20 21:34:03,003 - gpsd_manager - INFO - [Converter] GPSPrint: Parsed ZED data, has_gps_time=True
2026-08-20 21:34:03,003 - gpsd_manager - INFO - [Converter] GPSPrint: Returning parsed result
2026-08-20 21:34:04,034 - gpsd_manager - INFO - [Converter] GPSPrint: Parsed ZED data, has_gps_time=True
2026-08-20 21:34:04,034 - gpsd_manager - INFO - [Converter] GPSPrint: Returning parsed result
2026-08-20 21:34:05,055 - gpsd_manager - INFO - [Converter] GPSPrint: Parsed ZED data, has_gps_time=True
2026-08-20 21:34:05,056 - gpsd_manager - INFO - [Converter] GPSPrint: Returning parsed result
2026-08-20 21:34:06,077 - gpsd_manager - INFO - [Converter] GPSPrint: Parsed ZED data, has_gps_time=True
2026-08-20 21:34:06,078 - gpsd_manager - INFO - [Converter] GPSPrint: Returning parsed result
2026-08-20 21:34:07,007 - gpsd_manager - INFO - [Converter] GPSPrint: Parsed ZED data, has_gps_time=True
2026-08-20 21:34:07,008 - gpsd_manager - INFO - [Converter] GPSPrint: Returning parsed result
2026-08-20 21:34:08,026 - gpsd_manager - INFO - [Converter] GPSPrint: Parsed ZED data, has_gps_time=True
2026-08-20 21:34:08,026 - gpsd_manager - INFO - [Converter] GPSPrint: Returning parsed result
2026-08-20 21:34:09,054 - gpsd_manager - INFO - [Converter] GPSPrint: Parsed ZED data, has_gps_time=True
2026-08-20 21:34:09,054 - gpsd_manager - INFO - [Converter] GPSPrint: Returning parsed result
2026-08-20 21:34:09,978 - gpsd_manager - INFO - [Converter] GPSPrint: Parsed ZED data, has_gps_time=True
2026-08-20 21:34:09,978 - gpsd_manager - INFO - [Converter] GPSPrint: Returning parsed result
2026-08-20 21:34:10,996 - gpsd_manager - INFO - [Converter] GPSPrint: Parsed ZED data, has_gps_time=True
2026-08-20 21:34:10,996 - gpsd_manager - INFO - [Converter] GPSPrint: Returning parsed result
2026-08-20 21:34:12,022 - gpsd_manager - INFO - [Converter] GPSPrint: Parsed ZED data, has_gps_time=True
2026-08-20 21:34:12,022 - gpsd_manager - INFO - [Converter] GPSPrint: Returning parsed result
2026-08-20 21:34:13,043 - gpsd_manager - INFO - [Converter] GPSPrint: Parsed ZED data, has_gps_time=True
2026-08-20 21:34:13,044 - gpsd_manager - INFO - [Converter] GPSPrint: Returning parsed result
2026-08-20 21:34:14,963 - gpsd_manager - INFO - [Converter] GPSPrint: Parsed ZED data, has_gps_time=True
2026-08-20 21:34:14,963 - gpsd_manager - INFO - [Converter] GPSPrint: Returning parsed result
2026-08-20 21:34:15,983 - gpsd_manager - INFO - [Converter] GPSPrint: Parsed ZED data, has_gps_time=True
2026-08-20 21:34:15,983 - gpsd_manager - INFO - [Converter] GPSPrint: Returning parsed result
2026-08-20 21:34:17,015 - gpsd_manager - INFO - [Converter] GPSPrint: Parsed ZED data, has_gps_time=True
2026-08-20 21:34:17,015 - gpsd_manager - INFO - [Converter] GPSPrint: Returning parsed result
2026-08-20 21:34:18,031 - gpsd_manager - INFO - [Converter] GPSPrint: Parsed ZED data, has_gps_time=True
2026-08-20 21:34:18,031 - gpsd_manager - INFO - [Converter] GPSPrint: Returning parsed result
2026-08-20 21:34:18,954 - gpsd_manager - INFO - [Converter] GPSPrint: Parsed ZED data, has_gps_time=True
2026-08-20 21:34:18,954 - gpsd_manager - INFO - [Converter] GPSPrint: Returning parsed result
2026-08-20 21:34:20,079 - gpsd_manager - INFO - [Converter] GPSPrint: Parsed ZED data, has_gps_time=True
2026-08-20 21:34:20,079 - gpsd_manager - INFO - [Converter] GPSPrint: Returning parsed result
2026-08-20 21:34:21,104 - gpsd_manager - INFO - [Converter] GPSPrint: Parsed ZED data, has_gps_time=True
2026-08-20 21:34:21,104 - gpsd_manager - INFO - [Converter] GPSPrint: Returning parsed result
2026-08-20 21:34:22,924 - gpsd_manager - INFO - [Converter] GPSPrint: Parsed ZED data, has_gps_time=True
2026-08-20 21:34:22,924 - gpsd_manager - INFO - [Converter] GPSPrint: Returning parsed result
2026-08-20 21:34:24,045 - gpsd_manager - INFO - [Converter] GPSPrint: Parsed ZED data, has_gps_time=True
2026-08-20 21:34:24,045 - gpsd_manager - INFO - [Converter] GPSPrint: Returning parsed result
2026-08-20 21:34:25,070 - gpsd_manager - INFO - [Converter] GPSPrint: Parsed ZED data, has_gps_time=True
2026-08-20 21:34:25,071 - gpsd_manager - INFO - [Converter] GPSPrint: Returning parsed result
2026-08-20 21:34:26,000 - gpsd_manager - INFO - [Converter] GPSPrint: Parsed ZED data, has_gps_time=True
2026-08-20 21:34:26,000 - gpsd_manager - INFO - [Converter] GPSPrint: Returning parsed result
2026-08-20 21:34:27,015 - gpsd_manager - INFO - [Converter] GPSPrint: Parsed ZED data, has_gps_time=True
2026-08-20 21:34:27,015 - gpsd_manager - INFO - [Converter] GPSPrint: Returning parsed result
2026-08-20 21:34:28,038 - gpsd_manager - INFO - [Converter] GPSPrint: Parsed ZED data, has_gps_time=True
2026-08-20 21:34:28,038 - gpsd_manager - INFO - [Converter] GPSPrint: Returning parsed result
2026-08-20 21:34:29,065 - gpsd_manager - INFO - [Converter] GPSPrint: Parsed ZED data, has_gps_time=True
2026-08-20 21:34:29,065 - gpsd_manager - INFO - [Converter] GPSPrint: Returning parsed result
2026-08-20 21:34:29,992 - gpsd_manager - INFO - [Converter] GPSPrint: Parsed ZED data, has_gps_time=True
2026-08-20 21:34:29,992 - gpsd_manager - INFO - [Converter] GPSPrint: Returning parsed result
2026-08-20 21:34:31,013 - gpsd_manager - INFO - [Converter] GPSPrint: Parsed ZED data, has_gps_time=True
2026-08-20 21:34:31,013 - gpsd_manager - INFO - [Converter] GPSPrint: Returning parsed result
2026-08-20 21:34:32,040 - gpsd_manager - INFO - [Converter] GPSPrint: Parsed ZED data, has_gps_time=True
2026-08-20 21:34:32,040 - gpsd_manager - INFO - [Converter] GPSPrint: Returning parsed result
2026-08-20 21:34:33,063 - gpsd_manager - INFO - [Converter] GPSPrint: Parsed ZED data, has_gps_time=True
2026-08-20 21:34:33,063 - gpsd_manager - INFO - [Converter] GPSPrint: Returning parsed result
2026-08-20 21:34:34,089 - gpsd_manager - INFO - [Converter] GPSPrint: Parsed ZED data, has_gps_time=True
2026-08-20 21:34:34,089 - gpsd_manager - INFO - [Converter] GPSPrint: Returning parsed result
2026-08-20 21:34:35,008 - gpsd_manager - INFO - [Converter] GPSPrint: Parsed ZED data, has_gps_time=True
2026-08-20 21:34:35,008 - gpsd_manager - INFO - [Converter] GPSPrint: Returning parsed result
2026-08-20 21:34:36,034 - gpsd_manager - INFO - [Converter] GPSPrint: Parsed ZED data, has_gps_time=True
2026-08-20 21:34:36,036 - gpsd_manager - INFO - [Converter] GPSPrint: Returning parsed result
2026-08-20 21:34:37,057 - gpsd_manager - INFO - [Converter] GPSPrint: Parsed ZED data, has_gps_time=True
2026-08-20 21:34:37,058 - gpsd_manager - INFO - [Converter] GPSPrint: Returning parsed result
2026-08-20 21:34:38,076 - gpsd_manager - INFO - [Converter] GPSPrint: Parsed ZED data, has_gps_time=True
2026-08-20 21:34:38,076 - gpsd_manager - INFO - [Converter] GPSPrint: Returning parsed result
2026-08-20 21:34:39,002 - gpsd_manager - INFO - [Converter] GPSPrint: Parsed ZED data, has_gps_time=True
2026-08-20 21:34:39,002 - gpsd_manager - INFO - [Converter] GPSPrint: Returning parsed result
2026-08-20 21:34:40,028 - gpsd_manager - INFO - [Converter] GPSPrint: Parsed ZED data, has_gps_time=True
2026-08-20 21:34:40,029 - gpsd_manager - INFO - [Converter] GPSPrint: Returning parsed result
2026-08-20 21:34:41,049 - gpsd_manager - INFO - [Converter] GPSPrint: Parsed ZED data, has_gps_time=True
2026-08-20 21:34:41,049 - gpsd_manager - INFO - [Converter] GPSPrint: Returning parsed result
2026-08-20 21:34:41,981 - gpsd_manager - INFO - [Converter] GPSPrint: Parsed ZED data, has_gps_time=True
2026-08-20 21:34:41,982 - gpsd_manager - INFO - [Converter] GPSPrint: Returning parsed result
2026-08-20 21:34:42,998 - gpsd_manager - INFO - [Converter] GPSPrint: Parsed ZED data, has_gps_time=True
2026-08-20 21:34:42,998 - gpsd_manager - INFO - [Converter] GPSPrint: Returning parsed result
2026-08-20 21:34:44,022 - gpsd_manager - INFO - [Converter] GPSPrint: Parsed ZED data, has_gps_time=True
2026-08-20 21:34:44,022 - gpsd_manager - INFO - [Converter] GPSPrint: Returning parsed result
2026-08-20 21:34:45,946 - gpsd_manager - INFO - [Converter] GPSPrint: Parsed ZED data, has_gps_time=True
2026-08-20 21:34:45,947 - gpsd_manager - INFO - [Converter] GPSPrint: Returning parsed result
2026-08-20 21:34:46,964 - gpsd_manager - INFO - [Converter] GPSPrint: Parsed ZED data, has_gps_time=True
2026-08-20 21:34:46,964 - gpsd_manager - INFO - [Converter] GPSPrint: Returning parsed result
2026-08-20 21:34:47,994 - gpsd_manager - INFO - [Converter] GPSPrint: Parsed ZED data, has_gps_time=True
2026-08-20 21:34:47,994 - gpsd_manager - INFO - [Converter] GPSPrint: Returning parsed result
2026-08-20 21:34:49,010 - gpsd_manager - INFO - [Converter] GPSPrint: Parsed ZED data, has_gps_time=True
2026-08-20 21:34:49,010 - gpsd_manager - INFO - [Converter] GPSPrint: Returning parsed result
2026-08-20 21:34:50,043 - gpsd_manager - INFO - [Converter] GPSPrint: Parsed ZED data, has_gps_time=True
2026-08-20 21:34:50,044 - gpsd_manager - INFO - [Converter] GPSPrint: Returning parsed result
2026-08-20 21:34:51,062 - gpsd_manager - INFO - [Converter] GPSPrint: Parsed ZED data, has_gps_time=True
2026-08-20 21:34:51,062 - gpsd_manager - INFO - [Converter] GPSPrint: Returning parsed result
2026-08-20 21:34:51,990 - gpsd_manager - INFO - [Converter] GPSPrint: Parsed ZED data, has_gps_time=True
2026-08-20 21:34:51,990 - gpsd_manager - INFO - [Converter] GPSPrint: Returning parsed result
2026-08-20 21:34:53,012 - gpsd_manager - INFO - [Converter] GPSPrint: Parsed ZED data, has_gps_time=True
2026-08-20 21:34:53,012 - gpsd_manager - INFO - [Converter] GPSPrint: Returning parsed result
2026-08-20 21:34:54,031 - gpsd_manager - INFO - [Converter] GPSPrint: Parsed ZED data, has_gps_time=True
2026-08-20 21:34:54,032 - gpsd_manager - INFO - [Converter] GPSPrint: Returning parsed result
2026-08-20 21:34:55,059 - gpsd_manager - INFO - [Converter] GPSPrint: Parsed ZED data, has_gps_time=True
2026-08-20 21:34:55,059 - gpsd_manager - INFO - [Converter] GPSPrint: Returning parsed result
2026-08-20 21:34:55,983 - gpsd_manager - INFO - [Converter] GPSPrint: Parsed ZED data, has_gps_time=True
2026-08-20 21:34:55,983 - gpsd_manager - INFO - [Converter] GPSPrint: Returning parsed result
2026-08-20 21:34:57,010 - gpsd_manager - INFO - [Converter] GPSPrint: Parsed ZED data, has_gps_time=True
2026-08-20 21:34:57,010 - gpsd_manager - INFO - [Converter] GPSPrint: Returning parsed result
2026-08-20 21:34:58,033 - gpsd_manager - INFO - [Converter] GPSPrint: Parsed ZED data, has_gps_time=True
2026-08-20 21:34:58,033 - gpsd_manager - INFO - [Converter] GPSPrint: Returning parsed result
2026-08-20 21:34:58,952 - gpsd_manager - INFO - [Converter] GPSPrint: Parsed ZED data, has_gps_time=True
2026-08-20 21:34:58,952 - gpsd_manager - INFO - [Converter] GPSPrint: Returning parsed result
2026-08-20 21:34:59,983 - gpsd_manager - INFO - [Converter] GPSPrint: Parsed ZED data, has_gps_time=True
2026-08-20 21:34:59,983 - gpsd_manager - INFO - [Converter] GPSPrint: Returning parsed result
2026-08-20 21:35:01,000 - gpsd_manager - INFO - [Converter] GPSPrint: Parsed ZED data, has_gps_time=True
2026-08-20 21:35:01,000 - gpsd_manager - INFO - [Converter] GPSPrint: Returning parsed result
2026-08-20 21:35:02,030 - gpsd_manager - INFO - [Converter] GPSPrint: Parsed ZED data, has_gps_time=True
2026-08-20 21:35:02,030 - gpsd_manager - INFO - [Converter] GPSPrint: Returning parsed result
2026-08-20 21:35:03,943 - gpsd_manager - INFO - [Converter] GPSPrint: Parsed ZED data, has_gps_time=True
2026-08-20 21:35:03,943 - gpsd_manager - INFO - [Converter] GPSPrint: Returning parsed result
2026-08-20 21:35:04,972 - gpsd_manager - INFO - [Converter] GPSPrint: Parsed ZED data, has_gps_time=True
2026-08-20 21:35:04,972 - gpsd_manager - INFO - [Converter] GPSPrint: Returning parsed result
2026-08-20 21:35:05,994 - gpsd_manager - INFO - [Converter] GPSPrint: Parsed ZED data, has_gps_time=True
2026-08-20 21:35:05,994 - gpsd_manager - INFO - [Converter] GPSPrint: Returning parsed result
2026-08-20 21:35:07,019 - gpsd_manager - INFO - [Converter] GPSPrint: Parsed ZED data, has_gps_time=True
2026-08-20 21:35:07,019 - gpsd_manager - INFO - [Converter] GPSPrint: Returning parsed result
2026-08-20 21:35:08,041 - gpsd_manager - INFO - [Converter] GPSPrint: Parsed ZED data, has_gps_time=True
2026-08-20 21:35:08,041 - gpsd_manager - INFO - [Converter] GPSPrint: Returning parsed result
2026-08-20 21:35:09,061 - gpsd_manager - INFO - [Converter] GPSPrint: Parsed ZED data, has_gps_time=True
2026-08-20 21:35:09,061 - gpsd_manager - INFO - [Converter] GPSPrint: Returning parsed result
2026-08-20 21:35:10,094 - gpsd_manager - INFO - [Converter] GPSPrint: Parsed ZED data, has_gps_time=True
2026-08-20 21:35:10,095 - gpsd_manager - INFO - [Converter] GPSPrint: Returning parsed result
2026-08-20 21:35:13,001 - gpsd_manager - INFO - [Converter] GPSPrint: Parsed ZED data, has_gps_time=True
2026-08-20 21:35:13,001 - gpsd_manager - INFO - [Converter] GPSPrint: Returning parsed result
2026-08-20 21:35:14,031 - gpsd_manager - INFO - [Converter] GPSPrint: Parsed ZED data, has_gps_time=True
2026-08-20 21:35:14,031 - gpsd_manager - INFO - [Converter] GPSPrint: Returning parsed result
2026-08-20 21:35:15,052 - gpsd_manager - INFO - [Converter] GPSPrint: Parsed ZED data, has_gps_time=True
2026-08-20 21:35:15,053 - gpsd_manager - INFO - [Converter] GPSPrint: Returning parsed result
2026-08-20 21:35:16,071 - gpsd_manager - INFO - [Converter] GPSPrint: Parsed ZED data, has_gps_time=True
2026-08-20 21:35:16,072 - gpsd_manager - INFO - [Converter] GPSPrint: Returning parsed result
2026-08-20 21:35:17,000 - gpsd_manager - INFO - [Converter] GPSPrint: Parsed ZED data, has_gps_time=True
2026-08-20 21:35:17,000 - gpsd_manager - INFO - [Converter] GPSPrint: Returning parsed result
2026-08-20 21:35:18,022 - gpsd_manager - INFO - [Converter] GPSPrint: Parsed ZED data, has_gps_time=True
2026-08-20 21:35:18,023 - gpsd_manager - INFO - [Converter] GPSPrint: Returning parsed result
2026-08-20 21:35:19,050 - gpsd_manager - INFO - [Converter] GPSPrint: Parsed ZED data, has_gps_time=True
2026-08-20 21:35:19,050 - gpsd_manager - INFO - [Converter] GPSPrint: Returning parsed result
2026-08-20 21:35:20,069 - gpsd_manager - INFO - [Converter] GPSPrint: Parsed ZED data, has_gps_time=True
2026-08-20 21:35:20,069 - gpsd_manager - INFO - [Converter] GPSPrint: Returning parsed result
2026-08-20 21:35:20,990 - gpsd_manager - INFO - [Converter] GPSPrint: Parsed ZED data, has_gps_time=True
2026-08-20 21:35:20,990 - gpsd_manager - INFO - [Converter] GPSPrint: Returning parsed result
2026-08-20 21:35:22,015 - gpsd_manager - INFO - [Converter] GPSPrint: Parsed ZED data, has_gps_time=True
2026-08-20 21:35:22,016 - gpsd_manager - INFO - [Converter] GPSPrint: Returning parsed result
2026-08-20 21:35:23,047 - gpsd_manager - INFO - [Converter] GPSPrint: Parsed ZED data, has_gps_time=True
2026-08-20 21:35:23,047 - gpsd_manager - INFO - [Converter] GPSPrint: Returning parsed result
2026-08-20 21:35:24,071 - gpsd_manager - INFO - [Converter] GPSPrint: Parsed ZED data, has_gps_time=True
2026-08-20 21:35:24,072 - gpsd_manager - INFO - [Converter] GPSPrint: Returning parsed result
2026-08-20 21:35:25,093 - gpsd_manager - INFO - [Converter] GPSPrint: Parsed ZED data, has_gps_time=True
2026-08-20 21:35:25,093 - gpsd_manager - INFO - [Converter] GPSPrint: Returning parsed result
2026-08-20 21:35:26,018 - gpsd_manager - INFO - [Converter] GPSPrint: Parsed ZED data, has_gps_time=True
2026-08-20 21:35:26,018 - gpsd_manager - INFO - [Converter] GPSPrint: Returning parsed result
2026-08-20 21:35:27,043 - gpsd_manager - INFO - [Converter] GPSPrint: Parsed ZED data, has_gps_time=True
2026-08-20 21:35:27,043 - gpsd_manager - INFO - [Converter] GPSPrint: Returning parsed result
2026-08-20 21:35:28,066 - gpsd_manager - INFO - [Converter] GPSPrint: Parsed ZED data, has_gps_time=True
2026-08-20 21:35:28,066 - gpsd_manager - INFO - [Converter] GPSPrint: Returning parsed result
2026-08-20 21:35:29,082 - gpsd_manager - INFO - [Converter] GPSPrint: Parsed ZED data, has_gps_time=True
2026-08-20 21:35:29,082 - gpsd_manager - INFO - [Converter] GPSPrint: Returning parsed result
2026-08-20 21:35:30,008 - gpsd_manager - INFO - [Converter] GPSPrint: Parsed ZED data, has_gps_time=True
2026-08-20 21:35:30,008 - gpsd_manager - INFO - [Converter] GPSPrint: Returning parsed result
2026-08-20 21:35:31,033 - gpsd_manager - INFO - [Converter] GPSPrint: Parsed ZED data, has_gps_time=True
2026-08-20 21:35:31,033 - gpsd_manager - INFO - [Converter] GPSPrint: Returning parsed result
2026-08-20 21:35:32,057 - gpsd_manager - INFO - [Converter] GPSPrint: Parsed ZED data, has_gps_time=True
2026-08-20 21:35:32,057 - gpsd_manager - INFO - [Converter] GPSPrint: Returning parsed result
2026-08-20 21:35:33,088 - gpsd_manager - INFO - [Converter] GPSPrint: Parsed ZED data, has_gps_time=True
2026-08-20 21:35:33,089 - gpsd_manager - INFO - [Converter] GPSPrint: Returning parsed result
2026-08-20 21:35:34,107 - gpsd_manager - INFO - [Converter] GPSPrint: Parsed ZED data, has_gps_time=True
2026-08-20 21:35:34,107 - gpsd_manager - INFO - [Converter] GPSPrint: Returning parsed result
2026-08-20 21:35:35,031 - gpsd_manager - INFO - [Converter] GPSPrint: Parsed ZED data, has_gps_time=True
2026-08-20 21:35:35,031 - gpsd_manager - INFO - [Converter] GPSPrint: Returning parsed result
2026-08-20 21:35:36,053 - gpsd_manager - INFO - [Converter] GPSPrint: Parsed ZED data, has_gps_time=True
2026-08-20 21:35:36,053 - gpsd_manager - INFO - [Converter] GPSPrint: Returning parsed result
2026-08-20 21:35:37,083 - gpsd_manager - INFO - [Converter] GPSPrint: Parsed ZED data, has_gps_time=True
2026-08-20 21:35:37,083 - gpsd_manager - INFO - [Converter] GPSPrint: Returning parsed result
2026-08-20 21:35:38,005 - gpsd_manager - INFO - [Converter] GPSPrint: Parsed ZED data, has_gps_time=True
2026-08-20 21:35:38,005 - gpsd_manager - INFO - [Converter] GPSPrint: Returning parsed result
2026-08-20 21:35:39,030 - gpsd_manager - INFO - [Converter] GPSPrint: Parsed ZED data, has_gps_time=True
2026-08-20 21:35:39,030 - gpsd_manager - INFO - [Converter] GPSPrint: Returning parsed result
2026-08-20 21:35:40,056 - gpsd_manager - INFO - [Converter] GPSPrint: Parsed ZED data, has_gps_time=True
2026-08-20 21:35:40,056 - gpsd_manager - INFO - [Converter] GPSPrint: Returning parsed result
2026-08-20 21:35:41,071 - gpsd_manager - INFO - [Converter] GPSPrint: Parsed ZED data, has_gps_time=True
2026-08-20 21:35:41,072 - gpsd_manager - INFO - [Converter] GPSPrint: Returning parsed result
2026-08-20 21:35:42,002 - gpsd_manager - INFO - [Converter] GPSPrint: Parsed ZED data, has_gps_time=True
2026-08-20 21:35:42,002 - gpsd_manager - INFO - [Converter] GPSPrint: Returning parsed result
2026-08-20 21:35:43,019 - gpsd_manager - INFO - [Converter] GPSPrint: Parsed ZED data, has_gps_time=True
2026-08-20 21:35:43,019 - gpsd_manager - INFO - [Converter] GPSPrint: Returning parsed result
2026-08-20 21:35:43,948 - gpsd_manager - INFO - [Converter] GPSPrint: Parsed ZED data, has_gps_time=True
2026-08-20 21:35:43,948 - gpsd_manager - INFO - [Converter] GPSPrint: Returning parsed result
2026-08-20 21:35:44,971 - gpsd_manager - INFO - [Converter] GPSPrint: Parsed ZED data, has_gps_time=True
2026-08-20 21:35:44,971 - gpsd_manager - INFO - [Converter] GPSPrint: Returning parsed result
2026-08-20 21:35:45,995 - gpsd_manager - INFO - [Converter] GPSPrint: Parsed ZED data, has_gps_time=True
2026-08-20 21:35:45,996 - gpsd_manager - INFO - [Converter] GPSPrint: Returning parsed result
2026-08-20 21:35:47,018 - gpsd_manager - INFO - [Converter] GPSPrint: Parsed ZED data, has_gps_time=True
2026-08-20 21:35:47,018 - gpsd_manager - INFO - [Converter] GPSPrint: Returning parsed result
2026-08-20 21:35:48,046 - gpsd_manager - INFO - [Converter] GPSPrint: Parsed ZED data, has_gps_time=True
2026-08-20 21:35:48,046 - gpsd_manager - INFO - [Converter] GPSPrint: Returning parsed result
2026-08-20 21:35:48,962 - gpsd_manager - INFO - [Converter] GPSPrint: Parsed ZED data, has_gps_time=True
2026-08-20 21:35:48,962 - gpsd_manager - INFO - [Converter] GPSPrint: Returning parsed result
2026-08-20 21:35:49,991 - gpsd_manager - INFO - [Converter] GPSPrint: Parsed ZED data, has_gps_time=True
2026-08-20 21:35:49,991 - gpsd_manager - INFO - [Converter] GPSPrint: Returning parsed result
2026-08-20 21:35:51,010 - gpsd_manager - INFO - [Converter] GPSPrint: Parsed ZED data, has_gps_time=True
2026-08-20 21:35:51,010 - gpsd_manager - INFO - [Converter] GPSPrint: Returning parsed result
2026-08-20 21:35:52,035 - gpsd_manager - INFO - [Converter] GPSPrint: Parsed ZED data, has_gps_time=True
2026-08-20 21:35:52,035 - gpsd_manager - INFO - [Converter] GPSPrint: Returning parsed result
2026-08-20 21:35:52,964 - gpsd_manager - INFO - [Converter] GPSPrint: Parsed ZED data, has_gps_time=True
2026-08-20 21:35:52,964 - gpsd_manager - INFO - [Converter] GPSPrint: Returning parsed result
2026-08-20 21:35:53,990 - gpsd_manager - INFO - [Converter] GPSPrint: Parsed ZED data, has_gps_time=True
2026-08-20 21:35:53,990 - gpsd_manager - INFO - [Converter] GPSPrint: Returning parsed result
2026-08-20 21:35:55,008 - gpsd_manager - INFO - [Converter] GPSPrint: Parsed ZED data, has_gps_time=True
2026-08-20 21:35:55,008 - gpsd_manager - INFO - [Converter] GPSPrint: Returning parsed result
2026-08-20 21:35:56,029 - gpsd_manager - INFO - [Converter] GPSPrint: Parsed ZED data, has_gps_time=True
2026-08-20 21:35:56,029 - gpsd_manager - INFO - [Converter] GPSPrint: Returning parsed result
2026-08-20 21:35:57,056 - gpsd_manager - INFO - [Converter] GPSPrint: Parsed ZED data, has_gps_time=True
2026-08-20 21:35:57,057 - gpsd_manager - INFO - [Converter] GPSPrint: Returning parsed result
2026-08-20 21:35:57,978 - gpsd_manager - INFO - [Converter] GPSPrint: Parsed ZED data, has_gps_time=True
2026-08-20 21:35:57,978 - gpsd_manager - INFO - [Converter] GPSPrint: Returning parsed result
2026-08-20 21:35:59,004 - gpsd_manager - INFO - [Converter] GPSPrint: Parsed ZED data, has_gps_time=True
2026-08-20 21:35:59,004 - gpsd_manager - INFO - [Converter] GPSPrint: Returning parsed result
2026-08-20 21:36:00,028 - gpsd_manager - INFO - [Converter] GPSPrint: Parsed ZED data, has_gps_time=True
2026-08-20 21:36:00,028 - gpsd_manager - INFO - [Converter] GPSPrint: Returning parsed result
2026-08-20 21:36:01,056 - gpsd_manager - INFO - [Converter] GPSPrint: Parsed ZED data, has_gps_time=True
2026-08-20 21:36:01,056 - gpsd_manager - INFO - [Converter] GPSPrint: Returning parsed result
2026-08-20 21:36:01,976 - gpsd_manager - INFO - [Converter] GPSPrint: Parsed ZED data, has_gps_time=True
2026-08-20 21:36:01,977 - gpsd_manager - INFO - [Converter] GPSPrint: Returning parsed result
2026-08-20 21:36:02,997 - gpsd_manager - INFO - [Converter] GPSPrint: Parsed ZED data, has_gps_time=True
2026-08-20 21:36:02,997 - gpsd_manager - INFO - [Converter] GPSPrint: Returning parsed result
2026-08-20 21:36:04,021 - gpsd_manager - INFO - [Converter] GPSPrint: Parsed ZED data, has_gps_time=True
2026-08-20 21:36:04,022 - gpsd_manager - INFO - [Converter] GPSPrint: Returning parsed result
2026-08-20 21:36:05,052 - gpsd_manager - INFO - [Converter] GPSPrint: Parsed ZED data, has_gps_time=True
2026-08-20 21:36:05,052 - gpsd_manager - INFO - [Converter] GPSPrint: Returning parsed result
2026-08-20 21:36:06,076 - gpsd_manager - INFO - [Converter] GPSPrint: Parsed ZED data, has_gps_time=True
2026-08-20 21:36:06,076 - gpsd_manager - INFO - [Converter] GPSPrint: Returning parsed result
2026-08-20 21:36:06,990 - gpsd_manager - INFO - [Converter] GPSPrint: Parsed ZED data, has_gps_time=True
2026-08-20 21:36:06,990 - gpsd_manager - INFO - [Converter] GPSPrint: Returning parsed result
2026-08-20 21:36:08,018 - gpsd_manager - INFO - [Converter] GPSPrint: Parsed ZED data, has_gps_time=True
2026-08-20 21:36:08,018 - gpsd_manager - INFO - [Converter] GPSPrint: Returning parsed result
2026-08-20 21:36:09,046 - gpsd_manager - INFO - [Converter] GPSPrint: Parsed ZED data, has_gps_time=True
2026-08-20 21:36:09,046 - gpsd_manager - INFO - [Converter] GPSPrint: Returning parsed result
2026-08-20 21:36:09,969 - gpsd_manager - INFO - [Converter] GPSPrint: Parsed ZED data, has_gps_time=True
2026-08-20 21:36:09,969 - gpsd_manager - INFO - [Converter] GPSPrint: Returning parsed result
2026-08-20 21:36:10,991 - gpsd_manager - INFO - [Converter] GPSPrint: Parsed ZED data, has_gps_time=True
2026-08-20 21:36:10,992 - gpsd_manager - INFO - [Converter] GPSPrint: Returning parsed result
2026-08-20 21:36:12,011 - gpsd_manager - INFO - [Converter] GPSPrint: Parsed ZED data, has_gps_time=True
2026-08-20 21:36:12,011 - gpsd_manager - INFO - [Converter] GPSPrint: Returning parsed result
2026-08-20 21:36:13,036 - gpsd_manager - INFO - [Converter] GPSPrint: Parsed ZED data, has_gps_time=True
2026-08-20 21:36:13,036 - gpsd_manager - INFO - [Converter] GPSPrint: Returning parsed result
2026-08-20 21:36:14,061 - gpsd_manager - INFO - [Converter] GPSPrint: Parsed ZED data, has_gps_time=True
2026-08-20 21:36:14,062 - gpsd_manager - INFO - [Converter] GPSPrint: Returning parsed result
2026-08-20 21:36:14,986 - gpsd_manager - INFO - [Converter] GPSPrint: Parsed ZED data, has_gps_time=True
2026-08-20 21:36:14,986 - gpsd_manager - INFO - [Converter] GPSPrint: Returning parsed result
2026-08-20 21:36:16,012 - gpsd_manager - INFO - [Converter] GPSPrint: Parsed ZED data, has_gps_time=True
2026-08-20 21:36:16,012 - gpsd_manager - INFO - [Converter] GPSPrint: Returning parsed result
2026-08-20 21:36:17,039 - gpsd_manager - INFO - [Converter] GPSPrint: Parsed ZED data, has_gps_time=True
2026-08-20 21:36:17,039 - gpsd_manager - INFO - [Converter] GPSPrint: Returning parsed result
2026-08-20 21:36:18,055 - gpsd_manager - INFO - [Converter] GPSPrint: Parsed ZED data, has_gps_time=True
2026-08-20 21:36:18,055 - gpsd_manager - INFO - [Converter] GPSPrint: Returning parsed result
2026-08-20 21:36:18,982 - gpsd_manager - INFO - [Converter] GPSPrint: Parsed ZED data, has_gps_time=True
2026-08-20 21:36:18,982 - gpsd_manager - INFO - [Converter] GPSPrint: Returning parsed result
2026-08-20 21:36:20,004 - gpsd_manager - INFO - [Converter] GPSPrint: Parsed ZED data, has_gps_time=True
2026-08-20 21:36:20,004 - gpsd_manager - INFO - [Converter] GPSPrint: Returning parsed result
2026-08-20 21:36:21,029 - gpsd_manager - INFO - [Converter] GPSPrint: Parsed ZED data, has_gps_time=True
2026-08-20 21:36:21,029 - gpsd_manager - INFO - [Converter] GPSPrint: Returning parsed result
2026-08-20 21:36:22,055 - gpsd_manager - INFO - [Converter] GPSPrint: Parsed ZED data, has_gps_time=True
2026-08-20 21:36:22,055 - gpsd_manager - INFO - [Converter] GPSPrint: Returning parsed result
2026-08-20 21:36:23,076 - gpsd_manager - INFO - [Converter] GPSPrint: Parsed ZED data, has_gps_time=True
2026-08-20 21:36:23,076 - gpsd_manager - INFO - [Converter] GPSPrint: Returning parsed result
2026-08-20 21:36:24,099 - gpsd_manager - INFO - [Converter] GPSPrint: Parsed ZED data, has_gps_time=True
2026-08-20 21:36:24,099 - gpsd_manager - INFO - [Converter] GPSPrint: Returning parsed result
2026-08-20 21:36:25,121 - gpsd_manager - INFO - [Converter] GPSPrint: Parsed ZED data, has_gps_time=True
2026-08-20 21:36:25,122 - gpsd_manager - INFO - [Converter] GPSPrint: Returning parsed result
2026-08-20 21:36:26,052 - gpsd_manager - INFO - [Converter] GPSPrint: Parsed ZED data, has_gps_time=True
2026-08-20 21:36:26,052 - gpsd_manager - INFO - [Converter] GPSPrint: Returning parsed result
2026-08-20 21:36:26,979 - gpsd_manager - INFO - [Converter] GPSPrint: Parsed ZED data, has_gps_time=True
2026-08-20 21:36:26,979 - gpsd_manager - INFO - [Converter] GPSPrint: Returning parsed result
2026-08-20 21:36:27,993 - gpsd_manager - INFO - [Converter] GPSPrint: Parsed ZED data, has_gps_time=True
2026-08-20 21:36:27,993 - gpsd_manager - INFO - [Converter] GPSPrint: Returning parsed result
2026-08-20 21:36:29,026 - gpsd_manager - INFO - [Converter] GPSPrint: Parsed ZED data, has_gps_time=True
2026-08-20 21:36:29,026 - gpsd_manager - INFO - [Converter] GPSPrint: Returning parsed result
2026-08-20 21:36:30,046 - gpsd_manager - INFO - [Converter] GPSPrint: Parsed ZED data, has_gps_time=True
2026-08-20 21:36:30,046 - gpsd_manager - INFO - [Converter] GPSPrint: Returning parsed result
2026-08-20 21:36:31,069 - gpsd_manager - INFO - [Converter] GPSPrint: Parsed ZED data, has_gps_time=True
2026-08-20 21:36:31,069 - gpsd_manager - INFO - [Converter] GPSPrint: Returning parsed result
2026-08-20 21:36:31,992 - gpsd_manager - INFO - [Converter] GPSPrint: Parsed ZED data, has_gps_time=True
2026-08-20 21:36:31,993 - gpsd_manager - INFO - [Converter] GPSPrint: Returning parsed result
2026-08-20 21:36:33,122 - gpsd_manager - INFO - [Converter] GPSPrint: Parsed ZED data, has_gps_time=True
2026-08-20 21:36:33,122 - gpsd_manager - INFO - [Converter] GPSPrint: Returning parsed result
2026-08-20 21:36:34,045 - gpsd_manager - INFO - [Converter] GPSPrint: Parsed ZED data, has_gps_time=True
2026-08-20 21:36:34,045 - gpsd_manager - INFO - [Converter] GPSPrint: Returning parsed result
2026-08-20 21:36:35,069 - gpsd_manager - INFO - [Converter] GPSPrint: Parsed ZED data, has_gps_time=True
2026-08-20 21:36:35,069 - gpsd_manager - INFO - [Converter] GPSPrint: Returning parsed result
2026-08-20 21:36:36,091 - gpsd_manager - INFO - [Converter] GPSPrint: Parsed ZED data, has_gps_time=True
2026-08-20 21:36:36,092 - gpsd_manager - INFO - [Converter] GPSPrint: Returning parsed result
2026-08-20 21:36:37,012 - gpsd_manager - INFO - [Converter] GPSPrint: Parsed ZED data, has_gps_time=True
2026-08-20 21:36:37,012 - gpsd_manager - INFO - [Converter] GPSPrint: Returning parsed result
2026-08-20 21:36:38,036 - gpsd_manager - INFO - [Converter] GPSPrint: Parsed ZED data, has_gps_time=True
2026-08-20 21:36:38,036 - gpsd_manager - INFO - [Converter] GPSPrint: Returning parsed result
2026-08-20 21:36:39,062 - gpsd_manager - INFO - [Converter] GPSPrint: Parsed ZED data, has_gps_time=True
2026-08-20 21:36:39,063 - gpsd_manager - INFO - [Converter] GPSPrint: Returning parsed result
2026-08-20 21:36:40,090 - gpsd_manager - INFO - [Converter] GPSPrint: Parsed ZED data, has_gps_time=True
2026-08-20 21:36:40,090 - gpsd_manager - INFO - [Converter] GPSPrint: Returning parsed result
2026-08-20 21:36:41,999 - gpsd_manager - INFO - [Converter] GPSPrint: Parsed ZED data, has_gps_time=True
2026-08-20 21:36:41,999 - gpsd_manager - INFO - [Converter] GPSPrint: Returning parsed result
2026-08-20 21:36:43,128 - gpsd_manager - INFO - [Converter] GPSPrint: Parsed ZED data, has_gps_time=True
2026-08-20 21:36:43,129 - gpsd_manager - INFO - [Converter] GPSPrint: Returning parsed result
2026-08-20 21:36:44,948 - gpsd_manager - INFO - [Converter] GPSPrint: Parsed ZED data, has_gps_time=True
2026-08-20 21:36:44,948 - gpsd_manager - INFO - [Converter] GPSPrint: Returning parsed result
2026-08-20 21:36:45,971 - gpsd_manager - INFO - [Converter] GPSPrint: Parsed ZED data, has_gps_time=True
2026-08-20 21:36:45,972 - gpsd_manager - INFO - [Converter] GPSPrint: Returning parsed result
2026-08-20 21:36:47,089 - gpsd_manager - INFO - [Converter] GPSPrint: Parsed ZED data, has_gps_time=True
2026-08-20 21:36:47,089 - gpsd_manager - INFO - [Converter] GPSPrint: Returning parsed result
2026-08-20 21:36:48,016 - gpsd_manager - INFO - [Converter] GPSPrint: Parsed ZED data, has_gps_time=True
2026-08-20 21:36:48,017 - gpsd_manager - INFO - [Converter] GPSPrint: Returning parsed result
2026-08-20 21:36:49,036 - gpsd_manager - INFO - [Converter] GPSPrint: Parsed ZED data, has_gps_time=True
2026-08-20 21:36:49,036 - gpsd_manager - INFO - [Converter] GPSPrint: Returning parsed result
2026-08-20 21:36:50,059 - gpsd_manager - INFO - [Converter] GPSPrint: Parsed ZED data, has_gps_time=True
2026-08-20 21:36:50,059 - gpsd_manager - INFO - [Converter] GPSPrint: Returning parsed result
2026-08-20 21:36:51,092 - gpsd_manager - INFO - [Converter] GPSPrint: Parsed ZED data, has_gps_time=True
2026-08-20 21:36:51,092 - gpsd_manager - INFO - [Converter] GPSPrint: Returning parsed result
2026-08-20 21:36:52,013 - gpsd_manager - INFO - [Converter] GPSPrint: Parsed ZED data, has_gps_time=True
2026-08-20 21:36:52,013 - gpsd_manager - INFO - [Converter] GPSPrint: Returning parsed result
2026-08-20 21:36:53,039 - gpsd_manager - INFO - [Converter] GPSPrint: Parsed ZED data, has_gps_time=True
2026-08-20 21:36:53,039 - gpsd_manager - INFO - [Converter] GPSPrint: Returning parsed result
2026-08-20 21:36:53,956 - gpsd_manager - INFO - [Converter] GPSPrint: Parsed ZED data, has_gps_time=True
2026-08-20 21:36:53,957 - gpsd_manager - INFO - [Converter] GPSPrint: Returning parsed result
2026-08-20 21:36:54,979 - gpsd_manager - INFO - [Converter] GPSPrint: Parsed ZED data, has_gps_time=True
2026-08-20 21:36:54,979 - gpsd_manager - INFO - [Converter] GPSPrint: Returning parsed result
2026-08-20 21:36:56,003 - gpsd_manager - INFO - [Converter] GPSPrint: Parsed ZED data, has_gps_time=True
2026-08-20 21:36:56,003 - gpsd_manager - INFO - [Converter] GPSPrint: Returning parsed result
2026-08-20 21:36:57,036 - gpsd_manager - INFO - [Converter] GPSPrint: Parsed ZED data, has_gps_time=True
2026-08-20 21:36:57,036 - gpsd_manager - INFO - [Converter] GPSPrint: Returning parsed result
2026-08-20 21:36:58,056 - gpsd_manager - INFO - [Converter] GPSPrint: Parsed ZED data, has_gps_time=True
2026-08-20 21:36:58,056 - gpsd_manager - INFO - [Converter] GPSPrint: Returning parsed result
2026-08-20 21:36:59,080 - gpsd_manager - INFO - [Converter] GPSPrint: Parsed ZED data, has_gps_time=True
2026-08-20 21:36:59,080 - gpsd_manager - INFO - [Converter] GPSPrint: Returning parsed result
2026-08-20 21:37:00,098 - gpsd_manager - INFO - [Converter] GPSPrint: Parsed ZED data, has_gps_time=True
2026-08-20 21:37:00,099 - gpsd_manager - INFO - [Converter] GPSPrint: Returning parsed result
2026-08-20 21:37:01,026 - gpsd_manager - INFO - [Converter] GPSPrint: Parsed ZED data, has_gps_time=True
2026-08-20 21:37:01,026 - gpsd_manager - INFO - [Converter] GPSPrint: Returning parsed result
2026-08-20 21:37:02,049 - gpsd_manager - INFO - [Converter] GPSPrint: Parsed ZED data, has_gps_time=True
2026-08-20 21:37:02,049 - gpsd_manager - INFO - [Converter] GPSPrint: Returning parsed result
2026-08-20 21:37:03,077 - gpsd_manager - INFO - [Converter] GPSPrint: Parsed ZED data, has_gps_time=True
2026-08-20 21:37:03,077 - gpsd_manager - INFO - [Converter] GPSPrint: Returning parsed result
2026-08-20 21:37:04,098 - gpsd_manager - INFO - [Converter] GPSPrint: Parsed ZED data, has_gps_time=True
2026-08-20 21:37:04,098 - gpsd_manager - INFO - [Converter] GPSPrint: Returning parsed result
2026-08-20 21:37:05,024 - gpsd_manager - INFO - [Converter] GPSPrint: Parsed ZED data, has_gps_time=True
2026-08-20 21:37:05,025 - gpsd_manager - INFO - [Converter] GPSPrint: Returning parsed result
2026-08-20 21:37:06,050 - gpsd_manager - INFO - [Converter] GPSPrint: Parsed ZED data, has_gps_time=True
2026-08-20 21:37:06,050 - gpsd_manager - INFO - [Converter] GPSPrint: Returning parsed result
2026-08-20 21:37:07,075 - gpsd_manager - INFO - [Converter] GPSPrint: Parsed ZED data, has_gps_time=True
2026-08-20 21:37:07,075 - gpsd_manager - INFO - [Converter] GPSPrint: Returning parsed result
2026-08-20 21:37:08,095 - gpsd_manager - INFO - [Converter] GPSPrint: Parsed ZED data, has_gps_time=True
2026-08-20 21:37:08,095 - gpsd_manager - INFO - [Converter] GPSPrint: Returning parsed result
2026-08-20 21:37:09,014 - gpsd_manager - INFO - [Converter] GPSPrint: Parsed ZED data, has_gps_time=True
2026-08-20 21:37:09,014 - gpsd_manager - INFO - [Converter] GPSPrint: Returning parsed result
2026-08-20 21:37:10,037 - gpsd_manager - INFO - [Converter] GPSPrint: Parsed ZED data, has_gps_time=True
2026-08-20 21:37:10,038 - gpsd_manager - INFO - [Converter] GPSPrint: Returning parsed result
2026-08-20 21:37:11,063 - gpsd_manager - INFO - [Converter] GPSPrint: Parsed ZED data, has_gps_time=True
2026-08-20 21:37:11,063 - gpsd_manager - INFO - [Converter] GPSPrint: Returning parsed result
2026-08-20 21:37:11,992 - gpsd_manager - INFO - [Converter] GPSPrint: Parsed ZED data, has_gps_time=True
2026-08-20 21:37:11,992 - gpsd_manager - INFO - [Converter] GPSPrint: Returning parsed result
2026-08-20 21:37:13,014 - gpsd_manager - INFO - [Converter] GPSPrint: Parsed ZED data, has_gps_time=True
2026-08-20 21:37:13,014 - gpsd_manager - INFO - [Converter] GPSPrint: Returning parsed result
2026-08-20 21:37:14,035 - gpsd_manager - INFO - [Converter] GPSPrint: Parsed ZED data, has_gps_time=True
2026-08-20 21:37:14,035 - gpsd_manager - INFO - [Converter] GPSPrint: Returning parsed result
2026-08-20 21:37:15,058 - gpsd_manager - INFO - [Converter] GPSPrint: Parsed ZED data, has_gps_time=True
2026-08-20 21:37:15,058 - gpsd_manager - INFO - [Converter] GPSPrint: Returning parsed result
2026-08-20 21:37:15,983 - gpsd_manager - INFO - [Converter] GPSPrint: Parsed ZED data, has_gps_time=True
2026-08-20 21:37:15,983 - gpsd_manager - INFO - [Converter] GPSPrint: Returning parsed result
2026-08-20 21:37:17,011 - gpsd_manager - INFO - [Converter] GPSPrint: Parsed ZED data, has_gps_time=True
2026-08-20 21:37:17,011 - gpsd_manager - INFO - [Converter] GPSPrint: Returning parsed result
2026-08-20 21:37:18,027 - gpsd_manager - INFO - [Converter] GPSPrint: Parsed ZED data, has_gps_time=True
2026-08-20 21:37:18,027 - gpsd_manager - INFO - [Converter] GPSPrint: Returning parsed result
2026-08-20 21:37:19,054 - gpsd_manager - INFO - [Converter] GPSPrint: Parsed ZED data, has_gps_time=True
2026-08-20 21:37:19,054 - gpsd_manager - INFO - [Converter] GPSPrint: Returning parsed result
2026-08-20 21:37:19,978 - gpsd_manager - INFO - [Converter] GPSPrint: Parsed ZED data, has_gps_time=True
2026-08-20 21:37:19,978 - gpsd_manager - INFO - [Converter] GPSPrint: Returning parsed result
2026-08-20 21:37:21,006 - gpsd_manager - INFO - [Converter] GPSPrint: Parsed ZED data, has_gps_time=True
2026-08-20 21:37:21,006 - gpsd_manager - INFO - [Converter] GPSPrint: Returning parsed result
2026-08-20 21:37:22,030 - gpsd_manager - INFO - [Converter] GPSPrint: Parsed ZED data, has_gps_time=True
2026-08-20 21:37:22,031 - gpsd_manager - INFO - [Converter] GPSPrint: Returning parsed result
2026-08-20 21:37:23,147 - gpsd_manager - INFO - [Converter] GPSPrint: Parsed ZED data, has_gps_time=True
2026-08-20 21:37:23,147 - gpsd_manager - INFO - [Converter] GPSPrint: Returning parsed result
2026-08-20 21:37:24,205 - gpsd_manager - INFO - [Converter] GPSPrint: Parsed ZED data, has_gps_time=True
2026-08-20 21:37:24,205 - gpsd_manager - INFO - [Converter] GPSPrint: Returning parsed result
2026-08-20 21:37:25,225 - gpsd_manager - INFO - [Converter] GPSPrint: Parsed ZED data, has_gps_time=True
2026-08-20 21:37:25,225 - gpsd_manager - INFO - [Converter] GPSPrint: Returning parsed result
2026-08-20 21:37:26,283 - gpsd_manager - INFO - [Converter] GPSPrint: Parsed ZED data, has_gps_time=True
2026-08-20 21:37:26,283 - gpsd_manager - INFO - [Converter] GPSPrint: Returning parsed result
2026-08-20 21:37:27,204 - gpsd_manager - INFO - [Converter] GPSPrint: Parsed ZED data, has_gps_time=True
2026-08-20 21:37:27,205 - gpsd_manager - INFO - [Converter] GPSPrint: Returning parsed result
2026-08-20 21:37:28,258 - gpsd_manager - INFO - [Converter] GPSPrint: Parsed ZED data, has_gps_time=True
2026-08-20 21:37:28,258 - gpsd_manager - INFO - [Converter] GPSPrint: Returning parsed result
2026-08-20 21:37:29,187 - gpsd_manager - INFO - [Converter] GPSPrint: Parsed ZED data, has_gps_time=True
2026-08-20 21:37:29,187 - gpsd_manager - INFO - [Converter] GPSPrint: Returning parsed result
2026-08-20 21:37:31,003 - gpsd_manager - INFO - [Converter] GPSPrint: Parsed ZED data, has_gps_time=True
2026-08-20 21:37:31,003 - gpsd_manager - INFO - [Converter] GPSPrint: Returning parsed result
2026-08-20 21:37:31,924 - gpsd_manager - INFO - [Converter] GPSPrint: Parsed ZED data, has_gps_time=True
2026-08-20 21:37:31,924 - gpsd_manager - INFO - [Converter] GPSPrint: Returning parsed result
2026-08-20 21:37:33,051 - gpsd_manager - INFO - [Converter] GPSPrint: Parsed ZED data, has_gps_time=True
2026-08-20 21:37:33,051 - gpsd_manager - INFO - [Converter] GPSPrint: Returning parsed result
2026-08-20 21:37:34,076 - gpsd_manager - INFO - [Converter] GPSPrint: Parsed ZED data, has_gps_time=True
2026-08-20 21:37:34,076 - gpsd_manager - INFO - [Converter] GPSPrint: Returning parsed result
2026-08-20 21:37:35,000 - gpsd_manager - INFO - [Converter] GPSPrint: Parsed ZED data, has_gps_time=True
2026-08-20 21:37:35,000 - gpsd_manager - INFO - [Converter] GPSPrint: Returning parsed result
2026-08-20 21:37:36,022 - gpsd_manager - INFO - [Converter] GPSPrint: Parsed ZED data, has_gps_time=True
2026-08-20 21:37:36,022 - gpsd_manager - INFO - [Converter] GPSPrint: Returning parsed result
2026-08-20 21:37:36,944 - gpsd_manager - INFO - [Converter] GPSPrint: Parsed ZED data, has_gps_time=True
2026-08-20 21:37:36,944 - gpsd_manager - INFO - [Converter] GPSPrint: Returning parsed result
2026-08-20 21:37:37,970 - gpsd_manager - INFO - [Converter] GPSPrint: Parsed ZED data, has_gps_time=True
2026-08-20 21:37:37,970 - gpsd_manager - INFO - [Converter] GPSPrint: Returning parsed result
2026-08-20 21:37:39,096 - gpsd_manager - INFO - [Converter] GPSPrint: Parsed ZED data, has_gps_time=True
2026-08-20 21:37:39,096 - gpsd_manager - INFO - [Converter] GPSPrint: Returning parsed result
2026-08-20 21:37:40,012 - gpsd_manager - INFO - [Converter] GPSPrint: Parsed ZED data, has_gps_time=True
2026-08-20 21:37:40,012 - gpsd_manager - INFO - [Converter] GPSPrint: Returning parsed result
2026-08-20 21:37:41,039 - gpsd_manager - INFO - [Converter] GPSPrint: Parsed ZED data, has_gps_time=True
2026-08-20 21:37:41,039 - gpsd_manager - INFO - [Converter] GPSPrint: Returning parsed result
2026-08-20 21:37:42,064 - gpsd_manager - INFO - [Converter] GPSPrint: Parsed ZED data, has_gps_time=True
2026-08-20 21:37:42,064 - gpsd_manager - INFO - [Converter] GPSPrint: Returning parsed result
2026-08-20 21:37:42,981 - gpsd_manager - INFO - [Converter] GPSPrint: Parsed ZED data, has_gps_time=True
2026-08-20 21:37:42,982 - gpsd_manager - INFO - [Converter] GPSPrint: Returning parsed result
2026-08-20 21:37:44,009 - gpsd_manager - INFO - [Converter] GPSPrint: Parsed ZED data, has_gps_time=True
2026-08-20 21:37:44,009 - gpsd_manager - INFO - [Converter] GPSPrint: Returning parsed result
2026-08-20 21:37:44,929 - gpsd_manager - INFO - [Converter] GPSPrint: Parsed ZED data, has_gps_time=True
2026-08-20 21:37:44,929 - gpsd_manager - INFO - [Converter] GPSPrint: Returning parsed result
2026-08-20 21:37:45,961 - gpsd_manager - INFO - [Converter] GPSPrint: Parsed ZED data, has_gps_time=True
2026-08-20 21:37:45,962 - gpsd_manager - INFO - [Converter] GPSPrint: Returning parsed result
2026-08-20 21:37:46,979 - gpsd_manager - INFO - [Converter] GPSPrint: Parsed ZED data, has_gps_time=True
2026-08-20 21:37:46,979 - gpsd_manager - INFO - [Converter] GPSPrint: Returning parsed result
2026-08-20 21:37:48,004 - gpsd_manager - INFO - [Converter] GPSPrint: Parsed ZED data, has_gps_time=True
2026-08-20 21:37:48,004 - gpsd_manager - INFO - [Converter] GPSPrint: Returning parsed result
2026-08-20 21:37:49,030 - gpsd_manager - INFO - [Converter] GPSPrint: Parsed ZED data, has_gps_time=True
2026-08-20 21:37:49,030 - gpsd_manager - INFO - [Converter] GPSPrint: Returning parsed result
2026-08-20 21:37:49,953 - gpsd_manager - INFO - [Converter] GPSPrint: Parsed ZED data, has_gps_time=True
2026-08-20 21:37:49,953 - gpsd_manager - INFO - [Converter] GPSPrint: Returning parsed result
2026-08-20 21:37:50,980 - gpsd_manager - INFO - [Converter] GPSPrint: Parsed ZED data, has_gps_time=True
2026-08-20 21:37:50,980 - gpsd_manager - INFO - [Converter] GPSPrint: Returning parsed result
2026-08-20 21:37:51,998 - gpsd_manager - INFO - [Converter] GPSPrint: Parsed ZED data, has_gps_time=True
2026-08-20 21:37:51,998 - gpsd_manager - INFO - [Converter] GPSPrint: Returning parsed result
2026-08-20 21:37:53,024 - gpsd_manager - INFO - [Converter] GPSPrint: Parsed ZED data, has_gps_time=True
2026-08-20 21:37:53,025 - gpsd_manager - INFO - [Converter] GPSPrint: Returning parsed result
2026-08-20 21:37:53,951 - gpsd_manager - INFO - [Converter] GPSPrint: Parsed ZED data, has_gps_time=True
2026-08-20 21:37:53,951 - gpsd_manager - INFO - [Converter] GPSPrint: Returning parsed result
2026-08-20 21:37:54,967 - gpsd_manager - INFO - [Converter] GPSPrint: Parsed ZED data, has_gps_time=True
2026-08-20 21:37:54,967 - gpsd_manager - INFO - [Converter] GPSPrint: Returning parsed result
2026-08-20 21:37:56,000 - gpsd_manager - INFO - [Converter] GPSPrint: Parsed ZED data, has_gps_time=True
2026-08-20 21:37:56,000 - gpsd_manager - INFO - [Converter] GPSPrint: Returning parsed result
2026-08-20 21:37:57,016 - gpsd_manager - INFO - [Converter] GPSPrint: Parsed ZED data, has_gps_time=True
2026-08-20 21:37:57,016 - gpsd_manager - INFO - [Converter] GPSPrint: Returning parsed result
2026-08-20 21:37:58,045 - gpsd_manager - INFO - [Converter] GPSPrint: Parsed ZED data, has_gps_time=True
2026-08-20 21:37:58,045 - gpsd_manager - INFO - [Converter] GPSPrint: Returning parsed result
2026-08-20 21:37:59,065 - gpsd_manager - INFO - [Converter] GPSPrint: Parsed ZED data, has_gps_time=True
2026-08-20 21:37:59,065 - gpsd_manager - INFO - [Converter] GPSPrint: Returning parsed result
2026-08-20 21:37:59,994 - gpsd_manager - INFO - [Converter] GPSPrint: Parsed ZED data, has_gps_time=True
2026-08-20 21:37:59,994 - gpsd_manager - INFO - [Converter] GPSPrint: Returning parsed result
2026-08-20 21:38:01,117 - gpsd_manager - INFO - [Converter] GPSPrint: Parsed ZED data, has_gps_time=True
2026-08-20 21:38:01,117 - gpsd_manager - INFO - [Converter] GPSPrint: Returning parsed result
2026-08-20 21:38:02,036 - gpsd_manager - INFO - [Converter] GPSPrint: Parsed ZED data, has_gps_time=True
2026-08-20 21:38:02,036 - gpsd_manager - INFO - [Converter] GPSPrint: Returning parsed result
2026-08-20 21:38:03,061 - gpsd_manager - INFO - [Converter] GPSPrint: Parsed ZED data, has_gps_time=True
2026-08-20 21:38:03,061 - gpsd_manager - INFO - [Converter] GPSPrint: Returning parsed result
2026-08-20 21:38:03,989 - gpsd_manager - INFO - [Converter] GPSPrint: Parsed ZED data, has_gps_time=True
2026-08-20 21:38:03,989 - gpsd_manager - INFO - [Converter] GPSPrint: Returning parsed result
2026-08-20 21:38:05,015 - gpsd_manager - INFO - [Converter] GPSPrint: Parsed ZED data, has_gps_time=True
2026-08-20 21:38:05,015 - gpsd_manager - INFO - [Converter] GPSPrint: Returning parsed result
2026-08-20 21:38:06,036 - gpsd_manager - INFO - [Converter] GPSPrint: Parsed ZED data, has_gps_time=True
2026-08-20 21:38:06,036 - gpsd_manager - INFO - [Converter] GPSPrint: Returning parsed result
2026-08-20 21:38:07,058 - gpsd_manager - INFO - [Converter] GPSPrint: Parsed ZED data, has_gps_time=True
2026-08-20 21:38:07,058 - gpsd_manager - INFO - [Converter] GPSPrint: Returning parsed result
2026-08-20 21:38:08,085 - gpsd_manager - INFO - [Converter] GPSPrint: Parsed ZED data, has_gps_time=True
2026-08-20 21:38:08,085 - gpsd_manager - INFO - [Converter] GPSPrint: Returning parsed result
2026-08-20 21:38:09,111 - gpsd_manager - INFO - [Converter] GPSPrint: Parsed ZED data, has_gps_time=True
2026-08-20 21:38:09,112 - gpsd_manager - INFO - [Converter] GPSPrint: Returning parsed result
2026-08-20 21:38:10,033 - gpsd_manager - INFO - [Converter] GPSPrint: Parsed ZED data, has_gps_time=True
2026-08-20 21:38:10,033 - gpsd_manager - INFO - [Converter] GPSPrint: Returning parsed result
2026-08-20 21:38:11,056 - gpsd_manager - INFO - [Converter] GPSPrint: Parsed ZED data, has_gps_time=True
2026-08-20 21:38:11,057 - gpsd_manager - INFO - [Converter] GPSPrint: Returning parsed result
2026-08-20 21:38:12,079 - gpsd_manager - INFO - [Converter] GPSPrint: Parsed ZED data, has_gps_time=True
2026-08-20 21:38:12,079 - gpsd_manager - INFO - [Converter] GPSPrint: Returning parsed result
2026-08-20 21:38:13,102 - gpsd_manager - INFO - [Converter] GPSPrint: Parsed ZED data, has_gps_time=True
2026-08-20 21:38:13,102 - gpsd_manager - INFO - [Converter] GPSPrint: Returning parsed result
2026-08-20 21:38:14,252 - gpsd_manager - INFO - [Converter] GPSPrint: Parsed ZED data, has_gps_time=True
2026-08-20 21:38:14,252 - gpsd_manager - INFO - [Converter] GPSPrint: Returning parsed result
2026-08-20 21:38:15,279 - gpsd_manager - INFO - [Converter] GPSPrint: Parsed ZED data, has_gps_time=True
2026-08-20 21:38:15,279 - gpsd_manager - INFO - [Converter] GPSPrint: Returning parsed result
2026-08-20 21:38:16,335 - gpsd_manager - INFO - [Converter] GPSPrint: Parsed ZED data, has_gps_time=True
2026-08-20 21:38:16,335 - gpsd_manager - INFO - [Converter] GPSPrint: Returning parsed result
2026-08-20 21:38:17,286 - gpsd_manager - INFO - [Converter] GPSPrint: Parsed ZED data, has_gps_time=True
2026-08-20 21:38:17,287 - gpsd_manager - INFO - [Converter] GPSPrint: Returning parsed result
2026-08-20 21:38:19,130 - gpsd_manager - INFO - [Converter] GPSPrint: Parsed ZED data, has_gps_time=True
2026-08-20 21:38:19,130 - gpsd_manager - INFO - [Converter] GPSPrint: Returning parsed result
2026-08-20 21:38:20,090 - gpsd_manager - INFO - [Converter] GPSPrint: Parsed ZED data, has_gps_time=True
2026-08-20 21:38:20,090 - gpsd_manager - INFO - [Converter] GPSPrint: Returning parsed result
2026-08-20 21:38:21,208 - gpsd_manager - INFO - [Converter] GPSPrint: Parsed ZED data, has_gps_time=True
2026-08-20 21:38:21,208 - gpsd_manager - INFO - [Converter] GPSPrint: Returning parsed result
2026-08-20 21:38:22,266 - gpsd_manager - INFO - [Converter] GPSPrint: Parsed ZED data, has_gps_time=True
2026-08-20 21:38:22,267 - gpsd_manager - INFO - [Converter] GPSPrint: Returning parsed result
2026-08-20 21:38:23,186 - gpsd_manager - INFO - [Converter] GPSPrint: Parsed ZED data, has_gps_time=True
2026-08-20 21:38:23,186 - gpsd_manager - INFO - [Converter] GPSPrint: Returning parsed result
2026-08-20 21:38:24,242 - gpsd_manager - INFO - [Converter] GPSPrint: Parsed ZED data, has_gps_time=True
2026-08-20 21:38:24,242 - gpsd_manager - INFO - [Converter] GPSPrint: Returning parsed result
2026-08-20 21:38:25,263 - gpsd_manager - INFO - [Converter] GPSPrint: Parsed ZED data, has_gps_time=True
2026-08-20 21:38:25,263 - gpsd_manager - INFO - [Converter] GPSPrint: Returning parsed result
2026-08-20 21:38:26,219 - gpsd_manager - INFO - [Converter] GPSPrint: Parsed ZED data, has_gps_time=True
2026-08-20 21:38:26,219 - gpsd_manager - INFO - [Converter] GPSPrint: Returning parsed result
2026-08-20 21:38:27,244 - gpsd_manager - INFO - [Converter] GPSPrint: Parsed ZED data, has_gps_time=True
2026-08-20 21:38:27,244 - gpsd_manager - INFO - [Converter] GPSPrint: Returning parsed result
2026-08-20 21:38:28,194 - gpsd_manager - INFO - [Converter] GPSPrint: Parsed ZED data, has_gps_time=True
2026-08-20 21:38:28,194 - gpsd_manager - INFO - [Converter] GPSPrint: Returning parsed result
2026-08-20 21:38:29,227 - gpsd_manager - INFO - [Converter] GPSPrint: Parsed ZED data, has_gps_time=True
2026-08-20 21:38:29,227 - gpsd_manager - INFO - [Converter] GPSPrint: Returning parsed result
2026-08-20 21:38:30,279 - gpsd_manager - INFO - [Converter] GPSPrint: Parsed ZED data, has_gps_time=True
2026-08-20 21:38:30,279 - gpsd_manager - INFO - [Converter] GPSPrint: Returning parsed result
2026-08-20 21:38:31,199 - gpsd_manager - INFO - [Converter] GPSPrint: Parsed ZED data, has_gps_time=True
2026-08-20 21:38:31,200 - gpsd_manager - INFO - [Converter] GPSPrint: Returning parsed result
2026-08-20 21:38:32,252 - gpsd_manager - INFO - [Converter] GPSPrint: Parsed ZED data, has_gps_time=True
2026-08-20 21:38:32,252 - gpsd_manager - INFO - [Converter] GPSPrint: Returning parsed result
2026-08-20 21:38:33,276 - gpsd_manager - INFO - [Converter] GPSPrint: Parsed ZED data, has_gps_time=True
2026-08-20 21:38:33,277 - gpsd_manager - INFO - [Converter] GPSPrint: Returning parsed result
2026-08-20 21:38:34,230 - gpsd_manager - INFO - [Converter] GPSPrint: Parsed ZED data, has_gps_time=True
2026-08-20 21:38:34,230 - gpsd_manager - INFO - [Converter] GPSPrint: Returning parsed result
2026-08-20 21:38:35,152 - gpsd_manager - INFO - [Converter] GPSPrint: Parsed ZED data, has_gps_time=True
2026-08-20 21:38:35,152 - gpsd_manager - INFO - [Converter] GPSPrint: Returning parsed result
2026-08-20 21:38:36,211 - gpsd_manager - INFO - [Converter] GPSPrint: Parsed ZED data, has_gps_time=True
2026-08-20 21:38:36,212 - gpsd_manager - INFO - [Converter] GPSPrint: Returning parsed result
2026-08-20 21:38:37,132 - gpsd_manager - INFO - [Converter] GPSPrint: Parsed ZED data, has_gps_time=True
2026-08-20 21:38:37,132 - gpsd_manager - INFO - [Converter] GPSPrint: Returning parsed result
2026-08-20 21:38:38,185 - gpsd_manager - INFO - [Converter] GPSPrint: Parsed ZED data, has_gps_time=True
2026-08-20 21:38:38,186 - gpsd_manager - INFO - [Converter] GPSPrint: Returning parsed result
2026-08-20 21:38:39,212 - gpsd_manager - INFO - [Converter] GPSPrint: Parsed ZED data, has_gps_time=True
2026-08-20 21:38:39,212 - gpsd_manager - INFO - [Converter] GPSPrint: Returning parsed result
2026-08-20 21:38:40,266 - gpsd_manager - INFO - [Converter] GPSPrint: Parsed ZED data, has_gps_time=True
2026-08-20 21:38:40,267 - gpsd_manager - INFO - [Converter] GPSPrint: Returning parsed result
2026-08-20 21:38:41,194 - gpsd_manager - INFO - [Converter] GPSPrint: Parsed ZED data, has_gps_time=True
2026-08-20 21:38:41,194 - gpsd_manager - INFO - [Converter] GPSPrint: Returning parsed result
2026-08-20 21:38:42,241 - gpsd_manager - INFO - [Converter] GPSPrint: Parsed ZED data, has_gps_time=True
2026-08-20 21:38:42,242 - gpsd_manager - INFO - [Converter] GPSPrint: Returning parsed result
2026-08-20 21:38:43,264 - gpsd_manager - INFO - [Converter] GPSPrint: Parsed ZED data, has_gps_time=True
2026-08-20 21:38:43,264 - gpsd_manager - INFO - [Converter] GPSPrint: Returning parsed result
2026-08-20 21:38:44,224 - gpsd_manager - INFO - [Converter] GPSPrint: Parsed ZED data, has_gps_time=True
2026-08-20 21:38:44,224 - gpsd_manager - INFO - [Converter] GPSPrint: Returning parsed result
2026-08-20 21:38:45,241 - gpsd_manager - INFO - [Converter] GPSPrint: Parsed ZED data, has_gps_time=True
2026-08-20 21:38:45,241 - gpsd_manager - INFO - [Converter] GPSPrint: Returning parsed result
2026-08-20 21:38:46,202 - gpsd_manager - INFO - [Converter] GPSPrint: Parsed ZED data, has_gps_time=True
2026-08-20 21:38:46,202 - gpsd_manager - INFO - [Converter] GPSPrint: Returning parsed result
2026-08-20 21:38:47,224 - gpsd_manager - INFO - [Converter] GPSPrint: Parsed ZED data, has_gps_time=True
2026-08-20 21:38:47,224 - gpsd_manager - INFO - [Converter] GPSPrint: Returning parsed result
2026-08-20 21:38:48,179 - gpsd_manager - INFO - [Converter] GPSPrint: Parsed ZED data, has_gps_time=True
2026-08-20 21:38:48,179 - gpsd_manager - INFO - [Converter] GPSPrint: Returning parsed result
2026-08-20 21:38:49,199 - gpsd_manager - INFO - [Converter] GPSPrint: Parsed ZED data, has_gps_time=True
2026-08-20 21:38:49,199 - gpsd_manager - INFO - [Converter] GPSPrint: Returning parsed result
2026-08-20 21:38:50,251 - gpsd_manager - INFO - [Converter] GPSPrint: Parsed ZED data, has_gps_time=True
2026-08-20 21:38:50,251 - gpsd_manager - INFO - [Converter] GPSPrint: Returning parsed result
2026-08-20 21:38:51,279 - gpsd_manager - INFO - [Converter] GPSPrint: Parsed ZED data, has_gps_time=True
2026-08-20 21:38:51,279 - gpsd_manager - INFO - [Converter] GPSPrint: Returning parsed result
2026-08-20 21:38:52,234 - gpsd_manager - INFO - [Converter] GPSPrint: Parsed ZED data, has_gps_time=True
2026-08-20 21:38:52,234 - gpsd_manager - INFO - [Converter] GPSPrint: Returning parsed result
2026-08-20 21:38:53,257 - gpsd_manager - INFO - [Converter] GPSPrint: Parsed ZED data, has_gps_time=True
2026-08-20 21:38:53,257 - gpsd_manager - INFO - [Converter] GPSPrint: Returning parsed result
2026-08-20 21:38:54,211 - gpsd_manager - INFO - [Converter] GPSPrint: Parsed ZED data, has_gps_time=True
2026-08-20 21:38:54,211 - gpsd_manager - INFO - [Converter] GPSPrint: Returning parsed result
2026-08-20 21:38:55,229 - gpsd_manager - INFO - [Converter] GPSPrint: Parsed ZED data, has_gps_time=True
2026-08-20 21:38:55,229 - gpsd_manager - INFO - [Converter] GPSPrint: Returning parsed result
2026-08-20 21:38:56,189 - gpsd_manager - INFO - [Converter] GPSPrint: Parsed ZED data, has_gps_time=True
2026-08-20 21:38:56,189 - gpsd_manager - INFO - [Converter] GPSPrint: Returning parsed result
2026-08-20 21:38:57,215 - gpsd_manager - INFO - [Converter] GPSPrint: Parsed ZED data, has_gps_time=True
2026-08-20 21:38:57,216 - gpsd_manager - INFO - [Converter] GPSPrint: Returning parsed result
2026-08-20 21:38:58,169 - gpsd_manager - INFO - [Converter] GPSPrint: Parsed ZED data, has_gps_time=True
2026-08-20 21:38:58,170 - gpsd_manager - INFO - [Converter] GPSPrint: Returning parsed result
2026-08-20 21:38:59,285 - gpsd_manager - INFO - [Converter] GPSPrint: Parsed ZED data, has_gps_time=True
2026-08-20 21:38:59,285 - gpsd_manager - INFO - [Converter] GPSPrint: Returning parsed result
2026-08-20 21:39:00,248 - gpsd_manager - INFO - [Converter] GPSPrint: Parsed ZED data, has_gps_time=True
2026-08-20 21:39:00,248 - gpsd_manager - INFO - [Converter] GPSPrint: Returning parsed result
2026-08-20 21:39:01,167 - gpsd_manager - INFO - [Converter] GPSPrint: Parsed ZED data, has_gps_time=True
2026-08-20 21:39:01,167 - gpsd_manager - INFO - [Converter] GPSPrint: Returning parsed result
2026-08-20 21:39:02,218 - gpsd_manager - INFO - [Converter] GPSPrint: Parsed ZED data, has_gps_time=True
2026-08-20 21:39:02,218 - gpsd_manager - INFO - [Converter] GPSPrint: Returning parsed result
2026-08-20 21:39:03,244 - gpsd_manager - INFO - [Converter] GPSPrint: Parsed ZED data, has_gps_time=True
2026-08-20 21:39:03,244 - gpsd_manager - INFO - [Converter] GPSPrint: Returning parsed result
2026-08-20 21:39:04,294 - gpsd_manager - INFO - [Converter] GPSPrint: Parsed ZED data, has_gps_time=True
2026-08-20 21:39:04,294 - gpsd_manager - INFO - [Converter] GPSPrint: Returning parsed result
2026-08-20 21:39:05,152 - gpsd_manager - INFO - [Converter] GPSPrint: Parsed ZED data, has_gps_time=True
2026-08-20 21:39:05,152 - gpsd_manager - INFO - [Converter] GPSPrint: Returning parsed result
2026-08-20 21:39:06,105 - gpsd_manager - INFO - [Converter] GPSPrint: Parsed ZED data, has_gps_time=True
2026-08-20 21:39:06,105 - gpsd_manager - INFO - [Converter] GPSPrint: Returning parsed result
2026-08-20 21:39:07,231 - gpsd_manager - INFO - [Converter] GPSPrint: Parsed ZED data, has_gps_time=True
2026-08-20 21:39:07,232 - gpsd_manager - INFO - [Converter] GPSPrint: Returning parsed result
2026-08-20 21:39:08,184 - gpsd_manager - INFO - [Converter] GPSPrint: Parsed ZED data, has_gps_time=True
2026-08-20 21:39:08,184 - gpsd_manager - INFO - [Converter] GPSPrint: Returning parsed result
2026-08-20 21:39:09,205 - gpsd_manager - INFO - [Converter] GPSPrint: Parsed ZED data, has_gps_time=True
2026-08-20 21:39:09,205 - gpsd_manager - INFO - [Converter] GPSPrint: Returning parsed result
2026-08-20 21:39:10,161 - gpsd_manager - INFO - [Converter] GPSPrint: Parsed ZED data, has_gps_time=True
2026-08-20 21:39:10,161 - gpsd_manager - INFO - [Converter] GPSPrint: Returning parsed result
2026-08-20 21:39:11,186 - gpsd_manager - INFO - [Converter] GPSPrint: Parsed ZED data, has_gps_time=True
2026-08-20 21:39:11,186 - gpsd_manager - INFO - [Converter] GPSPrint: Returning parsed result
2026-08-20 21:39:12,242 - gpsd_manager - INFO - [Converter] GPSPrint: Parsed ZED data, has_gps_time=True
2026-08-20 21:39:12,242 - gpsd_manager - INFO - [Converter] GPSPrint: Returning parsed result
2026-08-20 21:39:13,166 - gpsd_manager - INFO - [Converter] GPSPrint: Parsed ZED data, has_gps_time=True
2026-08-20 21:39:13,166 - gpsd_manager - INFO - [Converter] GPSPrint: Returning parsed result
2026-08-20 21:39:14,219 - gpsd_manager - INFO - [Converter] GPSPrint: Parsed ZED data, has_gps_time=True
2026-08-20 21:39:14,219 - gpsd_manager - INFO - [Converter] GPSPrint: Returning parsed result
2026-08-20 21:39:15,246 - gpsd_manager - INFO - [Converter] GPSPrint: Parsed ZED data, has_gps_time=True
2026-08-20 21:39:15,246 - gpsd_manager - INFO - [Converter] GPSPrint: Returning parsed result
2026-08-20 21:39:16,200 - gpsd_manager - INFO - [Converter] GPSPrint: Parsed ZED data, has_gps_time=True
2026-08-20 21:39:16,200 - gpsd_manager - INFO - [Converter] GPSPrint: Returning parsed result
2026-08-20 21:39:17,225 - gpsd_manager - INFO - [Converter] GPSPrint: Parsed ZED data, has_gps_time=True
2026-08-20 21:39:17,225 - gpsd_manager - INFO - [Converter] GPSPrint: Returning parsed result
2026-08-20 21:39:18,343 - gpsd_manager - INFO - [Converter] GPSPrint: Parsed ZED data, has_gps_time=True
2026-08-20 21:39:18,344 - gpsd_manager - INFO - [Converter] GPSPrint: Returning parsed result
2026-08-20 21:39:19,272 - gpsd_manager - INFO - [Converter] GPSPrint: Parsed ZED data, has_gps_time=True
2026-08-20 21:39:19,272 - gpsd_manager - INFO - [Converter] GPSPrint: Returning parsed result
2026-08-20 21:39:20,224 - gpsd_manager - INFO - [Converter] GPSPrint: Parsed ZED data, has_gps_time=True
2026-08-20 21:39:20,224 - gpsd_manager - INFO - [Converter] GPSPrint: Returning parsed result
2026-08-20 21:39:21,250 - gpsd_manager - INFO - [Converter] GPSPrint: Parsed ZED data, has_gps_time=True
2026-08-20 21:39:21,251 - gpsd_manager - INFO - [Converter] GPSPrint: Returning parsed result
2026-08-20 21:39:22,202 - gpsd_manager - INFO - [Converter] GPSPrint: Parsed ZED data, has_gps_time=True
2026-08-20 21:39:22,202 - gpsd_manager - INFO - [Converter] GPSPrint: Returning parsed result
2026-08-20 21:39:23,226 - gpsd_manager - INFO - [Converter] GPSPrint: Parsed ZED data, has_gps_time=True
2026-08-20 21:39:23,226 - gpsd_manager - INFO - [Converter] GPSPrint: Returning parsed result
2026-08-20 21:39:24,175 - gpsd_manager - INFO - [Converter] GPSPrint: Parsed ZED data, has_gps_time=True
2026-08-20 21:39:24,175 - gpsd_manager - INFO - [Converter] GPSPrint: Returning parsed result
2026-08-20 21:39:25,198 - gpsd_manager - INFO - [Converter] GPSPrint: Parsed ZED data, has_gps_time=True
2026-08-20 21:39:25,198 - gpsd_manager - INFO - [Converter] GPSPrint: Returning parsed result
2026-08-20 21:39:26,162 - gpsd_manager - INFO - [Converter] GPSPrint: Parsed ZED data, has_gps_time=True
2026-08-20 21:39:26,163 - gpsd_manager - INFO - [Converter] GPSPrint: Returning parsed result
2026-08-20 21:39:27,179 - gpsd_manager - INFO - [Converter] GPSPrint: Parsed ZED data, has_gps_time=True
2026-08-20 21:39:27,180 - gpsd_manager - INFO - [Converter] GPSPrint: Returning parsed result
2026-08-20 21:39:28,234 - gpsd_manager - INFO - [Converter] GPSPrint: Parsed ZED data, has_gps_time=True
2026-08-20 21:39:28,234 - gpsd_manager - INFO - [Converter] GPSPrint: Returning parsed result
2026-08-20 21:39:29,257 - gpsd_manager - INFO - [Converter] GPSPrint: Parsed ZED data, has_gps_time=True
2026-08-20 21:39:29,258 - gpsd_manager - INFO - [Converter] GPSPrint: Returning parsed result
2026-08-20 21:39:30,209 - gpsd_manager - INFO - [Converter] GPSPrint: Parsed ZED data, has_gps_time=True
2026-08-20 21:39:30,209 - gpsd_manager - INFO - [Converter] GPSPrint: Returning parsed result
2026-08-20 21:39:31,234 - gpsd_manager - INFO - [Converter] GPSPrint: Parsed ZED data, has_gps_time=True
2026-08-20 21:39:31,235 - gpsd_manager - INFO - [Converter] GPSPrint: Returning parsed result
2026-08-20 21:39:32,292 - gpsd_manager - INFO - [Converter] GPSPrint: Parsed ZED data, has_gps_time=True
2026-08-20 21:39:32,292 - gpsd_manager - INFO - [Converter] GPSPrint: Returning parsed result
2026-08-20 21:39:33,212 - gpsd_manager - INFO - [Converter] GPSPrint: Parsed ZED data, has_gps_time=True
2026-08-20 21:39:33,212 - gpsd_manager - INFO - [Converter] GPSPrint: Returning parsed result
2026-08-20 21:39:34,271 - gpsd_manager - INFO - [Converter] GPSPrint: Parsed ZED data, has_gps_time=True
2026-08-20 21:39:34,271 - gpsd_manager - INFO - [Converter] GPSPrint: Returning parsed result
2026-08-20 21:39:35,190 - gpsd_manager - INFO - [Converter] GPSPrint: Parsed ZED data, has_gps_time=True
2026-08-20 21:39:35,190 - gpsd_manager - INFO - [Converter] GPSPrint: Returning parsed result
2026-08-20 21:39:37,016 - gpsd_manager - INFO - [Converter] GPSPrint: Parsed ZED data, has_gps_time=True
2026-08-20 21:39:37,016 - gpsd_manager - INFO - [Converter] GPSPrint: Returning parsed result
2026-08-20 21:39:38,034 - gpsd_manager - INFO - [Converter] GPSPrint: Parsed ZED data, has_gps_time=True
2026-08-20 21:39:38,034 - gpsd_manager - INFO - [Converter] GPSPrint: Returning parsed result
2026-08-20 21:39:39,061 - gpsd_manager - INFO - [Converter] GPSPrint: Parsed ZED data, has_gps_time=True
2026-08-20 21:39:39,061 - gpsd_manager - INFO - [Converter] GPSPrint: Returning parsed result
2026-08-20 21:39:39,985 - gpsd_manager - INFO - [Converter] GPSPrint: Parsed ZED data, has_gps_time=True
2026-08-20 21:39:39,986 - gpsd_manager - INFO - [Converter] GPSPrint: Returning parsed result
2026-08-20 21:39:41,003 - gpsd_manager - INFO - [Converter] GPSPrint: Parsed ZED data, has_gps_time=True
2026-08-20 21:39:41,003 - gpsd_manager - INFO - [Converter] GPSPrint: Returning parsed result
2026-08-20 21:39:42,028 - gpsd_manager - INFO - [Converter] GPSPrint: Parsed ZED data, has_gps_time=True
2026-08-20 21:39:42,028 - gpsd_manager - INFO - [Converter] GPSPrint: Returning parsed result
2026-08-20 21:39:42,954 - gpsd_manager - INFO - [Converter] GPSPrint: Parsed ZED data, has_gps_time=True
2026-08-20 21:39:42,954 - gpsd_manager - INFO - [Converter] GPSPrint: Returning parsed result
2026-08-20 21:39:43,973 - gpsd_manager - INFO - [Converter] GPSPrint: Parsed ZED data, has_gps_time=True
2026-08-20 21:39:43,973 - gpsd_manager - INFO - [Converter] GPSPrint: Returning parsed result
2026-08-20 21:39:44,996 - gpsd_manager - INFO - [Converter] GPSPrint: Parsed ZED data, has_gps_time=True
2026-08-20 21:39:44,996 - gpsd_manager - INFO - [Converter] GPSPrint: Returning parsed result
2026-08-20 21:39:46,024 - gpsd_manager - INFO - [Converter] GPSPrint: Parsed ZED data, has_gps_time=True
2026-08-20 21:39:46,024 - gpsd_manager - INFO - [Converter] GPSPrint: Returning parsed result
2026-08-20 21:39:46,945 - gpsd_manager - INFO - [Converter] GPSPrint: Parsed ZED data, has_gps_time=True
2026-08-20 21:39:46,945 - gpsd_manager - INFO - [Converter] GPSPrint: Returning parsed result
2026-08-20 21:39:48,069 - gpsd_manager - INFO - [Converter] GPSPrint: Parsed ZED data, has_gps_time=True
2026-08-20 21:39:48,069 - gpsd_manager - INFO - [Converter] GPSPrint: Returning parsed result
2026-08-20 21:39:49,000 - gpsd_manager - INFO - [Converter] GPSPrint: Parsed ZED data, has_gps_time=True
2026-08-20 21:39:49,000 - gpsd_manager - INFO - [Converter] GPSPrint: Returning parsed result
2026-08-20 21:39:50,016 - gpsd_manager - INFO - [Converter] GPSPrint: Parsed ZED data, has_gps_time=True
2026-08-20 21:39:50,016 - gpsd_manager - INFO - [Converter] GPSPrint: Returning parsed result
2026-08-20 21:39:50,947 - gpsd_manager - INFO - [Converter] GPSPrint: Parsed ZED data, has_gps_time=True
2026-08-20 21:39:50,947 - gpsd_manager - INFO - [Converter] GPSPrint: Returning parsed result
2026-08-20 21:39:51,967 - gpsd_manager - INFO - [Converter] GPSPrint: Parsed ZED data, has_gps_time=True
2026-08-20 21:39:51,967 - gpsd_manager - INFO - [Converter] GPSPrint: Returning parsed result
2026-08-20 21:39:52,994 - gpsd_manager - INFO - [Converter] GPSPrint: Parsed ZED data, has_gps_time=True
2026-08-20 21:39:52,994 - gpsd_manager - INFO - [Converter] GPSPrint: Returning parsed result
2026-08-20 21:39:54,013 - gpsd_manager - INFO - [Converter] GPSPrint: Parsed ZED data, has_gps_time=True
2026-08-20 21:39:54,013 - gpsd_manager - INFO - [Converter] GPSPrint: Returning parsed result
2026-08-20 21:39:55,035 - gpsd_manager - INFO - [Converter] GPSPrint: Parsed ZED data, has_gps_time=True
2026-08-20 21:39:55,036 - gpsd_manager - INFO - [Converter] GPSPrint: Returning parsed result
2026-08-20 21:39:56,062 - gpsd_manager - INFO - [Converter] GPSPrint: Parsed ZED data, has_gps_time=True
2026-08-20 21:39:56,062 - gpsd_manager - INFO - [Converter] GPSPrint: Returning parsed result
2026-08-20 21:39:57,081 - gpsd_manager - INFO - [Converter] GPSPrint: Parsed ZED data, has_gps_time=True
2026-08-20 21:39:57,082 - gpsd_manager - INFO - [Converter] GPSPrint: Returning parsed result
2026-08-20 21:39:58,013 - gpsd_manager - INFO - [Converter] GPSPrint: Parsed ZED data, has_gps_time=True
2026-08-20 21:39:58,014 - gpsd_manager - INFO - [Converter] GPSPrint: Returning parsed result
2026-08-20 21:39:59,033 - gpsd_manager - INFO - [Converter] GPSPrint: Parsed ZED data, has_gps_time=True
2026-08-20 21:39:59,033 - gpsd_manager - INFO - [Converter] GPSPrint: Returning parsed result
2026-08-20 21:39:59,962 - gpsd_manager - INFO - [Converter] GPSPrint: Parsed ZED data, has_gps_time=True
2026-08-20 21:39:59,963 - gpsd_manager - INFO - [Converter] GPSPrint: Returning parsed result
2026-08-20 21:40:01,083 - gpsd_manager - INFO - [Converter] GPSPrint: Parsed ZED data, has_gps_time=True
2026-08-20 21:40:01,083 - gpsd_manager - INFO - [Converter] GPSPrint: Returning parsed result
2026-08-20 21:40:02,106 - gpsd_manager - INFO - [Converter] GPSPrint: Parsed ZED data, has_gps_time=True
2026-08-20 21:40:02,107 - gpsd_manager - INFO - [Converter] GPSPrint: Returning parsed result
2026-08-20 21:40:03,026 - gpsd_manager - INFO - [Converter] GPSPrint: Parsed ZED data, has_gps_time=True
2026-08-20 21:40:03,026 - gpsd_manager - INFO - [Converter] GPSPrint: Returning parsed result
2026-08-20 21:40:04,050 - gpsd_manager - INFO - [Converter] GPSPrint: Parsed ZED data, has_gps_time=True
2026-08-20 21:40:04,051 - gpsd_manager - INFO - [Converter] GPSPrint: Returning parsed result
2026-08-20 21:40:04,977 - gpsd_manager - INFO - [Converter] GPSPrint: Parsed ZED data, has_gps_time=True
2026-08-20 21:40:04,978 - gpsd_manager - INFO - [Converter] GPSPrint: Returning parsed result
2026-08-20 21:40:06,000 - gpsd_manager - INFO - [Converter] GPSPrint: Parsed ZED data, has_gps_time=True
2026-08-20 21:40:06,000 - gpsd_manager - INFO - [Converter] GPSPrint: Returning parsed result
2026-08-20 21:40:07,022 - gpsd_manager - INFO - [Converter] GPSPrint: Parsed ZED data, has_gps_time=True
2026-08-20 21:40:07,022 - gpsd_manager - INFO - [Converter] GPSPrint: Returning parsed result
2026-08-20 21:40:08,054 - gpsd_manager - INFO - [Converter] GPSPrint: Parsed ZED data, has_gps_time=True
2026-08-20 21:40:08,054 - gpsd_manager - INFO - [Converter] GPSPrint: Returning parsed result
2026-08-20 21:40:09,101 - gpsd_manager - INFO - [Converter] GPSPrint: Parsed ZED data, has_gps_time=True
2026-08-20 21:40:09,101 - gpsd_manager - INFO - [Converter] GPSPrint: Returning parsed result
2026-08-20 21:40:10,128 - gpsd_manager - INFO - [Converter] GPSPrint: Parsed ZED data, has_gps_time=True
2026-08-20 21:40:10,129 - gpsd_manager - INFO - [Converter] GPSPrint: Returning parsed result
2026-08-20 21:40:11,185 - gpsd_manager - INFO - [Converter] GPSPrint: Parsed ZED data, has_gps_time=True
2026-08-20 21:40:11,185 - gpsd_manager - INFO - [Converter] GPSPrint: Returning parsed result
2026-08-20 21:40:12,202 - gpsd_manager - INFO - [Converter] GPSPrint: Parsed ZED data, has_gps_time=True
2026-08-20 21:40:12,202 - gpsd_manager - INFO - [Converter] GPSPrint: Returning parsed result
2026-08-20 21:40:13,252 - gpsd_manager - INFO - [Converter] GPSPrint: Parsed ZED data, has_gps_time=True
2026-08-20 21:40:13,253 - gpsd_manager - INFO - [Converter] GPSPrint: Returning parsed result
2026-08-20 21:40:14,185 - gpsd_manager - INFO - [Converter] GPSPrint: Parsed ZED data, has_gps_time=True
2026-08-20 21:40:14,185 - gpsd_manager - INFO - [Converter] GPSPrint: Returning parsed result
2026-08-20 21:40:15,101 - gpsd_manager - INFO - [Converter] GPSPrint: Parsed ZED data, has_gps_time=True
2026-08-20 21:40:15,101 - gpsd_manager - INFO - [Converter] GPSPrint: Returning parsed result
2026-08-20 21:40:16,036 - gpsd_manager - INFO - [Converter] GPSPrint: Parsed ZED data, has_gps_time=True
2026-08-20 21:40:16,036 - gpsd_manager - INFO - [Converter] GPSPrint: Returning parsed result
2026-08-20 21:40:17,057 - gpsd_manager - INFO - [Converter] GPSPrint: Parsed ZED data, has_gps_time=True
2026-08-20 21:40:17,057 - gpsd_manager - INFO - [Converter] GPSPrint: Returning parsed result
2026-08-20 21:40:17,976 - gpsd_manager - INFO - [Converter] GPSPrint: Parsed ZED data, has_gps_time=True
2026-08-20 21:40:17,976 - gpsd_manager - INFO - [Converter] GPSPrint: Returning parsed result
2026-08-20 21:40:19,002 - gpsd_manager - INFO - [Converter] GPSPrint: Parsed ZED data, has_gps_time=True
2026-08-20 21:40:19,002 - gpsd_manager - INFO - [Converter] GPSPrint: Returning parsed result
2026-08-20 21:40:20,025 - gpsd_manager - INFO - [Converter] GPSPrint: Parsed ZED data, has_gps_time=True
2026-08-20 21:40:20,025 - gpsd_manager - INFO - [Converter] GPSPrint: Returning parsed result
2026-08-20 21:40:20,956 - gpsd_manager - INFO - [Converter] GPSPrint: Parsed ZED data, has_gps_time=True
2026-08-20 21:40:20,956 - gpsd_manager - INFO - [Converter] GPSPrint: Returning parsed result
2026-08-20 21:40:22,078 - gpsd_manager - INFO - [Converter] GPSPrint: Parsed ZED data, has_gps_time=True
2026-08-20 21:40:22,080 - gpsd_manager - INFO - [Converter] GPSPrint: Returning parsed result
2026-08-20 21:40:23,094 - gpsd_manager - INFO - [Converter] GPSPrint: Parsed ZED data, has_gps_time=True
2026-08-20 21:40:23,094 - gpsd_manager - INFO - [Converter] GPSPrint: Returning parsed result
2026-08-20 21:40:24,220 - gpsd_manager - INFO - [Converter] GPSPrint: Parsed ZED data, has_gps_time=True
2026-08-20 21:40:24,220 - gpsd_manager - INFO - [Converter] GPSPrint: Returning parsed result
2026-08-20 21:40:26,269 - gpsd_manager - INFO - [Converter] GPSPrint: Parsed ZED data, has_gps_time=True
2026-08-20 21:40:26,270 - gpsd_manager - INFO - [Converter] GPSPrint: Returning parsed result
2026-08-20 21:40:27,319 - gpsd_manager - INFO - [Converter] GPSPrint: Parsed ZED data, has_gps_time=True
2026-08-20 21:40:27,319 - gpsd_manager - INFO - [Converter] GPSPrint: Returning parsed result
2026-08-20 21:40:28,372 - gpsd_manager - INFO - [Converter] GPSPrint: Parsed ZED data, has_gps_time=True
2026-08-20 21:40:28,372 - gpsd_manager - INFO - [Converter] GPSPrint: Returning parsed result
2026-08-20 21:40:29,534 - gpsd_manager - INFO - [Converter] GPSPrint: Parsed ZED data, has_gps_time=True
2026-08-20 21:40:29,534 - gpsd_manager - INFO - [Converter] GPSPrint: Returning parsed result
2026-08-20 21:40:30,579 - gpsd_manager - INFO - [Converter] GPSPrint: Parsed ZED data, has_gps_time=True
2026-08-20 21:40:30,579 - gpsd_manager - INFO - [Converter] GPSPrint: Returning parsed result
2026-08-20 21:40:31,641 - gpsd_manager - INFO - [Converter] GPSPrint: Parsed ZED data, has_gps_time=True
2026-08-20 21:40:31,642 - gpsd_manager - INFO - [Converter] GPSPrint: Returning parsed result
2026-08-20 21:40:32,692 - gpsd_manager - INFO - [Converter] GPSPrint: Parsed ZED data, has_gps_time=True
2026-08-20 21:40:32,692 - gpsd_manager - INFO - [Converter] GPSPrint: Returning parsed result
2026-08-20 21:40:33,749 - gpsd_manager - INFO - [Converter] GPSPrint: Parsed ZED data, has_gps_time=True
2026-08-20 21:40:33,749 - gpsd_manager - INFO - [Converter] GPSPrint: Returning parsed result
2026-08-20 21:40:34,801 - gpsd_manager - INFO - [Converter] GPSPrint: Parsed ZED data, has_gps_time=True
2026-08-20 21:40:34,801 - gpsd_manager - INFO - [Converter] GPSPrint: Returning parsed result
2026-08-20 21:40:35,825 - gpsd_manager - INFO - [Converter] GPSPrint: Parsed ZED data, has_gps_time=True
2026-08-20 21:40:35,825 - gpsd_manager - INFO - [Converter] GPSPrint: Returning parsed result
2026-08-20 21:40:37,045 - gpsd_manager - INFO - [Converter] GPSPrint: Parsed ZED data, has_gps_time=True
2026-08-20 21:40:37,045 - gpsd_manager - INFO - [Converter] GPSPrint: Returning parsed result
2026-08-20 21:40:37,970 - gpsd_manager - INFO - [Converter] GPSPrint: Parsed ZED data, has_gps_time=True
2026-08-20 21:40:37,971 - gpsd_manager - INFO - [Converter] GPSPrint: Returning parsed result
2026-08-20 21:40:38,993 - gpsd_manager - INFO - [Converter] GPSPrint: Parsed ZED data, has_gps_time=True
2026-08-20 21:40:38,993 - gpsd_manager - INFO - [Converter] GPSPrint: Returning parsed result
2026-08-20 21:40:40,020 - gpsd_manager - INFO - [Converter] GPSPrint: Parsed ZED data, has_gps_time=True
2026-08-20 21:40:40,020 - gpsd_manager - INFO - [Converter] GPSPrint: Returning parsed result
2026-08-20 21:40:41,237 - gpsd_manager - INFO - [Converter] GPSPrint: Parsed ZED data, has_gps_time=True
2026-08-20 21:40:41,237 - gpsd_manager - INFO - [Converter] GPSPrint: Returning parsed result
2026-08-20 21:40:43,287 - gpsd_manager - INFO - [Converter] GPSPrint: Parsed ZED data, has_gps_time=True
2026-08-20 21:40:43,287 - gpsd_manager - INFO - [Converter] GPSPrint: Returning parsed result
2026-08-20 21:40:44,340 - gpsd_manager - INFO - [Converter] GPSPrint: Parsed ZED data, has_gps_time=True
2026-08-20 21:40:44,340 - gpsd_manager - INFO - [Converter] GPSPrint: Returning parsed result
2026-08-20 21:40:45,392 - gpsd_manager - INFO - [Converter] GPSPrint: Parsed ZED data, has_gps_time=True
2026-08-20 21:40:45,392 - gpsd_manager - INFO - [Converter] GPSPrint: Returning parsed result
2026-08-20 21:40:46,543 - gpsd_manager - INFO - [Converter] GPSPrint: Parsed ZED data, has_gps_time=True
2026-08-20 21:40:46,543 - gpsd_manager - INFO - [Converter] GPSPrint: Returning parsed result
2026-08-20 21:40:47,600 - gpsd_manager - INFO - [Converter] GPSPrint: Parsed ZED data, has_gps_time=True
2026-08-20 21:40:47,600 - gpsd_manager - INFO - [Converter] GPSPrint: Returning parsed result
2026-08-20 21:40:48,655 - gpsd_manager - INFO - [Converter] GPSPrint: Parsed ZED data, has_gps_time=True
2026-08-20 21:40:48,655 - gpsd_manager - INFO - [Converter] GPSPrint: Returning parsed result
2026-08-20 21:40:49,708 - gpsd_manager - INFO - [Converter] GPSPrint: Parsed ZED data, has_gps_time=True
2026-08-20 21:40:49,708 - gpsd_manager - INFO - [Converter] GPSPrint: Returning parsed result
2026-08-20 21:40:50,766 - gpsd_manager - INFO - [Converter] GPSPrint: Parsed ZED data, has_gps_time=True
2026-08-20 21:40:50,767 - gpsd_manager - INFO - [Converter] GPSPrint: Returning parsed result
2026-08-20 21:40:51,790 - gpsd_manager - INFO - [Converter] GPSPrint: Parsed ZED data, has_gps_time=True
2026-08-20 21:40:51,790 - gpsd_manager - INFO - [Converter] GPSPrint: Returning parsed result
2026-08-20 21:40:52,810 - gpsd_manager - INFO - [Converter] GPSPrint: Parsed ZED data, has_gps_time=True
2026-08-20 21:40:52,810 - gpsd_manager - INFO - [Converter] GPSPrint: Returning parsed result
2026-08-20 21:40:53,935 - gpsd_manager - INFO - [Converter] GPSPrint: Parsed ZED data, has_gps_time=True
2026-08-20 21:40:53,936 - gpsd_manager - INFO - [Converter] GPSPrint: Returning parsed result
2026-08-20 21:40:54,952 - gpsd_manager - INFO - [Converter] GPSPrint: Parsed ZED data, has_gps_time=True
2026-08-20 21:40:54,952 - gpsd_manager - INFO - [Converter] GPSPrint: Returning parsed result
2026-08-20 21:40:55,976 - gpsd_manager - INFO - [Converter] GPSPrint: Parsed ZED data, has_gps_time=True
2026-08-20 21:40:55,977 - gpsd_manager - INFO - [Converter] GPSPrint: Returning parsed result
2026-08-20 21:40:57,003 - gpsd_manager - INFO - [Converter] GPSPrint: Parsed ZED data, has_gps_time=True
2026-08-20 21:40:57,004 - gpsd_manager - INFO - [Converter] GPSPrint: Returning parsed result
2026-08-20 21:40:58,023 - gpsd_manager - INFO - [Converter] GPSPrint: Parsed ZED data, has_gps_time=True
2026-08-20 21:40:58,023 - gpsd_manager - INFO - [Converter] GPSPrint: Returning parsed result
2026-08-20 21:40:58,955 - gpsd_manager - INFO - [Converter] GPSPrint: Parsed ZED data, has_gps_time=True
2026-08-20 21:40:58,955 - gpsd_manager - INFO - [Converter] GPSPrint: Returning parsed result
2026-08-20 21:41:00,075 - gpsd_manager - INFO - [Converter] GPSPrint: Parsed ZED data, has_gps_time=True
2026-08-20 21:41:00,075 - gpsd_manager - INFO - [Converter] GPSPrint: Returning parsed result
2026-08-20 21:41:01,104 - gpsd_manager - INFO - [Converter] GPSPrint: Parsed ZED data, has_gps_time=True
2026-08-20 21:41:01,104 - gpsd_manager - INFO - [Converter] GPSPrint: Returning parsed result
2026-08-20 21:41:03,014 - gpsd_manager - INFO - [Converter] GPSPrint: Parsed ZED data, has_gps_time=True
2026-08-20 21:41:03,014 - gpsd_manager - INFO - [Converter] GPSPrint: Returning parsed result
2026-08-20 21:41:04,037 - gpsd_manager - INFO - [Converter] GPSPrint: Parsed ZED data, has_gps_time=True
2026-08-20 21:41:04,037 - gpsd_manager - INFO - [Converter] GPSPrint: Returning parsed result
2026-08-20 21:41:04,970 - gpsd_manager - INFO - [Converter] GPSPrint: Parsed ZED data, has_gps_time=True
2026-08-20 21:41:04,970 - gpsd_manager - INFO - [Converter] GPSPrint: Returning parsed result
2026-08-20 21:41:05,994 - gpsd_manager - INFO - [Converter] GPSPrint: Parsed ZED data, has_gps_time=True
2026-08-20 21:41:05,994 - gpsd_manager - INFO - [Converter] GPSPrint: Returning parsed result
2026-08-20 21:41:07,210 - gpsd_manager - INFO - [Converter] GPSPrint: Parsed ZED data, has_gps_time=True
2026-08-20 21:41:07,210 - gpsd_manager - INFO - [Converter] GPSPrint: Returning parsed result
2026-08-20 21:41:08,265 - gpsd_manager - INFO - [Converter] GPSPrint: Parsed ZED data, has_gps_time=True
2026-08-20 21:41:08,265 - gpsd_manager - INFO - [Converter] GPSPrint: Returning parsed result
2026-08-20 21:41:09,420 - gpsd_manager - INFO - [Converter] GPSPrint: Parsed ZED data, has_gps_time=True
2026-08-20 21:41:09,420 - gpsd_manager - INFO - [Converter] GPSPrint: Returning parsed result
2026-08-20 21:41:10,473 - gpsd_manager - INFO - [Converter] GPSPrint: Parsed ZED data, has_gps_time=True
2026-08-20 21:41:10,474 - gpsd_manager - INFO - [Converter] GPSPrint: Returning parsed result
2026-08-20 21:41:11,529 - gpsd_manager - INFO - [Converter] GPSPrint: Parsed ZED data, has_gps_time=True
2026-08-20 21:41:11,529 - gpsd_manager - INFO - [Converter] GPSPrint: Returning parsed result
2026-08-20 21:41:12,684 - gpsd_manager - INFO - [Converter] GPSPrint: Parsed ZED data, has_gps_time=True
2026-08-20 21:41:12,685 - gpsd_manager - INFO - [Converter] GPSPrint: Returning parsed result
2026-08-20 21:41:13,732 - gpsd_manager - INFO - [Converter] GPSPrint: Parsed ZED data, has_gps_time=True
2026-08-20 21:41:13,732 - gpsd_manager - INFO - [Converter] GPSPrint: Returning parsed result
2026-08-20 21:41:14,861 - gpsd_manager - INFO - [Converter] GPSPrint: Parsed ZED data, has_gps_time=True
2026-08-20 21:41:14,862 - gpsd_manager - INFO - [Converter] GPSPrint: Returning parsed result
2026-08-20 21:41:15,978 - gpsd_manager - INFO - [Converter] GPSPrint: Parsed ZED data, has_gps_time=True
2026-08-20 21:41:15,978 - gpsd_manager - INFO - [Converter] GPSPrint: Returning parsed result
2026-08-20 21:41:17,009 - gpsd_manager - INFO - [Converter] GPSPrint: Parsed ZED data, has_gps_time=True
2026-08-20 21:41:17,009 - gpsd_manager - INFO - [Converter] GPSPrint: Returning parsed result
2026-08-20 21:41:18,032 - gpsd_manager - INFO - [Converter] GPSPrint: Parsed ZED data, has_gps_time=True
2026-08-20 21:41:18,032 - gpsd_manager - INFO - [Converter] GPSPrint: Returning parsed result
2026-08-20 21:41:19,049 - gpsd_manager - INFO - [Converter] GPSPrint: Parsed ZED data, has_gps_time=True
2026-08-20 21:41:19,049 - gpsd_manager - INFO - [Converter] GPSPrint: Returning parsed result
2026-08-20 21:41:19,979 - gpsd_manager - INFO - [Converter] GPSPrint: Parsed ZED data, has_gps_time=True
2026-08-20 21:41:19,979 - gpsd_manager - INFO - [Converter] GPSPrint: Returning parsed result
2026-08-20 21:41:21,002 - gpsd_manager - INFO - [Converter] GPSPrint: Parsed ZED data, has_gps_time=True
2026-08-20 21:41:21,002 - gpsd_manager - INFO - [Converter] GPSPrint: Returning parsed result
2026-08-20 21:41:22,018 - gpsd_manager - INFO - [Converter] GPSPrint: Parsed ZED data, has_gps_time=True
2026-08-20 21:41:22,018 - gpsd_manager - INFO - [Converter] GPSPrint: Returning parsed result
2026-08-20 21:41:23,043 - gpsd_manager - INFO - [Converter] GPSPrint: Parsed ZED data, has_gps_time=True
2026-08-20 21:41:23,043 - gpsd_manager - INFO - [Converter] GPSPrint: Returning parsed result
2026-08-20 21:41:23,966 - gpsd_manager - INFO - [Converter] GPSPrint: Parsed ZED data, has_gps_time=True
2026-08-20 21:41:23,967 - gpsd_manager - INFO - [Converter] GPSPrint: Returning parsed result
2026-08-20 21:41:24,994 - gpsd_manager - INFO - [Converter] GPSPrint: Parsed ZED data, has_gps_time=True
2026-08-20 21:41:24,995 - gpsd_manager - INFO - [Converter] GPSPrint: Returning parsed result
2026-08-20 21:41:26,014 - gpsd_manager - INFO - [Converter] GPSPrint: Parsed ZED data, has_gps_time=True
2026-08-20 21:41:26,014 - gpsd_manager - INFO - [Converter] GPSPrint: Returning parsed result
2026-08-20 21:41:27,047 - gpsd_manager - INFO - [Converter] GPSPrint: Parsed ZED data, has_gps_time=True
2026-08-20 21:41:27,047 - gpsd_manager - INFO - [Converter] GPSPrint: Returning parsed result
2026-08-20 21:41:27,969 - gpsd_manager - INFO - [Converter] GPSPrint: Parsed ZED data, has_gps_time=True
2026-08-20 21:41:27,969 - gpsd_manager - INFO - [Converter] GPSPrint: Returning parsed result
2026-08-20 21:41:28,992 - gpsd_manager - INFO - [Converter] GPSPrint: Parsed ZED data, has_gps_time=True
2026-08-20 21:41:28,992 - gpsd_manager - INFO - [Converter] GPSPrint: Returning parsed result
2026-08-20 21:41:30,009 - gpsd_manager - INFO - [Converter] GPSPrint: Parsed ZED data, has_gps_time=True
2026-08-20 21:41:30,009 - gpsd_manager - INFO - [Converter] GPSPrint: Returning parsed result
2026-08-20 21:41:31,039 - gpsd_manager - INFO - [Converter] GPSPrint: Parsed ZED data, has_gps_time=True
2026-08-20 21:41:31,040 - gpsd_manager - INFO - [Converter] GPSPrint: Returning parsed result
2026-08-20 21:41:31,963 - gpsd_manager - INFO - [Converter] GPSPrint: Parsed ZED data, has_gps_time=True
2026-08-20 21:41:31,963 - gpsd_manager - INFO - [Converter] GPSPrint: Returning parsed result
2026-08-20 21:41:33,081 - gpsd_manager - INFO - [Converter] GPSPrint: Parsed ZED data, has_gps_time=True
2026-08-20 21:41:33,082 - gpsd_manager - INFO - [Converter] GPSPrint: Returning parsed result
2026-08-20 21:41:34,112 - gpsd_manager - INFO - [Converter] GPSPrint: Parsed ZED data, has_gps_time=True
2026-08-20 21:41:34,112 - gpsd_manager - INFO - [Converter] GPSPrint: Returning parsed result
2026-08-20 21:41:35,037 - gpsd_manager - INFO - [Converter] GPSPrint: Parsed ZED data, has_gps_time=True
2026-08-20 21:41:35,037 - gpsd_manager - INFO - [Converter] GPSPrint: Returning parsed result
2026-08-20 21:41:36,057 - gpsd_manager - INFO - [Converter] GPSPrint: Parsed ZED data, has_gps_time=True
2026-08-20 21:41:36,057 - gpsd_manager - INFO - [Converter] GPSPrint: Returning parsed result
2026-08-20 21:41:37,083 - gpsd_manager - INFO - [Converter] GPSPrint: Parsed ZED data, has_gps_time=True
2026-08-20 21:41:37,083 - gpsd_manager - INFO - [Converter] GPSPrint: Returning parsed result
2026-08-20 21:41:38,002 - gpsd_manager - INFO - [Converter] GPSPrint: Parsed ZED data, has_gps_time=True
2026-08-20 21:41:38,002 - gpsd_manager - INFO - [Converter] GPSPrint: Returning parsed result
2026-08-20 21:41:39,026 - gpsd_manager - INFO - [Converter] GPSPrint: Parsed ZED data, has_gps_time=True
2026-08-20 21:41:39,026 - gpsd_manager - INFO - [Converter] GPSPrint: Returning parsed result
2026-08-20 21:41:40,049 - gpsd_manager - INFO - [Converter] GPSPrint: Parsed ZED data, has_gps_time=True
2026-08-20 21:41:40,050 - gpsd_manager - INFO - [Converter] GPSPrint: Returning parsed result
2026-08-20 21:41:41,075 - gpsd_manager - INFO - [Converter] GPSPrint: Parsed ZED data, has_gps_time=True
2026-08-20 21:41:41,076 - gpsd_manager - INFO - [Converter] GPSPrint: Returning parsed result
2026-08-20 21:41:42,099 - gpsd_manager - INFO - [Converter] GPSPrint: Parsed ZED data, has_gps_time=True
2026-08-20 21:41:42,099 - gpsd_manager - INFO - [Converter] GPSPrint: Returning parsed result
2026-08-20 21:41:43,024 - gpsd_manager - INFO - [Converter] GPSPrint: Parsed ZED data, has_gps_time=True
2026-08-20 21:41:43,024 - gpsd_manager - INFO - [Converter] GPSPrint: Returning parsed result
2026-08-20 21:41:44,050 - gpsd_manager - INFO - [Converter] GPSPrint: Parsed ZED data, has_gps_time=True
2026-08-20 21:41:44,050 - gpsd_manager - INFO - [Converter] GPSPrint: Returning parsed result
2026-08-20 21:41:45,074 - gpsd_manager - INFO - [Converter] GPSPrint: Parsed ZED data, has_gps_time=True
2026-08-20 21:41:45,074 - gpsd_manager - INFO - [Converter] GPSPrint: Returning parsed result
2026-08-20 21:41:46,091 - gpsd_manager - INFO - [Converter] GPSPrint: Parsed ZED data, has_gps_time=True
2026-08-20 21:41:46,091 - gpsd_manager - INFO - [Converter] GPSPrint: Returning parsed result
2026-08-20 21:41:47,024 - gpsd_manager - INFO - [Converter] GPSPrint: Parsed ZED data, has_gps_time=True
2026-08-20 21:41:47,024 - gpsd_manager - INFO - [Converter] GPSPrint: Returning parsed result
2026-08-20 21:41:48,040 - gpsd_manager - INFO - [Converter] GPSPrint: Parsed ZED data, has_gps_time=True
2026-08-20 21:41:48,040 - gpsd_manager - INFO - [Converter] GPSPrint: Returning parsed result
2026-08-20 21:41:48,962 - gpsd_manager - INFO - [Converter] GPSPrint: Parsed ZED data, has_gps_time=True
2026-08-20 21:41:48,964 - gpsd_manager - INFO - [Converter] GPSPrint: Returning parsed result
2026-08-20 21:41:50,091 - gpsd_manager - INFO - [Converter] GPSPrint: Parsed ZED data, has_gps_time=True
2026-08-20 21:41:50,091 - gpsd_manager - INFO - [Converter] GPSPrint: Returning parsed result
2026-08-20 21:41:51,240 - gpsd_manager - INFO - [Converter] GPSPrint: Parsed ZED data, has_gps_time=True
2026-08-20 21:41:51,240 - gpsd_manager - INFO - [Converter] GPSPrint: Returning parsed result
2026-08-20 21:41:53,195 - gpsd_manager - INFO - [Converter] GPSPrint: Parsed ZED data, has_gps_time=True
2026-08-20 21:41:53,195 - gpsd_manager - INFO - [Converter] GPSPrint: Returning parsed result
2026-08-20 21:41:54,211 - gpsd_manager - INFO - [Converter] GPSPrint: Parsed ZED data, has_gps_time=True
2026-08-20 21:41:54,211 - gpsd_manager - INFO - [Converter] GPSPrint: Returning parsed result
2026-08-20 21:41:55,270 - gpsd_manager - INFO - [Converter] GPSPrint: Parsed ZED data, has_gps_time=True
2026-08-20 21:41:55,270 - gpsd_manager - INFO - [Converter] GPSPrint: Returning parsed result
2026-08-20 21:41:56,190 - gpsd_manager - INFO - [Converter] GPSPrint: Parsed ZED data, has_gps_time=True
2026-08-20 21:41:56,190 - gpsd_manager - INFO - [Converter] GPSPrint: Returning parsed result
2026-08-20 21:41:57,143 - gpsd_manager - INFO - [Converter] GPSPrint: Parsed ZED data, has_gps_time=True
2026-08-20 21:41:57,144 - gpsd_manager - INFO - [Converter] GPSPrint: Returning parsed result
2026-08-20 21:41:58,167 - gpsd_manager - INFO - [Converter] GPSPrint: Parsed ZED data, has_gps_time=True
2026-08-20 21:41:58,167 - gpsd_manager - INFO - [Converter] GPSPrint: Returning parsed result
2026-08-20 21:41:59,227 - gpsd_manager - INFO - [Converter] GPSPrint: Parsed ZED data, has_gps_time=True
2026-08-20 21:41:59,227 - gpsd_manager - INFO - [Converter] GPSPrint: Returning parsed result
2026-08-20 21:42:00,248 - gpsd_manager - INFO - [Converter] GPSPrint: Parsed ZED data, has_gps_time=True
2026-08-20 21:42:00,248 - gpsd_manager - INFO - [Converter] GPSPrint: Returning parsed result
2026-08-20 21:42:01,168 - gpsd_manager - INFO - [Converter] GPSPrint: Parsed ZED data, has_gps_time=True
2026-08-20 21:42:01,168 - gpsd_manager - INFO - [Converter] GPSPrint: Returning parsed result
2026-08-20 21:42:02,320 - gpsd_manager - INFO - [Converter] GPSPrint: Parsed ZED data, has_gps_time=True
2026-08-20 21:42:02,320 - gpsd_manager - INFO - [Converter] GPSPrint: Returning parsed result
2026-08-20 21:42:03,382 - gpsd_manager - INFO - [Converter] GPSPrint: Parsed ZED data, has_gps_time=True
2026-08-20 21:42:03,382 - gpsd_manager - INFO - [Converter] GPSPrint: Returning parsed result
2026-08-20 21:42:04,427 - gpsd_manager - INFO - [Converter] GPSPrint: Parsed ZED data, has_gps_time=True
2026-08-20 21:42:04,427 - gpsd_manager - INFO - [Converter] GPSPrint: Returning parsed result
2026-08-20 21:42:05,481 - gpsd_manager - INFO - [Converter] GPSPrint: Parsed ZED data, has_gps_time=True
2026-08-20 21:42:05,482 - gpsd_manager - INFO - [Converter] GPSPrint: Returning parsed result
2026-08-20 21:42:06,536 - gpsd_manager - INFO - [Converter] GPSPrint: Parsed ZED data, has_gps_time=True
2026-08-20 21:42:06,536 - gpsd_manager - INFO - [Converter] GPSPrint: Returning parsed result
2026-08-20 21:42:07,588 - gpsd_manager - INFO - [Converter] GPSPrint: Parsed ZED data, has_gps_time=True
2026-08-20 21:42:07,588 - gpsd_manager - INFO - [Converter] GPSPrint: Returning parsed result
2026-08-20 21:42:08,642 - gpsd_manager - INFO - [Converter] GPSPrint: Parsed ZED data, has_gps_time=True
2026-08-20 21:42:08,642 - gpsd_manager - INFO - [Converter] GPSPrint: Returning parsed result
2026-08-20 21:42:09,699 - gpsd_manager - INFO - [Converter] GPSPrint: Parsed ZED data, has_gps_time=True
2026-08-20 21:42:09,699 - gpsd_manager - INFO - [Converter] GPSPrint: Returning parsed result
2026-08-20 21:42:10,756 - gpsd_manager - INFO - [Converter] GPSPrint: Parsed ZED data, has_gps_time=True
2026-08-20 21:42:10,756 - gpsd_manager - INFO - [Converter] GPSPrint: Returning parsed result
2026-08-20 21:42:11,874 - gpsd_manager - INFO - [Converter] GPSPrint: Parsed ZED data, has_gps_time=True
2026-08-20 21:42:11,874 - gpsd_manager - INFO - [Converter] GPSPrint: Returning parsed result
2026-08-20 21:42:12,993 - gpsd_manager - INFO - [Converter] GPSPrint: Parsed ZED data, has_gps_time=True
2026-08-20 21:42:12,993 - gpsd_manager - INFO - [Converter] GPSPrint: Returning parsed result
2026-08-20 21:42:14,020 - gpsd_manager - INFO - [Converter] GPSPrint: Parsed ZED data, has_gps_time=True
2026-08-20 21:42:14,020 - gpsd_manager - INFO - [Converter] GPSPrint: Returning parsed result
2026-08-20 21:42:15,045 - gpsd_manager - INFO - [Converter] GPSPrint: Parsed ZED data, has_gps_time=True
2026-08-20 21:42:15,045 - gpsd_manager - INFO - [Converter] GPSPrint: Returning parsed result
2026-08-20 21:42:15,970 - gpsd_manager - INFO - [Converter] GPSPrint: Parsed ZED data, has_gps_time=True
2026-08-20 21:42:15,970 - gpsd_manager - INFO - [Converter] GPSPrint: Returning parsed result
2026-08-20 21:42:16,993 - gpsd_manager - INFO - [Converter] GPSPrint: Parsed ZED data, has_gps_time=True
2026-08-20 21:42:16,993 - gpsd_manager - INFO - [Converter] GPSPrint: Returning parsed result
2026-08-20 21:42:18,012 - gpsd_manager - INFO - [Converter] GPSPrint: Parsed ZED data, has_gps_time=True
2026-08-20 21:42:18,012 - gpsd_manager - INFO - [Converter] GPSPrint: Returning parsed result
2026-08-20 21:42:18,939 - gpsd_manager - INFO - [Converter] GPSPrint: Parsed ZED data, has_gps_time=True
2026-08-20 21:42:18,939 - gpsd_manager - INFO - [Converter] GPSPrint: Returning parsed result
2026-08-20 21:42:20,066 - gpsd_manager - INFO - [Converter] GPSPrint: Parsed ZED data, has_gps_time=True
2026-08-20 21:42:20,066 - gpsd_manager - INFO - [Converter] GPSPrint: Returning parsed result
2026-08-20 21:42:20,983 - gpsd_manager - INFO - [Converter] GPSPrint: Parsed ZED data, has_gps_time=True
2026-08-20 21:42:20,983 - gpsd_manager - INFO - [Converter] GPSPrint: Returning parsed result
2026-08-20 21:42:22,004 - gpsd_manager - INFO - [Converter] GPSPrint: Parsed ZED data, has_gps_time=True
2026-08-20 21:42:22,005 - gpsd_manager - INFO - [Converter] GPSPrint: Returning parsed result
2026-08-20 21:42:22,934 - gpsd_manager - INFO - [Converter] GPSPrint: Parsed ZED data, has_gps_time=True
2026-08-20 21:42:22,934 - gpsd_manager - INFO - [Converter] GPSPrint: Returning parsed result
2026-08-20 21:42:23,957 - gpsd_manager - INFO - [Converter] GPSPrint: Parsed ZED data, has_gps_time=True
2026-08-20 21:42:23,957 - gpsd_manager - INFO - [Converter] GPSPrint: Returning parsed result
2026-08-20 21:42:24,979 - gpsd_manager - INFO - [Converter] GPSPrint: Parsed ZED data, has_gps_time=True
2026-08-20 21:42:24,979 - gpsd_manager - INFO - [Converter] GPSPrint: Returning parsed result
2026-08-20 21:42:25,998 - gpsd_manager - INFO - [Converter] GPSPrint: Parsed ZED data, has_gps_time=True
2026-08-20 21:42:25,998 - gpsd_manager - INFO - [Converter] GPSPrint: Returning parsed result
2026-08-20 21:42:27,031 - gpsd_manager - INFO - [Converter] GPSPrint: Parsed ZED data, has_gps_time=True
2026-08-20 21:42:27,032 - gpsd_manager - INFO - [Converter] GPSPrint: Returning parsed result
2026-08-20 21:42:27,955 - gpsd_manager - INFO - [Converter] GPSPrint: Parsed ZED data, has_gps_time=True
2026-08-20 21:42:27,956 - gpsd_manager - INFO - [Converter] GPSPrint: Returning parsed result
2026-08-20 21:42:28,969 - gpsd_manager - INFO - [Converter] GPSPrint: Parsed ZED data, has_gps_time=True
2026-08-20 21:42:28,969 - gpsd_manager - INFO - [Converter] GPSPrint: Returning parsed result
2026-08-20 21:42:29,992 - gpsd_manager - INFO - [Converter] GPSPrint: Parsed ZED data, has_gps_time=True
2026-08-20 21:42:29,992 - gpsd_manager - INFO - [Converter] GPSPrint: Returning parsed result
2026-08-20 21:42:30,922 - gpsd_manager - INFO - [Converter] GPSPrint: Parsed ZED data, has_gps_time=True
2026-08-20 21:42:30,922 - gpsd_manager - INFO - [Converter] GPSPrint: Returning parsed result
2026-08-20 21:42:31,941 - gpsd_manager - INFO - [Converter] GPSPrint: Parsed ZED data, has_gps_time=True
2026-08-20 21:42:31,941 - gpsd_manager - INFO - [Converter] GPSPrint: Returning parsed result
2026-08-20 21:42:32,966 - gpsd_manager - INFO - [Converter] GPSPrint: Parsed ZED data, has_gps_time=True
2026-08-20 21:42:32,966 - gpsd_manager - INFO - [Converter] GPSPrint: Returning parsed result
2026-08-20 21:42:33,987 - gpsd_manager - INFO - [Converter] GPSPrint: Parsed ZED data, has_gps_time=True
2026-08-20 21:42:33,987 - gpsd_manager - INFO - [Converter] GPSPrint: Returning parsed result
2026-08-20 21:42:35,018 - gpsd_manager - INFO - [Converter] GPSPrint: Parsed ZED data, has_gps_time=True
2026-08-20 21:42:35,018 - gpsd_manager - INFO - [Converter] GPSPrint: Returning parsed result
2026-08-20 21:42:35,938 - gpsd_manager - INFO - [Converter] GPSPrint: Parsed ZED data, has_gps_time=True
2026-08-20 21:42:35,938 - gpsd_manager - INFO - [Converter] GPSPrint: Returning parsed result
2026-08-20 21:42:37,060 - gpsd_manager - INFO - [Converter] GPSPrint: Parsed ZED data, has_gps_time=True
2026-08-20 21:42:37,060 - gpsd_manager - INFO - [Converter] GPSPrint: Returning parsed result
2026-08-20 21:42:37,983 - gpsd_manager - INFO - [Converter] GPSPrint: Parsed ZED data, has_gps_time=True
2026-08-20 21:42:37,983 - gpsd_manager - INFO - [Converter] GPSPrint: Returning parsed result
2026-08-20 21:42:38,911 - gpsd_manager - INFO - [Converter] GPSPrint: Parsed ZED data, has_gps_time=True
2026-08-20 21:42:38,912 - gpsd_manager - INFO - [Converter] GPSPrint: Returning parsed result
2026-08-20 21:42:39,933 - gpsd_manager - INFO - [Converter] GPSPrint: Parsed ZED data, has_gps_time=True
2026-08-20 21:42:39,933 - gpsd_manager - INFO - [Converter] GPSPrint: Returning parsed result
2026-08-20 21:42:40,957 - gpsd_manager - INFO - [Converter] GPSPrint: Parsed ZED data, has_gps_time=True
2026-08-20 21:42:40,957 - gpsd_manager - INFO - [Converter] GPSPrint: Returning parsed result
2026-08-20 21:42:41,875 - gpsd_manager - INFO - [Converter] GPSPrint: Parsed ZED data, has_gps_time=True
2026-08-20 21:42:41,875 - gpsd_manager - INFO - [Converter] GPSPrint: Returning parsed result
2026-08-20 21:42:42,904 - gpsd_manager - INFO - [Converter] GPSPrint: Parsed ZED data, has_gps_time=True
2026-08-20 21:42:42,905 - gpsd_manager - INFO - [Converter] GPSPrint: Returning parsed result
2026-08-20 21:42:43,929 - gpsd_manager - INFO - [Converter] GPSPrint: Parsed ZED data, has_gps_time=True
2026-08-20 21:42:43,930 - gpsd_manager - INFO - [Converter] GPSPrint: Returning parsed result
2026-08-20 21:42:44,952 - gpsd_manager - INFO - [Converter] GPSPrint: Parsed ZED data, has_gps_time=True
2026-08-20 21:42:44,952 - gpsd_manager - INFO - [Converter] GPSPrint: Returning parsed result
2026-08-20 21:42:45,900 - gpsd_manager - INFO - [Converter] GPSPrint: Parsed ZED data, has_gps_time=True
2026-08-20 21:42:45,900 - gpsd_manager - INFO - [Converter] GPSPrint: Returning parsed result
2026-08-20 21:42:46,928 - gpsd_manager - INFO - [Converter] GPSPrint: Parsed ZED data, has_gps_time=True
2026-08-20 21:42:46,928 - gpsd_manager - INFO - [Converter] GPSPrint: Returning parsed result
2026-08-20 21:42:47,856 - gpsd_manager - INFO - [Converter] GPSPrint: Parsed ZED data, has_gps_time=True
2026-08-20 21:42:47,856 - gpsd_manager - INFO - [Converter] GPSPrint: Returning parsed result
2026-08-20 21:42:48,881 - gpsd_manager - INFO - [Converter] GPSPrint: Parsed ZED data, has_gps_time=True
2026-08-20 21:42:48,882 - gpsd_manager - INFO - [Converter] GPSPrint: Returning parsed result
2026-08-20 21:42:49,898 - gpsd_manager - INFO - [Converter] GPSPrint: Parsed ZED data, has_gps_time=True
2026-08-20 21:42:49,899 - gpsd_manager - INFO - [Converter] GPSPrint: Returning parsed result
2026-08-20 21:42:50,927 - gpsd_manager - INFO - [Converter] GPSPrint: Parsed ZED data, has_gps_time=True
2026-08-20 21:42:50,927 - gpsd_manager - INFO - [Converter] GPSPrint: Returning parsed result
2026-08-20 21:42:51,947 - gpsd_manager - INFO - [Converter] GPSPrint: Parsed ZED data, has_gps_time=True
2026-08-20 21:42:51,947 - gpsd_manager - INFO - [Converter] GPSPrint: Returning parsed result
2026-08-20 21:42:52,967 - gpsd_manager - INFO - [Converter] GPSPrint: Parsed ZED data, has_gps_time=True
2026-08-20 21:42:52,967 - gpsd_manager - INFO - [Converter] GPSPrint: Returning parsed result
2026-08-20 21:42:53,997 - gpsd_manager - INFO - [Converter] GPSPrint: Parsed ZED data, has_gps_time=True
2026-08-20 21:42:53,998 - gpsd_manager - INFO - [Converter] GPSPrint: Returning parsed result
2026-08-20 21:42:55,022 - gpsd_manager - INFO - [Converter] GPSPrint: Parsed ZED data, has_gps_time=True
2026-08-20 21:42:55,022 - gpsd_manager - INFO - [Converter] GPSPrint: Returning parsed result
2026-08-20 21:42:55,943 - gpsd_manager - INFO - [Converter] GPSPrint: Parsed ZED data, has_gps_time=True
2026-08-20 21:42:55,943 - gpsd_manager - INFO - [Converter] GPSPrint: Returning parsed result
2026-08-20 21:42:56,963 - gpsd_manager - INFO - [Converter] GPSPrint: Parsed ZED data, has_gps_time=True
2026-08-20 21:42:56,963 - gpsd_manager - INFO - [Converter] GPSPrint: Returning parsed result
2026-08-20 21:42:57,985 - gpsd_manager - INFO - [Converter] GPSPrint: Parsed ZED data, has_gps_time=True
2026-08-20 21:42:57,985 - gpsd_manager - INFO - [Converter] GPSPrint: Returning parsed result
2026-08-20 21:42:59,010 - gpsd_manager - INFO - [Converter] GPSPrint: Parsed ZED data, has_gps_time=True
2026-08-20 21:42:59,010 - gpsd_manager - INFO - [Converter] GPSPrint: Returning parsed result
2026-08-20 21:42:59,933 - gpsd_manager - INFO - [Converter] GPSPrint: Parsed ZED data, has_gps_time=True
2026-08-20 21:42:59,933 - gpsd_manager - INFO - [Converter] GPSPrint: Returning parsed result
2026-08-20 21:43:00,960 - gpsd_manager - INFO - [Converter] GPSPrint: Parsed ZED data, has_gps_time=True
2026-08-20 21:43:00,960 - gpsd_manager - INFO - [Converter] GPSPrint: Returning parsed result
2026-08-20 21:43:01,888 - gpsd_manager - INFO - [Converter] GPSPrint: Parsed ZED data, has_gps_time=True
2026-08-20 21:43:01,888 - gpsd_manager - INFO - [Converter] GPSPrint: Returning parsed result
2026-08-20 21:43:02,910 - gpsd_manager - INFO - [Converter] GPSPrint: Parsed ZED data, has_gps_time=True
2026-08-20 21:43:02,910 - gpsd_manager - INFO - [Converter] GPSPrint: Returning parsed result
2026-08-20 21:43:04,035 - gpsd_manager - INFO - [Converter] GPSPrint: Parsed ZED data, has_gps_time=True
2026-08-20 21:43:04,036 - gpsd_manager - INFO - [Converter] GPSPrint: Returning parsed result
2026-08-20 21:43:05,055 - gpsd_manager - INFO - [Converter] GPSPrint: Parsed ZED data, has_gps_time=True
2026-08-20 21:43:05,055 - gpsd_manager - INFO - [Converter] GPSPrint: Returning parsed result
2026-08-20 21:43:06,077 - gpsd_manager - INFO - [Converter] GPSPrint: Parsed ZED data, has_gps_time=True
2026-08-20 21:43:06,078 - gpsd_manager - INFO - [Converter] GPSPrint: Returning parsed result
2026-08-20 21:43:07,000 - gpsd_manager - INFO - [Converter] GPSPrint: Parsed ZED data, has_gps_time=True
2026-08-20 21:43:07,000 - gpsd_manager - INFO - [Converter] GPSPrint: Returning parsed result
2026-08-20 21:43:08,031 - gpsd_manager - INFO - [Converter] GPSPrint: Parsed ZED data, has_gps_time=True
2026-08-20 21:43:08,031 - gpsd_manager - INFO - [Converter] GPSPrint: Returning parsed result
2026-08-20 21:43:08,952 - gpsd_manager - INFO - [Converter] GPSPrint: Parsed ZED data, has_gps_time=True
2026-08-20 21:43:08,952 - gpsd_manager - INFO - [Converter] GPSPrint: Returning parsed result
2026-08-20 21:43:09,971 - gpsd_manager - INFO - [Converter] GPSPrint: Parsed ZED data, has_gps_time=True
2026-08-20 21:43:09,971 - gpsd_manager - INFO - [Converter] GPSPrint: Returning parsed result
2026-08-20 21:43:10,995 - gpsd_manager - INFO - [Converter] GPSPrint: Parsed ZED data, has_gps_time=True
2026-08-20 21:43:10,995 - gpsd_manager - INFO - [Converter] GPSPrint: Returning parsed result
2026-08-20 21:43:11,927 - gpsd_manager - INFO - [Converter] GPSPrint: Parsed ZED data, has_gps_time=True
2026-08-20 21:43:11,927 - gpsd_manager - INFO - [Converter] GPSPrint: Returning parsed result
2026-08-20 21:43:12,950 - gpsd_manager - INFO - [Converter] GPSPrint: Parsed ZED data, has_gps_time=True
2026-08-20 21:43:12,950 - gpsd_manager - INFO - [Converter] GPSPrint: Returning parsed result
2026-08-20 21:43:13,973 - gpsd_manager - INFO - [Converter] GPSPrint: Parsed ZED data, has_gps_time=True
2026-08-20 21:43:13,973 - gpsd_manager - INFO - [Converter] GPSPrint: Returning parsed result
2026-08-20 21:43:14,898 - gpsd_manager - INFO - [Converter] GPSPrint: Parsed ZED data, has_gps_time=True
2026-08-20 21:43:14,898 - gpsd_manager - INFO - [Converter] GPSPrint: Returning parsed result
2026-08-20 21:43:16,019 - gpsd_manager - INFO - [Converter] GPSPrint: Parsed ZED data, has_gps_time=True
2026-08-20 21:43:16,019 - gpsd_manager - INFO - [Converter] GPSPrint: Returning parsed result
2026-08-20 21:43:16,943 - gpsd_manager - INFO - [Converter] GPSPrint: Parsed ZED data, has_gps_time=True
2026-08-20 21:43:16,943 - gpsd_manager - INFO - [Converter] GPSPrint: Returning parsed result
2026-08-20 21:43:17,966 - gpsd_manager - INFO - [Converter] GPSPrint: Parsed ZED data, has_gps_time=True
2026-08-20 21:43:17,966 - gpsd_manager - INFO - [Converter] GPSPrint: Returning parsed result
2026-08-20 21:43:18,994 - gpsd_manager - INFO - [Converter] GPSPrint: Parsed ZED data, has_gps_time=True
2026-08-20 21:43:18,994 - gpsd_manager - INFO - [Converter] GPSPrint: Returning parsed result
2026-08-20 21:43:20,018 - gpsd_manager - INFO - [Converter] GPSPrint: Parsed ZED data, has_gps_time=True
2026-08-20 21:43:20,018 - gpsd_manager - INFO - [Converter] GPSPrint: Returning parsed result
2026-08-20 21:43:21,034 - gpsd_manager - INFO - [Converter] GPSPrint: Parsed ZED data, has_gps_time=True
2026-08-20 21:43:21,034 - gpsd_manager - INFO - [Converter] GPSPrint: Returning parsed result
2026-08-20 21:43:22,056 - gpsd_manager - INFO - [Converter] GPSPrint: Parsed ZED data, has_gps_time=True
2026-08-20 21:43:22,056 - gpsd_manager - INFO - [Converter] GPSPrint: Returning parsed result
2026-08-20 21:43:23,977 - gpsd_manager - INFO - [Converter] GPSPrint: Parsed ZED data, has_gps_time=True
2026-08-20 21:43:23,977 - gpsd_manager - INFO - [Converter] GPSPrint: Returning parsed result
2026-08-20 21:43:24,999 - gpsd_manager - INFO - [Converter] GPSPrint: Parsed ZED data, has_gps_time=True
2026-08-20 21:43:25,000 - gpsd_manager - INFO - [Converter] GPSPrint: Returning parsed result
2026-08-20 21:43:27,247 - gpsd_manager - INFO - [Converter] GPSPrint: Parsed ZED data, has_gps_time=True
2026-08-20 21:43:27,247 - gpsd_manager - INFO - [Converter] GPSPrint: Returning parsed result
2026-08-20 21:43:28,403 - gpsd_manager - INFO - [Converter] GPSPrint: Parsed ZED data, has_gps_time=True
2026-08-20 21:43:28,403 - gpsd_manager - INFO - [Converter] GPSPrint: Returning parsed result
2026-08-20 21:43:29,349 - gpsd_manager - INFO - [Converter] GPSPrint: Parsed ZED data, has_gps_time=True
2026-08-20 21:43:29,349 - gpsd_manager - INFO - [Converter] GPSPrint: Returning parsed result
2026-08-20 21:43:30,308 - gpsd_manager - INFO - [Converter] GPSPrint: Parsed ZED data, has_gps_time=True
2026-08-20 21:43:30,308 - gpsd_manager - INFO - [Converter] GPSPrint: Returning parsed result
2026-08-20 21:43:31,259 - gpsd_manager - INFO - [Converter] GPSPrint: Parsed ZED data, has_gps_time=True
2026-08-20 21:43:31,259 - gpsd_manager - INFO - [Converter] GPSPrint: Returning parsed result
2026-08-20 21:43:32,418 - gpsd_manager - INFO - [Converter] GPSPrint: Parsed ZED data, has_gps_time=True
2026-08-20 21:43:32,418 - gpsd_manager - INFO - [Converter] GPSPrint: Returning parsed result
2026-08-20 21:43:33,471 - gpsd_manager - INFO - [Converter] GPSPrint: Parsed ZED data, has_gps_time=True
2026-08-20 21:43:33,472 - gpsd_manager - INFO - [Converter] GPSPrint: Returning parsed result
2026-08-20 21:43:34,319 - gpsd_manager - INFO - [Converter] GPSPrint: Parsed ZED data, has_gps_time=True
2026-08-20 21:43:34,320 - gpsd_manager - INFO - [Converter] GPSPrint: Returning parsed result
2026-08-20 21:43:35,272 - gpsd_manager - INFO - [Converter] GPSPrint: Parsed ZED data, has_gps_time=True
2026-08-20 21:43:35,272 - gpsd_manager - INFO - [Converter] GPSPrint: Returning parsed result
2026-08-20 21:43:36,430 - gpsd_manager - INFO - [Converter] GPSPrint: Parsed ZED data, has_gps_time=True
2026-08-20 21:43:36,430 - gpsd_manager - INFO - [Converter] GPSPrint: Returning parsed result
2026-08-20 21:43:37,380 - gpsd_manager - INFO - [Converter] GPSPrint: Parsed ZED data, has_gps_time=True
2026-08-20 21:43:37,380 - gpsd_manager - INFO - [Converter] GPSPrint: Returning parsed result
2026-08-20 21:43:38,237 - gpsd_manager - INFO - [Converter] GPSPrint: Parsed ZED data, has_gps_time=True
2026-08-20 21:43:38,237 - gpsd_manager - INFO - [Converter] GPSPrint: Returning parsed result
2026-08-20 21:43:39,165 - gpsd_manager - INFO - [Converter] GPSPrint: Parsed ZED data, has_gps_time=True
2026-08-20 21:43:39,165 - gpsd_manager - INFO - [Converter] GPSPrint: Returning parsed result
2026-08-20 21:43:40,212 - gpsd_manager - INFO - [Converter] GPSPrint: Parsed ZED data, has_gps_time=True
2026-08-20 21:43:40,212 - gpsd_manager - INFO - [Converter] GPSPrint: Returning parsed result
2026-08-20 21:43:42,165 - gpsd_manager - INFO - [Converter] GPSPrint: Parsed ZED data, has_gps_time=True
2026-08-20 21:43:42,165 - gpsd_manager - INFO - [Converter] GPSPrint: Returning parsed result
2026-08-20 21:43:43,014 - gpsd_manager - INFO - [Converter] GPSPrint: Parsed ZED data, has_gps_time=True
2026-08-20 21:43:43,014 - gpsd_manager - INFO - [Converter] GPSPrint: Returning parsed result
2026-08-20 21:43:44,174 - gpsd_manager - INFO - [Converter] GPSPrint: Parsed ZED data, has_gps_time=True
2026-08-20 21:43:44,174 - gpsd_manager - INFO - [Converter] GPSPrint: Returning parsed result
2026-08-20 21:43:45,289 - gpsd_manager - INFO - [Converter] GPSPrint: Parsed ZED data, has_gps_time=True
2026-08-20 21:43:45,289 - gpsd_manager - INFO - [Converter] GPSPrint: Returning parsed result
2026-08-20 21:43:46,247 - gpsd_manager - INFO - [Converter] GPSPrint: Parsed ZED data, has_gps_time=True
2026-08-20 21:43:46,247 - gpsd_manager - INFO - [Converter] GPSPrint: Returning parsed result
2026-08-20 21:43:47,200 - gpsd_manager - INFO - [Converter] GPSPrint: Parsed ZED data, has_gps_time=True
2026-08-20 21:43:47,201 - gpsd_manager - INFO - [Converter] GPSPrint: Returning parsed result
2026-08-20 21:43:48,026 - gpsd_manager - INFO - [Converter] GPSPrint: Parsed ZED data, has_gps_time=True
2026-08-20 21:43:48,027 - gpsd_manager - INFO - [Converter] GPSPrint: Returning parsed result
2026-08-20 21:43:49,350 - gpsd_manager - INFO - [Converter] GPSPrint: Parsed ZED data, has_gps_time=True
2026-08-20 21:43:49,350 - gpsd_manager - INFO - [Converter] GPSPrint: Returning parsed result
2026-08-20 21:43:50,501 - gpsd_manager - INFO - [Converter] GPSPrint: Parsed ZED data, has_gps_time=True
2026-08-20 21:43:50,502 - gpsd_manager - INFO - [Converter] GPSPrint: Returning parsed result
2026-08-20 21:43:51,453 - gpsd_manager - INFO - [Converter] GPSPrint: Parsed ZED data, has_gps_time=True
2026-08-20 21:43:51,454 - gpsd_manager - INFO - [Converter] GPSPrint: Returning parsed result
2026-08-20 21:43:52,313 - gpsd_manager - INFO - [Converter] GPSPrint: Parsed ZED data, has_gps_time=True
2026-08-20 21:43:52,313 - gpsd_manager - INFO - [Converter] GPSPrint: Returning parsed result
2026-08-20 21:43:53,266 - gpsd_manager - INFO - [Converter] GPSPrint: Parsed ZED data, has_gps_time=True
2026-08-20 21:43:53,266 - gpsd_manager - INFO - [Converter] GPSPrint: Returning parsed result
2026-08-20 21:43:54,415 - gpsd_manager - INFO - [Converter] GPSPrint: Parsed ZED data, has_gps_time=True
2026-08-20 21:43:54,416 - gpsd_manager - INFO - [Converter] GPSPrint: Returning parsed result
2026-08-20 21:43:55,468 - gpsd_manager - INFO - [Converter] GPSPrint: Parsed ZED data, has_gps_time=True
2026-08-20 21:43:55,468 - gpsd_manager - INFO - [Converter] GPSPrint: Returning parsed result
2026-08-20 21:43:56,319 - gpsd_manager - INFO - [Converter] GPSPrint: Parsed ZED data, has_gps_time=True
2026-08-20 21:43:56,319 - gpsd_manager - INFO - [Converter] GPSPrint: Returning parsed result
2026-08-20 21:43:58,166 - gpsd_manager - INFO - [Converter] GPSPrint: Parsed ZED data, has_gps_time=True
2026-08-20 21:43:58,166 - gpsd_manager - INFO - [Converter] GPSPrint: Returning parsed result
2026-08-20 21:43:59,196 - gpsd_manager - INFO - [Converter] GPSPrint: Parsed ZED data, has_gps_time=True
2026-08-20 21:43:59,197 - gpsd_manager - INFO - [Converter] GPSPrint: Returning parsed result
2026-08-20 21:44:00,251 - gpsd_manager - INFO - [Converter] GPSPrint: Parsed ZED data, has_gps_time=True
2026-08-20 21:44:00,251 - gpsd_manager - INFO - [Converter] GPSPrint: Returning parsed result
2026-08-20 21:44:01,406 - gpsd_manager - INFO - [Converter] GPSPrint: Parsed ZED data, has_gps_time=True
2026-08-20 21:44:01,406 - gpsd_manager - INFO - [Converter] GPSPrint: Returning parsed result
2026-08-20 21:44:02,459 - gpsd_manager - INFO - [Converter] GPSPrint: Parsed ZED data, has_gps_time=True
2026-08-20 21:44:02,459 - gpsd_manager - INFO - [Converter] GPSPrint: Returning parsed result
2026-08-20 21:44:03,206 - gpsd_manager - INFO - [Converter] GPSPrint: Parsed ZED data, has_gps_time=True
2026-08-20 21:44:03,206 - gpsd_manager - INFO - [Converter] GPSPrint: Returning parsed result
2026-08-20 21:44:04,263 - gpsd_manager - INFO - [Converter] GPSPrint: Parsed ZED data, has_gps_time=True
2026-08-20 21:44:04,264 - gpsd_manager - INFO - [Converter] GPSPrint: Returning parsed result
2026-08-20 21:44:05,415 - gpsd_manager - INFO - [Converter] GPSPrint: Parsed ZED data, has_gps_time=True
2026-08-20 21:44:05,415 - gpsd_manager - INFO - [Converter] GPSPrint: Returning parsed result
2026-08-20 21:44:06,465 - gpsd_manager - INFO - [Converter] GPSPrint: Parsed ZED data, has_gps_time=True
2026-08-20 21:44:06,466 - gpsd_manager - INFO - [Converter] GPSPrint: Returning parsed result
2026-08-20 21:44:07,221 - gpsd_manager - INFO - [Converter] GPSPrint: Parsed ZED data, has_gps_time=True
2026-08-20 21:44:07,222 - gpsd_manager - INFO - [Converter] GPSPrint: Returning parsed result
2026-08-20 21:44:08,283 - gpsd_manager - INFO - [Converter] GPSPrint: Parsed ZED data, has_gps_time=True
2026-08-20 21:44:08,283 - gpsd_manager - INFO - [Converter] GPSPrint: Returning parsed result
2026-08-20 21:44:09,431 - gpsd_manager - INFO - [Converter] GPSPrint: Parsed ZED data, has_gps_time=True
2026-08-20 21:44:09,432 - gpsd_manager - INFO - [Converter] GPSPrint: Returning parsed result
2026-08-20 21:44:10,380 - gpsd_manager - INFO - [Converter] GPSPrint: Parsed ZED data, has_gps_time=True
2026-08-20 21:44:10,380 - gpsd_manager - INFO - [Converter] GPSPrint: Returning parsed result
2026-08-20 21:44:12,034 - gpsd_manager - INFO - [Converter] GPSPrint: Parsed ZED data, has_gps_time=True
2026-08-20 21:44:12,035 - gpsd_manager - INFO - [Converter] GPSPrint: Returning parsed result
2026-08-20 21:44:13,161 - gpsd_manager - INFO - [Converter] GPSPrint: Parsed ZED data, has_gps_time=True
2026-08-20 21:44:13,161 - gpsd_manager - INFO - [Converter] GPSPrint: Returning parsed result
2026-08-20 21:44:15,201 - gpsd_manager - INFO - [Converter] GPSPrint: Parsed ZED data, has_gps_time=True
2026-08-20 21:44:15,202 - gpsd_manager - INFO - [Converter] GPSPrint: Returning parsed result
2026-08-20 21:44:16,229 - gpsd_manager - INFO - [Converter] GPSPrint: Parsed ZED data, has_gps_time=True
2026-08-20 21:44:16,229 - gpsd_manager - INFO - [Converter] GPSPrint: Returning parsed result
2026-08-20 21:44:17,181 - gpsd_manager - INFO - [Converter] GPSPrint: Parsed ZED data, has_gps_time=True
2026-08-20 21:44:17,182 - gpsd_manager - INFO - [Converter] GPSPrint: Returning parsed result
2026-08-20 21:44:18,309 - gpsd_manager - INFO - [Converter] GPSPrint: Parsed ZED data, has_gps_time=True
2026-08-20 21:44:18,309 - gpsd_manager - INFO - [Converter] GPSPrint: Returning parsed result
2026-08-20 21:44:19,260 - gpsd_manager - INFO - [Converter] GPSPrint: Parsed ZED data, has_gps_time=True
2026-08-20 21:44:19,260 - gpsd_manager - INFO - [Converter] GPSPrint: Returning parsed result
2026-08-20 21:44:20,184 - gpsd_manager - INFO - [Converter] GPSPrint: Parsed ZED data, has_gps_time=True
2026-08-20 21:44:20,184 - gpsd_manager - INFO - [Converter] GPSPrint: Returning parsed result
2026-08-20 21:44:21,134 - gpsd_manager - INFO - [Converter] GPSPrint: Parsed ZED data, has_gps_time=True
2026-08-20 21:44:21,135 - gpsd_manager - INFO - [Converter] GPSPrint: Returning parsed result
2026-08-20 21:44:22,158 - gpsd_manager - INFO - [Converter] GPSPrint: Parsed ZED data, has_gps_time=True
2026-08-20 21:44:22,158 - gpsd_manager - INFO - [Converter] GPSPrint: Returning parsed result
2026-08-20 21:44:23,213 - gpsd_manager - INFO - [Converter] GPSPrint: Parsed ZED data, has_gps_time=True
2026-08-20 21:44:23,213 - gpsd_manager - INFO - [Converter] GPSPrint: Returning parsed result
2026-08-20 21:44:25,167 - gpsd_manager - INFO - [Converter] GPSPrint: Parsed ZED data, has_gps_time=True
2026-08-20 21:44:25,168 - gpsd_manager - INFO - [Converter] GPSPrint: Returning parsed result
2026-08-20 21:44:26,118 - gpsd_manager - INFO - [Converter] GPSPrint: Parsed ZED data, has_gps_time=True
2026-08-20 21:44:26,118 - gpsd_manager - INFO - [Converter] GPSPrint: Returning parsed result
2026-08-20 21:44:27,075 - gpsd_manager - INFO - [Converter] GPSPrint: Parsed ZED data, has_gps_time=True
2026-08-20 21:44:27,075 - gpsd_manager - INFO - [Converter] GPSPrint: Returning parsed result
2026-08-20 21:44:28,191 - gpsd_manager - INFO - [Converter] GPSPrint: Parsed ZED data, has_gps_time=True
2026-08-20 21:44:28,191 - gpsd_manager - INFO - [Converter] GPSPrint: Returning parsed result
2026-08-20 21:44:29,252 - gpsd_manager - INFO - [Converter] GPSPrint: Parsed ZED data, has_gps_time=True
2026-08-20 21:44:29,252 - gpsd_manager - INFO - [Converter] GPSPrint: Returning parsed result
2026-08-20 21:44:31,293 - gpsd_manager - INFO - [Converter] GPSPrint: Parsed ZED data, has_gps_time=True
2026-08-20 21:44:31,293 - gpsd_manager - INFO - [Converter] GPSPrint: Returning parsed result
2026-08-20 21:44:32,449 - gpsd_manager - INFO - [Converter] GPSPrint: Parsed ZED data, has_gps_time=True
2026-08-20 21:44:32,449 - gpsd_manager - INFO - [Converter] GPSPrint: Returning parsed result
2026-08-20 21:44:33,598 - gpsd_manager - INFO - [Converter] GPSPrint: Parsed ZED data, has_gps_time=True
2026-08-20 21:44:33,598 - gpsd_manager - INFO - [Converter] GPSPrint: Returning parsed result
2026-08-20 21:44:34,755 - gpsd_manager - INFO - [Converter] GPSPrint: Parsed ZED data, has_gps_time=True
2026-08-20 21:44:34,755 - gpsd_manager - INFO - [Converter] GPSPrint: Returning parsed result
2026-08-20 21:44:35,875 - gpsd_manager - INFO - [Converter] GPSPrint: Parsed ZED data, has_gps_time=True
2026-08-20 21:44:35,876 - gpsd_manager - INFO - [Converter] GPSPrint: Returning parsed result
2026-08-20 21:44:36,997 - gpsd_manager - INFO - [Converter] GPSPrint: Parsed ZED data, has_gps_time=True
2026-08-20 21:44:36,998 - gpsd_manager - INFO - [Converter] GPSPrint: Returning parsed result
2026-08-20 21:44:38,153 - gpsd_manager - INFO - [Converter] GPSPrint: Parsed ZED data, has_gps_time=True
2026-08-20 21:44:38,153 - gpsd_manager - INFO - [Converter] GPSPrint: Returning parsed result
2026-08-20 21:44:40,204 - gpsd_manager - INFO - [Converter] GPSPrint: Parsed ZED data, has_gps_time=True
2026-08-20 21:44:40,204 - gpsd_manager - INFO - [Converter] GPSPrint: Returning parsed result
2026-08-20 21:44:41,129 - gpsd_manager - INFO - [Converter] GPSPrint: Parsed ZED data, has_gps_time=True
2026-08-20 21:44:41,130 - gpsd_manager - INFO - [Converter] GPSPrint: Returning parsed result
2026-08-20 21:44:42,184 - gpsd_manager - INFO - [Converter] GPSPrint: Parsed ZED data, has_gps_time=True
2026-08-20 21:44:42,185 - gpsd_manager - INFO - [Converter] GPSPrint: Returning parsed result
2026-08-20 21:44:43,202 - gpsd_manager - INFO - [Converter] GPSPrint: Parsed ZED data, has_gps_time=True
2026-08-20 21:44:43,203 - gpsd_manager - INFO - [Converter] GPSPrint: Returning parsed result
2026-08-20 21:44:44,254 - gpsd_manager - INFO - [Converter] GPSPrint: Parsed ZED data, has_gps_time=True
2026-08-20 21:44:44,254 - gpsd_manager - INFO - [Converter] GPSPrint: Returning parsed result
2026-08-20 21:44:46,897 - gpsd_manager - INFO - [Converter] GPSPrint: Parsed ZED data, has_gps_time=True
2026-08-20 21:44:46,897 - gpsd_manager - INFO - [Converter] GPSPrint: Returning parsed result
2026-08-20 21:44:48,056 - gpsd_manager - INFO - [Converter] GPSPrint: Parsed ZED data, has_gps_time=True
2026-08-20 21:44:48,056 - gpsd_manager - INFO - [Converter] GPSPrint: Returning parsed result
2026-08-20 21:44:49,104 - gpsd_manager - INFO - [Converter] GPSPrint: Parsed ZED data, has_gps_time=True
2026-08-20 21:44:49,105 - gpsd_manager - INFO - [Converter] GPSPrint: Returning parsed result
2026-08-20 21:44:50,229 - gpsd_manager - INFO - [Converter] GPSPrint: Parsed ZED data, has_gps_time=True
2026-08-20 21:44:50,229 - gpsd_manager - INFO - [Converter] GPSPrint: Returning parsed result
2026-08-20 21:44:52,180 - gpsd_manager - INFO - [Converter] GPSPrint: Parsed ZED data, has_gps_time=True
2026-08-20 21:44:52,180 - gpsd_manager - INFO - [Converter] GPSPrint: Returning parsed result
2026-08-20 21:44:53,203 - gpsd_manager - INFO - [Converter] GPSPrint: Parsed ZED data, has_gps_time=True
2026-08-20 21:44:53,204 - gpsd_manager - INFO - [Converter] GPSPrint: Returning parsed result
2026-08-20 21:44:54,261 - gpsd_manager - INFO - [Converter] GPSPrint: Parsed ZED data, has_gps_time=True
2026-08-20 21:44:54,262 - gpsd_manager - INFO - [Converter] GPSPrint: Returning parsed result
2026-08-20 21:44:55,007 - gpsd_manager - INFO - [Converter] GPSPrint: Parsed ZED data, has_gps_time=True
2026-08-20 21:44:55,007 - gpsd_manager - INFO - [Converter] GPSPrint: Returning parsed result
2026-08-20 21:44:56,068 - gpsd_manager - INFO - [Converter] GPSPrint: Parsed ZED data, has_gps_time=True
2026-08-20 21:44:56,068 - gpsd_manager - INFO - [Converter] GPSPrint: Returning parsed result
2026-08-20 21:44:57,189 - gpsd_manager - INFO - [Converter] GPSPrint: Parsed ZED data, has_gps_time=True
2026-08-20 21:44:57,189 - gpsd_manager - INFO - [Converter] GPSPrint: Returning parsed result
2026-08-20 21:44:58,137 - gpsd_manager - INFO - [Converter] GPSPrint: Parsed ZED data, has_gps_time=True
2026-08-20 21:44:58,137 - gpsd_manager - INFO - [Converter] GPSPrint: Returning parsed result
2026-08-20 21:44:59,269 - gpsd_manager - INFO - [Converter] GPSPrint: Parsed ZED data, has_gps_time=True
2026-08-20 21:44:59,269 - gpsd_manager - INFO - [Converter] GPSPrint: Returning parsed result
2026-08-20 21:45:00,220 - gpsd_manager - INFO - [Converter] GPSPrint: Parsed ZED data, has_gps_time=True
2026-08-20 21:45:00,220 - gpsd_manager - INFO - [Converter] GPSPrint: Returning parsed result
2026-08-20 21:45:02,166 - gpsd_manager - INFO - [Converter] GPSPrint: Parsed ZED data, has_gps_time=True
2026-08-20 21:45:02,166 - gpsd_manager - INFO - [Converter] GPSPrint: Returning parsed result
2026-08-20 21:45:03,118 - gpsd_manager - INFO - [Converter] GPSPrint: Parsed ZED data, has_gps_time=True
2026-08-20 21:45:03,118 - gpsd_manager - INFO - [Converter] GPSPrint: Returning parsed result
2026-08-20 21:45:04,141 - gpsd_manager - INFO - [Converter] GPSPrint: Parsed ZED data, has_gps_time=True
2026-08-20 21:45:04,142 - gpsd_manager - INFO - [Converter] GPSPrint: Returning parsed result
2026-08-20 21:45:05,194 - gpsd_manager - INFO - [Converter] GPSPrint: Parsed ZED data, has_gps_time=True
2026-08-20 21:45:05,194 - gpsd_manager - INFO - [Converter] GPSPrint: Returning parsed result
2026-08-20 21:45:06,220 - gpsd_manager - INFO - [Converter] GPSPrint: Parsed ZED data, has_gps_time=True
2026-08-20 21:45:06,220 - gpsd_manager - INFO - [Converter] GPSPrint: Returning parsed result
2026-08-20 21:45:07,279 - gpsd_manager - INFO - [Converter] GPSPrint: Parsed ZED data, has_gps_time=True
2026-08-20 21:45:07,279 - gpsd_manager - INFO - [Converter] GPSPrint: Returning parsed result
2026-08-20 21:45:08,204 - gpsd_manager - INFO - [Converter] GPSPrint: Parsed ZED data, has_gps_time=True
2026-08-20 21:45:08,205 - gpsd_manager - INFO - [Converter] GPSPrint: Returning parsed result
2026-08-20 21:45:09,152 - gpsd_manager - INFO - [Converter] GPSPrint: Parsed ZED data, has_gps_time=True
2026-08-20 21:45:09,153 - gpsd_manager - INFO - [Converter] GPSPrint: Returning parsed result
2026-08-20 21:45:10,180 - gpsd_manager - INFO - [Converter] GPSPrint: Parsed ZED data, has_gps_time=True
2026-08-20 21:45:10,181 - gpsd_manager - INFO - [Converter] GPSPrint: Returning parsed result
2026-08-20 21:45:11,231 - gpsd_manager - INFO - [Converter] GPSPrint: Parsed ZED data, has_gps_time=True
2026-08-20 21:45:11,232 - gpsd_manager - INFO - [Converter] GPSPrint: Returning parsed result
2026-08-20 21:45:12,159 - gpsd_manager - INFO - [Converter] GPSPrint: Parsed ZED data, has_gps_time=True
2026-08-20 21:45:12,159 - gpsd_manager - INFO - [Converter] GPSPrint: Returning parsed result
2026-08-20 21:45:13,107 - gpsd_manager - INFO - [Converter] GPSPrint: Parsed ZED data, has_gps_time=True
2026-08-20 21:45:13,108 - gpsd_manager - INFO - [Converter] GPSPrint: Returning parsed result
2026-08-20 21:45:14,236 - gpsd_manager - INFO - [Converter] GPSPrint: Parsed ZED data, has_gps_time=True
2026-08-20 21:45:14,236 - gpsd_manager - INFO - [Converter] GPSPrint: Returning parsed result
2026-08-20 21:45:15,190 - gpsd_manager - INFO - [Converter] GPSPrint: Parsed ZED data, has_gps_time=True
2026-08-20 21:45:15,191 - gpsd_manager - INFO - [Converter] GPSPrint: Returning parsed result
2026-08-20 21:45:16,342 - gpsd_manager - INFO - [Converter] GPSPrint: Parsed ZED data, has_gps_time=True
2026-08-20 21:45:16,342 - gpsd_manager - INFO - [Converter] GPSPrint: Returning parsed result
2026-08-20 21:45:17,390 - gpsd_manager - INFO - [Converter] GPSPrint: Parsed ZED data, has_gps_time=True
2026-08-20 21:45:17,390 - gpsd_manager - INFO - [Converter] GPSPrint: Returning parsed result
2026-08-20 21:45:18,253 - gpsd_manager - INFO - [Converter] GPSPrint: Parsed ZED data, has_gps_time=True
2026-08-20 21:45:18,254 - gpsd_manager - INFO - [Converter] GPSPrint: Returning parsed result
2026-08-20 21:45:19,965 - gpsd_manager - INFO - [Converter] GPSPrint: Parsed ZED data, has_gps_time=True
2026-08-20 21:45:19,965 - gpsd_manager - INFO - [Converter] GPSPrint: Returning parsed result
2026-08-20 21:45:21,092 - gpsd_manager - INFO - [Converter] GPSPrint: Parsed ZED data, has_gps_time=True
2026-08-20 21:45:21,092 - gpsd_manager - INFO - [Converter] GPSPrint: Returning parsed result
2026-08-20 21:45:23,242 - gpsd_manager - INFO - [Converter] GPSPrint: Parsed ZED data, has_gps_time=True
2026-08-20 21:45:23,243 - gpsd_manager - INFO - [Converter] GPSPrint: Returning parsed result
2026-08-20 21:45:25,187 - gpsd_manager - INFO - [Converter] GPSPrint: Parsed ZED data, has_gps_time=True
2026-08-20 21:45:25,187 - gpsd_manager - INFO - [Converter] GPSPrint: Returning parsed result
2026-08-20 21:45:26,145 - gpsd_manager - INFO - [Converter] GPSPrint: Parsed ZED data, has_gps_time=True
2026-08-20 21:45:26,145 - gpsd_manager - INFO - [Converter] GPSPrint: Returning parsed result
2026-08-20 21:45:27,095 - gpsd_manager - INFO - [Converter] GPSPrint: Parsed ZED data, has_gps_time=True
2026-08-20 21:45:27,095 - gpsd_manager - INFO - [Converter] GPSPrint: Returning parsed result
2026-08-20 21:45:28,221 - gpsd_manager - INFO - [Converter] GPSPrint: Parsed ZED data, has_gps_time=True
2026-08-20 21:45:28,222 - gpsd_manager - INFO - [Converter] GPSPrint: Returning parsed result
2026-08-20 21:45:29,169 - gpsd_manager - INFO - [Converter] GPSPrint: Parsed ZED data, has_gps_time=True
2026-08-20 21:45:29,169 - gpsd_manager - INFO - [Converter] GPSPrint: Returning parsed result
2026-08-20 21:45:31,221 - gpsd_manager - INFO - [Converter] GPSPrint: Parsed ZED data, has_gps_time=True
2026-08-20 21:45:31,222 - gpsd_manager - INFO - [Converter] GPSPrint: Returning parsed result
2026-08-20 21:45:32,077 - gpsd_manager - INFO - [Converter] GPSPrint: Parsed ZED data, has_gps_time=True
2026-08-20 21:45:32,077 - gpsd_manager - INFO - [Converter] GPSPrint: Returning parsed result
2026-08-20 21:45:33,125 - gpsd_manager - INFO - [Converter] GPSPrint: Parsed ZED data, has_gps_time=True
2026-08-20 21:45:33,125 - gpsd_manager - INFO - [Converter] GPSPrint: Returning parsed result
2026-08-20 21:45:34,249 - gpsd_manager - INFO - [Converter] GPSPrint: Parsed ZED data, has_gps_time=True
2026-08-20 21:45:34,249 - gpsd_manager - INFO - [Converter] GPSPrint: Returning parsed result
2026-08-20 21:45:35,199 - gpsd_manager - INFO - [Converter] GPSPrint: Parsed ZED data, has_gps_time=True
2026-08-20 21:45:35,200 - gpsd_manager - INFO - [Converter] GPSPrint: Returning parsed result
2026-08-20 21:45:37,147 - gpsd_manager - INFO - [Converter] GPSPrint: Parsed ZED data, has_gps_time=True
2026-08-20 21:45:37,147 - gpsd_manager - INFO - [Converter] GPSPrint: Returning parsed result
2026-08-20 21:45:38,170 - gpsd_manager - INFO - [Converter] GPSPrint: Parsed ZED data, has_gps_time=True
2026-08-20 21:45:38,170 - gpsd_manager - INFO - [Converter] GPSPrint: Returning parsed result
2026-08-20 21:45:39,230 - gpsd_manager - INFO - [Converter] GPSPrint: Parsed ZED data, has_gps_time=True
2026-08-20 21:45:39,230 - gpsd_manager - INFO - [Converter] GPSPrint: Returning parsed result
2026-08-20 21:45:40,378 - gpsd_manager - INFO - [Converter] GPSPrint: Parsed ZED data, has_gps_time=True
2026-08-20 21:45:40,378 - gpsd_manager - INFO - [Converter] GPSPrint: Returning parsed result
2026-08-20 21:45:41,201 - gpsd_manager - INFO - [Converter] GPSPrint: Parsed ZED data, has_gps_time=True
2026-08-20 21:45:41,201 - gpsd_manager - INFO - [Converter] GPSPrint: Returning parsed result
2026-08-20 21:45:42,057 - gpsd_manager - INFO - [Converter] GPSPrint: Parsed ZED data, has_gps_time=True
2026-08-20 21:45:42,057 - gpsd_manager - INFO - [Converter] GPSPrint: Returning parsed result
2026-08-20 21:45:43,011 - gpsd_manager - INFO - [Converter] GPSPrint: Parsed ZED data, has_gps_time=True
2026-08-20 21:45:43,011 - gpsd_manager - INFO - [Converter] GPSPrint: Returning parsed result
2026-08-20 21:45:44,933 - gpsd_manager - INFO - [Converter] GPSPrint: Parsed ZED data, has_gps_time=True
2026-08-20 21:45:44,933 - gpsd_manager - INFO - [Converter] GPSPrint: Returning parsed result
2026-08-20 21:45:45,954 - gpsd_manager - INFO - [Converter] GPSPrint: Parsed ZED data, has_gps_time=True
2026-08-20 21:45:45,954 - gpsd_manager - INFO - [Converter] GPSPrint: Returning parsed result
2026-08-20 21:45:46,983 - gpsd_manager - INFO - [Converter] GPSPrint: Parsed ZED data, has_gps_time=True
2026-08-20 21:45:46,983 - gpsd_manager - INFO - [Converter] GPSPrint: Returning parsed result
2026-08-20 21:45:49,993 - gpsd_manager - INFO - [Converter] GPSPrint: Parsed ZED data, has_gps_time=True
2026-08-20 21:45:49,994 - gpsd_manager - INFO - [Converter] GPSPrint: Returning parsed result
2026-08-20 21:45:51,014 - gpsd_manager - INFO - [Converter] GPSPrint: Parsed ZED data, has_gps_time=True
2026-08-20 21:45:51,014 - gpsd_manager - INFO - [Converter] GPSPrint: Returning parsed result
2026-08-20 21:45:52,266 - gpsd_manager - INFO - [Converter] GPSPrint: Parsed ZED data, has_gps_time=True
2026-08-20 21:45:52,266 - gpsd_manager - INFO - [Converter] GPSPrint: Returning parsed result
2026-08-20 21:45:53,495 - gpsd_manager - INFO - [Converter] GPSPrint: Parsed ZED data, has_gps_time=True
2026-08-20 21:45:53,495 - gpsd_manager - INFO - [Converter] GPSPrint: Returning parsed result
2026-08-20 21:45:55,239 - gpsd_manager - INFO - [Converter] GPSPrint: Parsed ZED data, has_gps_time=True
2026-08-20 21:45:55,240 - gpsd_manager - INFO - [Converter] GPSPrint: Returning parsed result
2026-08-20 21:45:56,090 - gpsd_manager - INFO - [Converter] GPSPrint: Parsed ZED data, has_gps_time=True
2026-08-20 21:45:56,090 - gpsd_manager - INFO - [Converter] GPSPrint: Returning parsed result
2026-08-20 21:45:57,114 - gpsd_manager - INFO - [Converter] GPSPrint: Parsed ZED data, has_gps_time=True
2026-08-20 21:45:57,114 - gpsd_manager - INFO - [Converter] GPSPrint: Returning parsed result
2026-08-20 21:45:58,167 - gpsd_manager - INFO - [Converter] GPSPrint: Parsed ZED data, has_gps_time=True
2026-08-20 21:45:58,167 - gpsd_manager - INFO - [Converter] GPSPrint: Returning parsed result
2026-08-20 21:45:59,194 - gpsd_manager - INFO - [Converter] GPSPrint: Parsed ZED data, has_gps_time=True
2026-08-20 21:45:59,194 - gpsd_manager - INFO - [Converter] GPSPrint: Returning parsed result
2026-08-20 21:46:00,250 - gpsd_manager - INFO - [Converter] GPSPrint: Parsed ZED data, has_gps_time=True
2026-08-20 21:46:00,250 - gpsd_manager - INFO - [Converter] GPSPrint: Returning parsed result
2026-08-20 21:46:02,198 - gpsd_manager - INFO - [Converter] GPSPrint: Parsed ZED data, has_gps_time=True
2026-08-20 21:46:02,198 - gpsd_manager - INFO - [Converter] GPSPrint: Returning parsed result
2026-08-20 21:46:03,050 - gpsd_manager - INFO - [Converter] GPSPrint: Parsed ZED data, has_gps_time=True
2026-08-20 21:46:03,050 - gpsd_manager - INFO - [Converter] GPSPrint: Returning parsed result
2026-08-20 21:46:05,198 - gpsd_manager - INFO - [Converter] GPSPrint: Parsed ZED data, has_gps_time=True
2026-08-20 21:46:05,198 - gpsd_manager - INFO - [Converter] GPSPrint: Returning parsed result
2026-08-20 21:46:06,222 - gpsd_manager - INFO - [Converter] GPSPrint: Parsed ZED data, has_gps_time=True
2026-08-20 21:46:06,222 - gpsd_manager - INFO - [Converter] GPSPrint: Returning parsed result
2026-08-20 21:46:07,276 - gpsd_manager - INFO - [Converter] GPSPrint: Parsed ZED data, has_gps_time=True
2026-08-20 21:46:07,276 - gpsd_manager - INFO - [Converter] GPSPrint: Returning parsed result
2026-08-20 21:46:08,427 - gpsd_manager - INFO - [Converter] GPSPrint: Parsed ZED data, has_gps_time=True
2026-08-20 21:46:08,427 - gpsd_manager - INFO - [Converter] GPSPrint: Returning parsed result
2026-08-20 21:46:09,478 - gpsd_manager - INFO - [Converter] GPSPrint: Parsed ZED data, has_gps_time=True
2026-08-20 21:46:09,478 - gpsd_manager - INFO - [Converter] GPSPrint: Returning parsed result
2026-08-20 21:46:10,241 - gpsd_manager - INFO - [Converter] GPSPrint: Parsed ZED data, has_gps_time=True
2026-08-20 21:46:10,241 - gpsd_manager - INFO - [Converter] GPSPrint: Returning parsed result
2026-08-20 21:46:11,288 - gpsd_manager - INFO - [Converter] GPSPrint: Parsed ZED data, has_gps_time=True
2026-08-20 21:46:11,288 - gpsd_manager - INFO - [Converter] GPSPrint: Returning parsed result
2026-08-20 21:46:12,444 - gpsd_manager - INFO - [Converter] GPSPrint: Parsed ZED data, has_gps_time=True
2026-08-20 21:46:12,444 - gpsd_manager - INFO - [Converter] GPSPrint: Returning parsed result
2026-08-20 21:46:13,395 - gpsd_manager - INFO - [Converter] GPSPrint: Parsed ZED data, has_gps_time=True
2026-08-20 21:46:13,396 - gpsd_manager - INFO - [Converter] GPSPrint: Returning parsed result
2026-08-20 21:46:40,718 - gpsd_manager - INFO - Starting converter: C:\Users\me\AppData\Local\Programs\Python\Python312\python.exe c:\Users\me\app-gpsd_manager\mcode_converter.py --port COM9 --baudrate 9600 --mode tcp --parser gps_print
2026-08-20 21:46:40,729 - gpsd_manager - INFO - Converter process started with PID 50420
2026-08-20 21:46:42,230 - gpsd_manager - INFO - Converter running on port 2948 for gps_print format
2026-08-20 21:46:42,230 - gpsd_manager - INFO - [Converter] Sent disable command: mcode atak disable
2026-08-20 21:46:42,231 - gpsd_manager - INFO - [Converter] Sent enable command: gps print enable
2026-08-20 21:46:42,231 - gpsd_manager - INFO - [Converter] TCP server listening on port 2948
2026-08-20 21:46:42,231 - gpsd_manager - INFO - [Converter] MCODE converter: reading from COM9, streaming NMEA via TCP port 2948
2026-08-20 21:46:42,231 - gpsd_manager - INFO - [Converter] GPSPrint: Parsed ZED data, has_gps_time=True
2026-08-20 21:46:42,232 - gpsd_manager - INFO - [Converter] GPSPrint: Returning parsed result
2026-08-20 21:46:42,232 - gpsd_manager - INFO - [Converter] GPSPrint: Parsed ZED data, has_gps_time=True
2026-08-20 21:46:42,232 - gpsd_manager - INFO - [Converter] GPSPrint: Returning parsed result
2026-08-20 21:46:43,271 - gpsd_manager - INFO - [Converter] GPSPrint: Parsed ZED data, has_gps_time=True
2026-08-20 21:46:43,271 - gpsd_manager - INFO - [Converter] GPSPrint: Returning parsed result
2026-08-20 21:46:44,424 - gpsd_manager - INFO - [Converter] GPSPrint: Parsed ZED data, has_gps_time=True
2026-08-20 21:46:44,424 - gpsd_manager - INFO - [Converter] GPSPrint: Returning parsed result
2026-08-20 21:46:45,374 - gpsd_manager - INFO - [Converter] GPSPrint: Parsed ZED data, has_gps_time=True
2026-08-20 21:46:45,374 - gpsd_manager - INFO - [Converter] GPSPrint: Returning parsed result
2026-08-20 21:46:46,331 - gpsd_manager - INFO - [Converter] GPSPrint: Parsed ZED data, has_gps_time=True
2026-08-20 21:46:46,331 - gpsd_manager - INFO - [Converter] GPSPrint: Returning parsed result
2026-08-20 21:46:48,286 - gpsd_manager - INFO - [Converter] GPSPrint: Parsed ZED data, has_gps_time=True
2026-08-20 21:46:48,286 - gpsd_manager - INFO - [Converter] GPSPrint: Returning parsed result
2026-08-20 21:46:49,439 - gpsd_manager - INFO - [Converter] GPSPrint: Parsed ZED data, has_gps_time=True
2026-08-20 21:46:49,440 - gpsd_manager - INFO - [Converter] GPSPrint: Returning parsed result
2026-08-20 21:46:50,586 - gpsd_manager - INFO - [Converter] GPSPrint: Parsed ZED data, has_gps_time=True
2026-08-20 21:46:50,586 - gpsd_manager - INFO - [Converter] GPSPrint: Returning parsed result
2026-08-20 21:46:51,744 - gpsd_manager - INFO - [Converter] GPSPrint: Parsed ZED data, has_gps_time=True
2026-08-20 21:46:51,744 - gpsd_manager - INFO - [Converter] GPSPrint: Returning parsed result
2026-08-20 21:46:52,860 - gpsd_manager - INFO - [Converter] GPSPrint: Parsed ZED data, has_gps_time=True
2026-08-20 21:46:52,861 - gpsd_manager - INFO - [Converter] GPSPrint: Returning parsed result
2026-08-20 21:46:53,990 - gpsd_manager - INFO - [Converter] GPSPrint: Parsed ZED data, has_gps_time=True
2026-08-20 21:46:53,990 - gpsd_manager - INFO - [Converter] GPSPrint: Returning parsed result
2026-08-20 21:46:55,013 - gpsd_manager - INFO - [Converter] GPSPrint: Parsed ZED data, has_gps_time=True
2026-08-20 21:46:55,014 - gpsd_manager - INFO - [Converter] GPSPrint: Returning parsed result
2026-08-20 21:46:56,031 - gpsd_manager - INFO - [Converter] GPSPrint: Parsed ZED data, has_gps_time=True
2026-08-20 21:46:56,032 - gpsd_manager - INFO - [Converter] GPSPrint: Returning parsed result
2026-08-20 21:46:57,955 - gpsd_manager - INFO - [Converter] GPSPrint: Parsed ZED data, has_gps_time=True
2026-08-20 21:46:57,955 - gpsd_manager - INFO - [Converter] GPSPrint: Returning parsed result
2026-08-20 21:46:58,978 - gpsd_manager - INFO - [Converter] GPSPrint: Parsed ZED data, has_gps_time=True
2026-08-20 21:46:58,979 - gpsd_manager - INFO - [Converter] GPSPrint: Returning parsed result
2026-08-20 21:47:01,188 - gpsd_manager - INFO - [Converter] GPSPrint: Parsed ZED data, has_gps_time=True
2026-08-20 21:47:01,189 - gpsd_manager - INFO - [Converter] GPSPrint: Returning parsed result
2026-08-20 21:47:02,341 - gpsd_manager - INFO - [Converter] GPSPrint: Parsed ZED data, has_gps_time=True
2026-08-20 21:47:02,342 - gpsd_manager - INFO - [Converter] GPSPrint: Returning parsed result
2026-08-20 21:47:03,400 - gpsd_manager - INFO - [Converter] GPSPrint: Parsed ZED data, has_gps_time=True
2026-08-20 21:47:03,401 - gpsd_manager - INFO - [Converter] GPSPrint: Returning parsed result
2026-08-20 21:47:04,545 - gpsd_manager - INFO - [Converter] GPSPrint: Parsed ZED data, has_gps_time=True
2026-08-20 21:47:04,546 - gpsd_manager - INFO - [Converter] GPSPrint: Returning parsed result
2026-08-20 21:47:05,602 - gpsd_manager - INFO - [Converter] GPSPrint: Parsed ZED data, has_gps_time=True
2026-08-20 21:47:05,602 - gpsd_manager - INFO - [Converter] GPSPrint: Returning parsed result
2026-08-20 21:47:06,758 - gpsd_manager - INFO - [Converter] GPSPrint: Parsed ZED data, has_gps_time=True
2026-08-20 21:47:06,758 - gpsd_manager - INFO - [Converter] GPSPrint: Returning parsed result
2026-08-20 21:47:07,881 - gpsd_manager - INFO - [Converter] GPSPrint: Parsed ZED data, has_gps_time=True
2026-08-20 21:47:07,882 - gpsd_manager - INFO - [Converter] GPSPrint: Returning parsed result
2026-08-20 21:47:08,999 - gpsd_manager - INFO - [Converter] GPSPrint: Parsed ZED data, has_gps_time=True
2026-08-20 21:47:08,999 - gpsd_manager - INFO - [Converter] GPSPrint: Returning parsed result
2026-08-20 21:47:10,027 - gpsd_manager - INFO - [Converter] GPSPrint: Parsed ZED data, has_gps_time=True
2026-08-20 21:47:10,027 - gpsd_manager - INFO - [Converter] GPSPrint: Returning parsed result
2026-08-20 21:47:11,945 - gpsd_manager - INFO - [Converter] GPSPrint: Parsed ZED data, has_gps_time=True
2026-08-20 21:47:11,946 - gpsd_manager - INFO - [Converter] GPSPrint: Returning parsed result
2026-08-20 21:47:13,963 - gpsd_manager - INFO - [Converter] GPSPrint: Parsed ZED data, has_gps_time=True
2026-08-20 21:47:13,963 - gpsd_manager - INFO - [Converter] GPSPrint: Returning parsed result
2026-08-20 21:47:14,986 - gpsd_manager - INFO - [Converter] GPSPrint: Parsed ZED data, has_gps_time=True
2026-08-20 21:47:14,986 - gpsd_manager - INFO - [Converter] GPSPrint: Returning parsed result
2026-08-20 21:47:17,134 - gpsd_manager - INFO - [Converter] GPSPrint: Parsed ZED data, has_gps_time=True
2026-08-20 21:47:17,135 - gpsd_manager - INFO - [Converter] GPSPrint: Returning parsed result
2026-08-20 21:47:18,254 - gpsd_manager - INFO - [Converter] GPSPrint: Parsed ZED data, has_gps_time=True
2026-08-20 21:47:18,255 - gpsd_manager - INFO - [Converter] GPSPrint: Returning parsed result
2026-08-20 21:47:19,207 - gpsd_manager - INFO - [Converter] GPSPrint: Parsed ZED data, has_gps_time=True
2026-08-20 21:47:19,207 - gpsd_manager - INFO - [Converter] GPSPrint: Returning parsed result
2026-08-20 21:47:20,229 - gpsd_manager - INFO - [Converter] GPSPrint: Parsed ZED data, has_gps_time=True
2026-08-20 21:47:20,229 - gpsd_manager - INFO - [Converter] GPSPrint: Returning parsed result
2026-08-20 21:47:21,188 - gpsd_manager - INFO - [Converter] GPSPrint: Parsed ZED data, has_gps_time=True
2026-08-20 21:47:21,188 - gpsd_manager - INFO - [Converter] GPSPrint: Returning parsed result
2026-08-20 21:47:22,215 - gpsd_manager - INFO - [Converter] GPSPrint: Parsed ZED data, has_gps_time=True
2026-08-20 21:47:22,215 - gpsd_manager - INFO - [Converter] GPSPrint: Returning parsed result
2026-08-20 21:47:23,161 - gpsd_manager - INFO - [Converter] GPSPrint: Parsed ZED data, has_gps_time=True
2026-08-20 21:47:23,162 - gpsd_manager - INFO - [Converter] GPSPrint: Returning parsed result
2026-08-20 21:47:24,191 - gpsd_manager - INFO - [Converter] GPSPrint: Parsed ZED data, has_gps_time=True
2026-08-20 21:47:24,191 - gpsd_manager - INFO - [Converter] GPSPrint: Returning parsed result
2026-08-20 21:47:25,238 - gpsd_manager - INFO - [Converter] GPSPrint: Parsed ZED data, has_gps_time=True
2026-08-20 21:47:25,238 - gpsd_manager - INFO - [Converter] GPSPrint: Returning parsed result
2026-08-20 21:47:26,263 - gpsd_manager - INFO - [Converter] GPSPrint: Parsed ZED data, has_gps_time=True
2026-08-20 21:47:26,263 - gpsd_manager - INFO - [Converter] GPSPrint: Returning parsed result
2026-08-20 21:47:27,222 - gpsd_manager - INFO - [Converter] GPSPrint: Parsed ZED data, has_gps_time=True
2026-08-20 21:47:27,222 - gpsd_manager - INFO - [Converter] GPSPrint: Returning parsed result
2026-08-20 21:47:28,246 - gpsd_manager - INFO - [Converter] GPSPrint: Parsed ZED data, has_gps_time=True
2026-08-20 21:47:28,247 - gpsd_manager - INFO - [Converter] GPSPrint: Returning parsed result
2026-08-20 21:47:29,292 - gpsd_manager - INFO - [Converter] GPSPrint: Parsed ZED data, has_gps_time=True
2026-08-20 21:47:29,292 - gpsd_manager - INFO - [Converter] GPSPrint: Returning parsed result
2026-08-20 21:47:30,217 - gpsd_manager - INFO - [Converter] GPSPrint: Parsed ZED data, has_gps_time=True
2026-08-20 21:47:30,217 - gpsd_manager - INFO - [Converter] GPSPrint: Returning parsed result
2026-08-20 21:47:31,270 - gpsd_manager - INFO - [Converter] GPSPrint: Parsed ZED data, has_gps_time=True
2026-08-20 21:47:31,270 - gpsd_manager - INFO - [Converter] GPSPrint: Returning parsed result
2026-08-20 21:47:32,127 - gpsd_manager - INFO - [Converter] GPSPrint: Parsed ZED data, has_gps_time=True
2026-08-20 21:47:32,127 - gpsd_manager - INFO - [Converter] GPSPrint: Returning parsed result
2026-08-20 21:47:34,275 - gpsd_manager - INFO - [Converter] GPSPrint: Parsed ZED data, has_gps_time=True
2026-08-20 21:47:34,276 - gpsd_manager - INFO - [Converter] GPSPrint: Returning parsed result
2026-08-20 21:47:36,218 - gpsd_manager - INFO - [Converter] GPSPrint: Parsed ZED data, has_gps_time=True
2026-08-20 21:47:36,218 - gpsd_manager - INFO - [Converter] GPSPrint: Returning parsed result
2026-08-20 21:47:37,171 - gpsd_manager - INFO - [Converter] GPSPrint: Parsed ZED data, has_gps_time=True
2026-08-20 21:47:37,172 - gpsd_manager - INFO - [Converter] GPSPrint: Returning parsed result
2026-08-20 21:47:38,330 - gpsd_manager - INFO - [Converter] GPSPrint: Parsed ZED data, has_gps_time=True
2026-08-20 21:47:38,330 - gpsd_manager - INFO - [Converter] GPSPrint: Returning parsed result
2026-08-20 21:47:39,383 - gpsd_manager - INFO - [Converter] GPSPrint: Parsed ZED data, has_gps_time=True
2026-08-20 21:47:39,383 - gpsd_manager - INFO - [Converter] GPSPrint: Returning parsed result
2026-08-20 21:47:40,207 - gpsd_manager - INFO - [Converter] GPSPrint: Parsed ZED data, has_gps_time=True
2026-08-20 21:47:40,207 - gpsd_manager - INFO - [Converter] GPSPrint: Returning parsed result
2026-08-20 21:47:41,163 - gpsd_manager - INFO - [Converter] GPSPrint: Parsed ZED data, has_gps_time=True
2026-08-20 21:47:41,164 - gpsd_manager - INFO - [Converter] GPSPrint: Returning parsed result
2026-08-20 21:47:42,188 - gpsd_manager - INFO - [Converter] GPSPrint: Parsed ZED data, has_gps_time=True
2026-08-20 21:47:42,188 - gpsd_manager - INFO - [Converter] GPSPrint: Returning parsed result
2026-08-20 21:47:43,233 - gpsd_manager - INFO - [Converter] GPSPrint: Parsed ZED data, has_gps_time=True
2026-08-20 21:47:43,233 - gpsd_manager - INFO - [Converter] GPSPrint: Returning parsed result
2026-08-20 21:47:44,264 - gpsd_manager - INFO - [Converter] GPSPrint: Parsed ZED data, has_gps_time=True
2026-08-20 21:47:44,264 - gpsd_manager - INFO - [Converter] GPSPrint: Returning parsed result
2026-08-20 21:47:45,215 - gpsd_manager - INFO - [Converter] GPSPrint: Parsed ZED data, has_gps_time=True
2026-08-20 21:47:45,215 - gpsd_manager - INFO - [Converter] GPSPrint: Returning parsed result
2026-08-20 21:47:46,237 - gpsd_manager - INFO - [Converter] GPSPrint: Parsed ZED data, has_gps_time=True
2026-08-20 21:47:46,237 - gpsd_manager - INFO - [Converter] GPSPrint: Returning parsed result
2026-08-20 21:47:47,192 - gpsd_manager - INFO - [Converter] GPSPrint: Parsed ZED data, has_gps_time=True
2026-08-20 21:47:47,192 - gpsd_manager - INFO - [Converter] GPSPrint: Returning parsed result
2026-08-20 21:47:49,242 - gpsd_manager - INFO - [Converter] GPSPrint: Parsed ZED data, has_gps_time=True
2026-08-20 21:47:49,242 - gpsd_manager - INFO - [Converter] GPSPrint: Returning parsed result
2026-08-20 21:47:50,161 - gpsd_manager - INFO - [Converter] GPSPrint: Parsed ZED data, has_gps_time=True
2026-08-20 21:47:50,161 - gpsd_manager - INFO - [Converter] GPSPrint: Returning parsed result
2026-08-20 21:47:51,213 - gpsd_manager - INFO - [Converter] GPSPrint: Parsed ZED data, has_gps_time=True
2026-08-20 21:47:51,213 - gpsd_manager - INFO - [Converter] GPSPrint: Returning parsed result
2026-08-20 21:47:52,237 - gpsd_manager - INFO - [Converter] GPSPrint: Parsed ZED data, has_gps_time=True
2026-08-20 21:47:52,237 - gpsd_manager - INFO - [Converter] GPSPrint: Returning parsed result
2026-08-20 21:47:53,290 - gpsd_manager - INFO - [Converter] GPSPrint: Parsed ZED data, has_gps_time=True
2026-08-20 21:47:53,290 - gpsd_manager - INFO - [Converter] GPSPrint: Returning parsed result
2026-08-20 21:47:54,222 - gpsd_manager - INFO - [Converter] GPSPrint: Parsed ZED data, has_gps_time=True
2026-08-20 21:47:54,222 - gpsd_manager - INFO - [Converter] GPSPrint: Returning parsed result
2026-08-20 21:47:55,275 - gpsd_manager - INFO - [Converter] GPSPrint: Parsed ZED data, has_gps_time=True
2026-08-20 21:47:55,275 - gpsd_manager - INFO - [Converter] GPSPrint: Returning parsed result
2026-08-20 21:47:57,221 - gpsd_manager - INFO - [Converter] GPSPrint: Parsed ZED data, has_gps_time=True
2026-08-20 21:47:57,221 - gpsd_manager - INFO - [Converter] GPSPrint: Returning parsed result
2026-08-20 21:47:58,274 - gpsd_manager - INFO - [Converter] GPSPrint: Parsed ZED data, has_gps_time=True
2026-08-20 21:47:58,274 - gpsd_manager - INFO - [Converter] GPSPrint: Returning parsed result
2026-08-20 21:48:04,125 - gpsd_manager - INFO - Starting converter: C:\Users\me\AppData\Local\Programs\Python\Python312\python.exe c:\Users\me\app-gpsd_manager\mcode_converter.py --port COM9 --baudrate 9600 --mode tcp --parser mcode
2026-08-20 21:48:04,135 - gpsd_manager - INFO - Converter process started with PID 42484
2026-08-20 21:48:05,636 - gpsd_manager - INFO - Converter running on port 2948 for mcode format
2026-08-20 21:48:05,636 - gpsd_manager - INFO - [Converter] Sent disable command: gps print disable
2026-08-20 21:48:05,637 - gpsd_manager - INFO - [Converter] Sent enable command: mcode atak enable
2026-08-20 21:48:05,637 - gpsd_manager - INFO - [Converter] TCP server listening on port 2948
2026-08-20 21:48:05,638 - gpsd_manager - INFO - [Converter] MCODE converter: reading from COM9, streaming NMEA via TCP port 2948
2026-08-20 21:48:31,824 - gpsd_manager - INFO - Starting converter: C:\Users\me\AppData\Local\Programs\Python\Python312\python.exe c:\Users\me\app-gpsd_manager\mcode_converter.py --port COM9 --baudrate 9600 --mode tcp --parser gps_print
2026-08-20 21:48:31,830 - gpsd_manager - INFO - Converter process started with PID 59092
2026-08-20 21:48:33,332 - gpsd_manager - INFO - Converter running on port 2948 for gps_print format
2026-08-20 21:48:33,333 - gpsd_manager - INFO - [Converter] Sent disable command: mcode atak disable
2026-08-20 21:48:33,333 - gpsd_manager - INFO - [Converter] Sent enable command: gps print enable
2026-08-20 21:48:33,333 - gpsd_manager - INFO - [Converter] TCP server listening on port 2948
2026-08-20 21:48:33,334 - gpsd_manager - INFO - [Converter] MCODE converter: reading from COM9, streaming NMEA via TCP port 2948
2026-08-20 21:48:33,334 - gpsd_manager - INFO - [Converter] GPSPrint: Parsed ZED data, has_gps_time=True
2026-08-20 21:48:33,334 - gpsd_manager - INFO - [Converter] GPSPrint: Returning parsed result
2026-08-20 21:48:34,201 - gpsd_manager - INFO - [Converter] GPSPrint: Parsed ZED data, has_gps_time=True
2026-08-20 21:48:34,201 - gpsd_manager - INFO - [Converter] GPSPrint: Returning parsed result
2026-08-20 21:48:35,259 - gpsd_manager - INFO - [Converter] GPSPrint: Parsed ZED data, has_gps_time=True
2026-08-20 21:48:35,259 - gpsd_manager - INFO - [Converter] GPSPrint: Returning parsed result
2026-08-20 21:48:36,306 - gpsd_manager - INFO - [Converter] GPSPrint: Parsed ZED data, has_gps_time=True
2026-08-20 21:48:36,306 - gpsd_manager - INFO - [Converter] GPSPrint: Returning parsed result
2026-08-20 21:48:38,157 - gpsd_manager - INFO - [Converter] GPSPrint: Parsed ZED data, has_gps_time=True
2026-08-20 21:48:38,157 - gpsd_manager - INFO - [Converter] GPSPrint: Returning parsed result
2026-08-20 21:48:39,012 - gpsd_manager - INFO - [Converter] GPSPrint: Parsed ZED data, has_gps_time=True
2026-08-20 21:48:39,012 - gpsd_manager - INFO - [Converter] GPSPrint: Returning parsed result
2026-08-20 21:48:40,167 - gpsd_manager - INFO - [Converter] GPSPrint: Parsed ZED data, has_gps_time=True
2026-08-20 21:48:40,167 - gpsd_manager - INFO - [Converter] GPSPrint: Returning parsed result
2026-08-20 21:48:40,994 - gpsd_manager - INFO - [Converter] GPSPrint: Parsed ZED data, has_gps_time=True
2026-08-20 21:48:40,994 - gpsd_manager - INFO - [Converter] GPSPrint: Returning parsed result
2026-08-20 21:48:42,019 - gpsd_manager - INFO - [Converter] GPSPrint: Parsed ZED data, has_gps_time=True
2026-08-20 21:48:42,019 - gpsd_manager - INFO - [Converter] GPSPrint: Returning parsed result
2026-08-20 21:48:43,042 - gpsd_manager - INFO - [Converter] GPSPrint: Parsed ZED data, has_gps_time=True
2026-08-20 21:48:43,043 - gpsd_manager - INFO - [Converter] GPSPrint: Returning parsed result
2026-08-20 21:48:44,293 - gpsd_manager - INFO - [Converter] GPSPrint: Parsed ZED data, has_gps_time=True
2026-08-20 21:48:44,293 - gpsd_manager - INFO - [Converter] GPSPrint: Returning parsed result
2026-08-20 21:48:45,441 - gpsd_manager - INFO - [Converter] GPSPrint: Parsed ZED data, has_gps_time=True
2026-08-20 21:48:45,442 - gpsd_manager - INFO - [Converter] GPSPrint: Returning parsed result
2026-08-20 21:48:47,090 - gpsd_manager - INFO - [Converter] GPSPrint: Parsed ZED data, has_gps_time=True
2026-08-20 21:48:47,090 - gpsd_manager - INFO - [Converter] GPSPrint: Returning parsed result
2026-08-20 21:48:48,046 - gpsd_manager - INFO - [Converter] GPSPrint: Parsed ZED data, has_gps_time=True
2026-08-20 21:48:48,046 - gpsd_manager - INFO - [Converter] GPSPrint: Returning parsed result
2026-08-20 21:48:49,170 - gpsd_manager - INFO - [Converter] GPSPrint: Parsed ZED data, has_gps_time=True
2026-08-20 21:48:49,170 - gpsd_manager - INFO - [Converter] GPSPrint: Returning parsed result
2026-08-20 21:48:50,228 - gpsd_manager - INFO - [Converter] GPSPrint: Parsed ZED data, has_gps_time=True
2026-08-20 21:48:50,228 - gpsd_manager - INFO - [Converter] GPSPrint: Returning parsed result
2026-08-20 21:48:51,244 - gpsd_manager - INFO - [Converter] GPSPrint: Parsed ZED data, has_gps_time=True
2026-08-20 21:48:51,244 - gpsd_manager - INFO - [Converter] GPSPrint: Returning parsed result
2026-08-20 21:48:52,204 - gpsd_manager - INFO - [Converter] GPSPrint: Parsed ZED data, has_gps_time=True
2026-08-20 21:48:52,205 - gpsd_manager - INFO - [Converter] GPSPrint: Returning parsed result
2026-08-20 21:48:53,220 - gpsd_manager - INFO - [Converter] GPSPrint: Parsed ZED data, has_gps_time=True
2026-08-20 21:48:53,220 - gpsd_manager - INFO - [Converter] GPSPrint: Returning parsed result
2026-08-20 21:48:54,276 - gpsd_manager - INFO - [Converter] GPSPrint: Parsed ZED data, has_gps_time=True
2026-08-20 21:48:54,276 - gpsd_manager - INFO - [Converter] GPSPrint: Returning parsed result
2026-08-20 21:48:55,135 - gpsd_manager - INFO - [Converter] GPSPrint: Parsed ZED data, has_gps_time=True
2026-08-20 21:48:55,136 - gpsd_manager - INFO - [Converter] GPSPrint: Returning parsed result
2026-08-20 21:48:56,187 - gpsd_manager - INFO - [Converter] GPSPrint: Parsed ZED data, has_gps_time=True
2026-08-20 21:48:56,187 - gpsd_manager - INFO - [Converter] GPSPrint: Returning parsed result
2026-08-20 21:48:57,211 - gpsd_manager - INFO - [Converter] GPSPrint: Parsed ZED data, has_gps_time=True
2026-08-20 21:48:57,212 - gpsd_manager - INFO - [Converter] GPSPrint: Returning parsed result
2026-08-20 21:48:58,034 - gpsd_manager - INFO - [Converter] GPSPrint: Parsed ZED data, has_gps_time=True
2026-08-20 21:48:58,034 - gpsd_manager - INFO - [Converter] GPSPrint: Returning parsed result
2026-08-20 21:48:59,058 - gpsd_manager - INFO - [Converter] GPSPrint: Parsed ZED data, has_gps_time=True
2026-08-20 21:48:59,058 - gpsd_manager - INFO - [Converter] GPSPrint: Returning parsed result
2026-08-20 21:49:00,974 - gpsd_manager - INFO - [Converter] GPSPrint: Parsed ZED data, has_gps_time=True
2026-08-20 21:49:00,974 - gpsd_manager - INFO - [Converter] GPSPrint: Returning parsed result
2026-08-20 21:49:01,999 - gpsd_manager - INFO - [Converter] GPSPrint: Parsed ZED data, has_gps_time=True
2026-08-20 21:49:02,000 - gpsd_manager - INFO - [Converter] GPSPrint: Returning parsed result
2026-08-20 21:49:03,252 - gpsd_manager - INFO - [Converter] GPSPrint: Parsed ZED data, has_gps_time=True
2026-08-20 21:49:03,252 - gpsd_manager - INFO - [Converter] GPSPrint: Returning parsed result
2026-08-20 21:49:05,202 - gpsd_manager - INFO - [Converter] GPSPrint: Parsed ZED data, has_gps_time=True
2026-08-20 21:49:05,202 - gpsd_manager - INFO - [Converter] GPSPrint: Returning parsed result
2026-08-20 21:49:05,954 - gpsd_manager - INFO - [Converter] GPSPrint: Parsed ZED data, has_gps_time=True
2026-08-20 21:49:05,954 - gpsd_manager - INFO - [Converter] GPSPrint: Returning parsed result
2026-08-20 21:49:07,114 - gpsd_manager - INFO - [Converter] GPSPrint: Parsed ZED data, has_gps_time=True
2026-08-20 21:49:07,114 - gpsd_manager - INFO - [Converter] GPSPrint: Returning parsed result
2026-08-20 21:49:08,228 - gpsd_manager - INFO - [Converter] GPSPrint: Parsed ZED data, has_gps_time=True
2026-08-20 21:49:08,229 - gpsd_manager - INFO - [Converter] GPSPrint: Returning parsed result
2026-08-20 21:49:09,190 - gpsd_manager - INFO - [Converter] GPSPrint: Parsed ZED data, has_gps_time=True
2026-08-20 21:49:09,190 - gpsd_manager - INFO - [Converter] GPSPrint: Returning parsed result
2026-08-20 21:49:10,210 - gpsd_manager - INFO - [Converter] GPSPrint: Parsed ZED data, has_gps_time=True
2026-08-20 21:49:10,210 - gpsd_manager - INFO - [Converter] GPSPrint: Returning parsed result
2026-08-20 21:49:11,266 - gpsd_manager - INFO - [Converter] GPSPrint: Parsed ZED data, has_gps_time=True
2026-08-20 21:49:11,266 - gpsd_manager - INFO - [Converter] GPSPrint: Returning parsed result
2026-08-20 21:49:12,291 - gpsd_manager - INFO - [Converter] GPSPrint: Parsed ZED data, has_gps_time=True
2026-08-20 21:49:12,292 - gpsd_manager - INFO - [Converter] GPSPrint: Returning parsed result
2026-08-20 21:49:13,244 - gpsd_manager - INFO - [Converter] GPSPrint: Parsed ZED data, has_gps_time=True
2026-08-20 21:49:13,244 - gpsd_manager - INFO - [Converter] GPSPrint: Returning parsed result
2026-08-20 21:49:14,497 - gpsd_manager - INFO - [Converter] GPSPrint: Parsed ZED data, has_gps_time=True
2026-08-20 21:49:14,497 - gpsd_manager - INFO - [Converter] GPSPrint: Returning parsed result
2026-08-20 21:49:15,449 - gpsd_manager - INFO - [Converter] GPSPrint: Parsed ZED data, has_gps_time=True
2026-08-20 21:49:15,449 - gpsd_manager - INFO - [Converter] GPSPrint: Returning parsed result
2026-08-20 21:49:16,298 - gpsd_manager - INFO - [Converter] GPSPrint: Parsed ZED data, has_gps_time=True
2026-08-20 21:49:16,299 - gpsd_manager - INFO - [Converter] GPSPrint: Returning parsed result
2026-08-20 21:49:17,258 - gpsd_manager - INFO - [Converter] GPSPrint: Parsed ZED data, has_gps_time=True
2026-08-20 21:49:17,258 - gpsd_manager - INFO - [Converter] GPSPrint: Returning parsed result
2026-08-20 21:49:18,410 - gpsd_manager - INFO - [Converter] GPSPrint: Parsed ZED data, has_gps_time=True
2026-08-20 21:49:18,410 - gpsd_manager - INFO - [Converter] GPSPrint: Returning parsed result
2026-08-20 21:50:51,540 - gpsd_manager - INFO - Starting converter: C:\Users\me\AppData\Local\Programs\Python\Python312\python.exe c:\Users\me\app-gpsd_manager\mcode_converter.py --port COM9 --baudrate 9600 --mode tcp --parser mcode
2026-08-20 21:50:51,551 - gpsd_manager - INFO - Converter process started with PID 64960
2026-08-20 21:50:53,052 - gpsd_manager - INFO - Converter running on port 2948 for mcode format
2026-08-20 21:50:53,052 - gpsd_manager - INFO - [Converter] Sent disable command: gps print disable
2026-08-20 21:50:53,053 - gpsd_manager - INFO - [Converter] Sent enable command: mcode atak enable
2026-08-20 21:50:53,053 - gpsd_manager - INFO - [Converter] TCP server listening on port 2948
2026-08-20 21:50:53,055 - gpsd_manager - INFO - [Converter] MCODE converter: reading from COM9, streaming NMEA via TCP port 2948
2026-08-20 21:50:53,604 - gpsd_manager - ERROR - Failed to read debug file: Expecting value: line 9 column 18 (char 259)
2026-08-20 21:50:53,687 - gpsd_manager - ERROR - Failed to read debug file: Expecting value: line 9 column 18 (char 259)
2026-08-20 21:51:27,112 - gpsd_manager - INFO - Starting converter: C:\Users\me\AppData\Local\Programs\Python\Python312\python.exe c:\Users\me\app-gpsd_manager\mcode_converter.py --port COM9 --baudrate 9600 --mode tcp --parser gps_print
2026-08-20 21:51:27,120 - gpsd_manager - INFO - Converter process started with PID 62020
2026-08-20 21:51:28,623 - gpsd_manager - INFO - Converter running on port 2948 for gps_print format
2026-08-20 21:51:28,623 - gpsd_manager - INFO - [Converter] Sent disable command: mcode atak disable
2026-08-20 21:51:28,623 - gpsd_manager - INFO - [Converter] Sent enable command: gps print enable
2026-08-20 21:51:28,624 - gpsd_manager - INFO - [Converter] TCP server listening on port 2948
2026-08-20 21:51:28,625 - gpsd_manager - INFO - [Converter] MCODE converter: reading from COM9, streaming NMEA via TCP port 2948
2026-08-20 21:51:28,962 - gpsd_manager - INFO - [Converter] GPSPrint: Parsed ZED data, has_gps_time=False
2026-08-20 21:51:29,823 - gpsd_manager - INFO - [Converter] GPSPrint: Parsed ZED data, has_gps_time=True
2026-08-20 21:51:29,823 - gpsd_manager - INFO - [Converter] GPSPrint: Returning parsed result
2026-08-20 21:51:30,970 - gpsd_manager - INFO - [Converter] GPSPrint: Parsed ZED data, has_gps_time=True
2026-08-20 21:51:30,970 - gpsd_manager - INFO - [Converter] GPSPrint: Returning parsed result
2026-08-20 21:51:32,125 - gpsd_manager - INFO - [Converter] GPSPrint: Parsed ZED data, has_gps_time=True
2026-08-20 21:51:32,125 - gpsd_manager - INFO - [Converter] GPSPrint: Returning parsed result
2026-08-20 21:51:33,252 - gpsd_manager - INFO - [Converter] GPSPrint: Parsed ZED data, has_gps_time=True
2026-08-20 21:51:33,252 - gpsd_manager - INFO - [Converter] GPSPrint: Returning parsed result
2026-08-20 21:51:34,209 - gpsd_manager - INFO - [Converter] GPSPrint: Parsed ZED data, has_gps_time=True
2026-08-20 21:51:34,209 - gpsd_manager - INFO - [Converter] GPSPrint: Returning parsed result
2026-08-20 21:51:35,226 - gpsd_manager - INFO - [Converter] GPSPrint: Parsed ZED data, has_gps_time=True
2026-08-20 21:51:35,227 - gpsd_manager - INFO - [Converter] GPSPrint: Returning parsed result
2026-08-20 21:51:36,187 - gpsd_manager - INFO - [Converter] GPSPrint: Parsed ZED data, has_gps_time=True
2026-08-20 21:51:36,187 - gpsd_manager - INFO - [Converter] GPSPrint: Returning parsed result
2026-08-20 21:51:37,209 - gpsd_manager - INFO - [Converter] GPSPrint: Parsed ZED data, has_gps_time=True
2026-08-20 21:51:37,209 - gpsd_manager - INFO - [Converter] GPSPrint: Returning parsed result
2026-08-20 21:51:38,155 - gpsd_manager - INFO - [Converter] GPSPrint: Parsed ZED data, has_gps_time=True
2026-08-20 21:51:38,155 - gpsd_manager - INFO - [Converter] GPSPrint: Returning parsed result
2026-08-20 21:51:38,791 - gpsd_manager - ERROR - Failed to read debug file: Expecting value: line 9 column 18 (char 259)
2026-08-20 21:51:39,186 - gpsd_manager - INFO - [Converter] GPSPrint: Parsed ZED data, has_gps_time=True
2026-08-20 21:51:39,186 - gpsd_manager - INFO - [Converter] GPSPrint: Returning parsed result
2026-08-20 21:51:40,234 - gpsd_manager - INFO - [Converter] GPSPrint: Parsed ZED data, has_gps_time=True
2026-08-20 21:51:40,234 - gpsd_manager - INFO - [Converter] GPSPrint: Returning parsed result
2026-08-20 21:51:42,282 - gpsd_manager - INFO - [Converter] GPSPrint: Parsed ZED data, has_gps_time=True
2026-08-20 21:51:42,282 - gpsd_manager - INFO - [Converter] GPSPrint: Returning parsed result
2026-08-20 21:51:43,436 - gpsd_manager - INFO - [Converter] GPSPrint: Parsed ZED data, has_gps_time=True
2026-08-20 21:51:43,436 - gpsd_manager - INFO - [Converter] GPSPrint: Returning parsed result
2026-08-20 21:51:44,590 - gpsd_manager - INFO - [Converter] GPSPrint: Parsed ZED data, has_gps_time=True
2026-08-20 21:51:44,590 - gpsd_manager - INFO - [Converter] GPSPrint: Returning parsed result
2026-08-20 21:51:45,648 - gpsd_manager - INFO - [Converter] GPSPrint: Parsed ZED data, has_gps_time=True
2026-08-20 21:51:45,648 - gpsd_manager - INFO - [Converter] GPSPrint: Returning parsed result
2026-08-20 21:51:46,797 - gpsd_manager - INFO - [Converter] GPSPrint: Parsed ZED data, has_gps_time=True
2026-08-20 21:51:46,797 - gpsd_manager - INFO - [Converter] GPSPrint: Returning parsed result
2026-08-20 21:51:47,925 - gpsd_manager - INFO - [Converter] GPSPrint: Parsed ZED data, has_gps_time=True
2026-08-20 21:51:47,925 - gpsd_manager - INFO - [Converter] GPSPrint: Returning parsed result
2026-08-20 21:51:48,948 - gpsd_manager - INFO - [Converter] GPSPrint: Parsed ZED data, has_gps_time=True
2026-08-20 21:51:48,949 - gpsd_manager - INFO - [Converter] GPSPrint: Returning parsed result
2026-08-20 21:51:50,065 - gpsd_manager - INFO - [Converter] GPSPrint: Parsed ZED data, has_gps_time=True
2026-08-20 21:51:50,066 - gpsd_manager - INFO - [Converter] GPSPrint: Returning parsed result
2026-08-20 21:51:51,095 - gpsd_manager - INFO - [Converter] GPSPrint: Parsed ZED data, has_gps_time=True
2026-08-20 21:51:51,096 - gpsd_manager - INFO - [Converter] GPSPrint: Returning parsed result
2026-08-20 21:51:52,240 - gpsd_manager - INFO - [Converter] GPSPrint: Parsed ZED data, has_gps_time=True
2026-08-20 21:51:52,241 - gpsd_manager - INFO - [Converter] GPSPrint: Returning parsed result
2026-08-20 21:51:53,393 - gpsd_manager - INFO - [Converter] GPSPrint: Parsed ZED data, has_gps_time=True
2026-08-20 21:51:53,393 - gpsd_manager - INFO - [Converter] GPSPrint: Returning parsed result
2026-08-20 21:51:54,158 - gpsd_manager - ERROR - Failed to read debug file: Expecting value: line 9 column 18 (char 259)
2026-08-20 21:51:54,451 - gpsd_manager - INFO - [Converter] GPSPrint: Parsed ZED data, has_gps_time=True
2026-08-20 21:51:54,451 - gpsd_manager - INFO - [Converter] GPSPrint: Returning parsed result
2026-08-20 21:51:55,406 - gpsd_manager - INFO - [Converter] GPSPrint: Parsed ZED data, has_gps_time=True
2026-08-20 21:51:55,406 - gpsd_manager - INFO - [Converter] GPSPrint: Returning parsed result
2026-08-20 21:51:56,255 - gpsd_manager - INFO - [Converter] GPSPrint: Parsed ZED data, has_gps_time=True
2026-08-20 21:51:56,256 - gpsd_manager - INFO - [Converter] GPSPrint: Returning parsed result
2026-08-20 21:51:57,214 - gpsd_manager - INFO - [Converter] GPSPrint: Parsed ZED data, has_gps_time=True
2026-08-20 21:51:57,214 - gpsd_manager - INFO - [Converter] GPSPrint: Returning parsed result
2026-08-20 21:51:58,233 - gpsd_manager - INFO - [Converter] GPSPrint: Parsed ZED data, has_gps_time=True
2026-08-20 21:51:58,233 - gpsd_manager - INFO - [Converter] GPSPrint: Returning parsed result
2026-08-20 21:51:59,197 - gpsd_manager - INFO - [Converter] GPSPrint: Parsed ZED data, has_gps_time=True
2026-08-20 21:51:59,197 - gpsd_manager - INFO - [Converter] GPSPrint: Returning parsed result
2026-08-20 21:52:00,218 - gpsd_manager - INFO - [Converter] GPSPrint: Parsed ZED data, has_gps_time=True
2026-08-20 21:52:00,218 - gpsd_manager - INFO - [Converter] GPSPrint: Returning parsed result
2026-08-20 21:52:01,264 - gpsd_manager - INFO - [Converter] GPSPrint: Parsed ZED data, has_gps_time=True
2026-08-20 21:52:01,265 - gpsd_manager - INFO - [Converter] GPSPrint: Returning parsed result
2026-08-20 21:52:02,195 - gpsd_manager - INFO - [Converter] GPSPrint: Parsed ZED data, has_gps_time=True
2026-08-20 21:52:02,195 - gpsd_manager - INFO - [Converter] GPSPrint: Returning parsed result
2026-08-20 21:52:03,251 - gpsd_manager - INFO - [Converter] GPSPrint: Parsed ZED data, has_gps_time=True
2026-08-20 21:52:03,251 - gpsd_manager - INFO - [Converter] GPSPrint: Returning parsed result
2026-08-20 21:52:04,265 - gpsd_manager - INFO - [Converter] GPSPrint: Parsed ZED data, has_gps_time=True
2026-08-20 21:52:04,266 - gpsd_manager - INFO - [Converter] GPSPrint: Returning parsed result
2026-08-20 21:52:05,224 - gpsd_manager - INFO - [Converter] GPSPrint: Parsed ZED data, has_gps_time=True
2026-08-20 21:52:05,224 - gpsd_manager - INFO - [Converter] GPSPrint: Returning parsed result
2026-08-20 21:52:06,248 - gpsd_manager - INFO - [Converter] GPSPrint: Parsed ZED data, has_gps_time=True
2026-08-20 21:52:06,248 - gpsd_manager - INFO - [Converter] GPSPrint: Returning parsed result
2026-08-20 21:52:07,200 - gpsd_manager - INFO - [Converter] GPSPrint: Parsed ZED data, has_gps_time=True
2026-08-20 21:52:07,200 - gpsd_manager - INFO - [Converter] GPSPrint: Returning parsed result
2026-08-20 21:52:08,224 - gpsd_manager - INFO - [Converter] GPSPrint: Parsed ZED data, has_gps_time=True
2026-08-20 21:52:08,224 - gpsd_manager - INFO - [Converter] GPSPrint: Returning parsed result
2026-08-20 21:52:08,810 - gpsd_manager - ERROR - Failed to read debug file: Expecting value: line 9 column 18 (char 259)
2026-08-20 21:52:09,177 - gpsd_manager - INFO - [Converter] GPSPrint: Parsed ZED data, has_gps_time=True
2026-08-20 21:52:09,177 - gpsd_manager - INFO - [Converter] GPSPrint: Returning parsed result
2026-08-20 21:52:10,206 - gpsd_manager - INFO - [Converter] GPSPrint: Parsed ZED data, has_gps_time=True
2026-08-20 21:52:10,206 - gpsd_manager - INFO - [Converter] GPSPrint: Returning parsed result
2026-08-20 21:52:11,154 - gpsd_manager - INFO - [Converter] GPSPrint: Parsed ZED data, has_gps_time=True
2026-08-20 21:52:11,154 - gpsd_manager - INFO - [Converter] GPSPrint: Returning parsed result
2026-08-20 21:52:12,177 - gpsd_manager - INFO - [Converter] GPSPrint: Parsed ZED data, has_gps_time=True
2026-08-20 21:52:12,178 - gpsd_manager - INFO - [Converter] GPSPrint: Returning parsed result
2026-08-20 21:52:13,234 - gpsd_manager - INFO - [Converter] GPSPrint: Parsed ZED data, has_gps_time=True
2026-08-20 21:52:13,235 - gpsd_manager - INFO - [Converter] GPSPrint: Returning parsed result
2026-08-20 21:52:14,157 - gpsd_manager - INFO - [Converter] GPSPrint: Parsed ZED data, has_gps_time=True
2026-08-20 21:52:14,157 - gpsd_manager - INFO - [Converter] GPSPrint: Returning parsed result
2026-08-20 21:52:15,214 - gpsd_manager - INFO - [Converter] GPSPrint: Parsed ZED data, has_gps_time=True
2026-08-20 21:52:15,214 - gpsd_manager - INFO - [Converter] GPSPrint: Returning parsed result
2026-08-20 21:52:16,233 - gpsd_manager - INFO - [Converter] GPSPrint: Parsed ZED data, has_gps_time=True
2026-08-20 21:52:16,233 - gpsd_manager - INFO - [Converter] GPSPrint: Returning parsed result
2026-08-20 21:52:17,186 - gpsd_manager - INFO - [Converter] GPSPrint: Parsed ZED data, has_gps_time=True
2026-08-20 21:52:17,186 - gpsd_manager - INFO - [Converter] GPSPrint: Returning parsed result
2026-08-20 21:52:18,217 - gpsd_manager - INFO - [Converter] GPSPrint: Parsed ZED data, has_gps_time=True
2026-08-20 21:52:18,217 - gpsd_manager - INFO - [Converter] GPSPrint: Returning parsed result
2026-08-20 21:52:18,877 - gpsd_manager - ERROR - Failed to read debug file: Expecting value: line 9 column 18 (char 259)
2026-08-20 21:52:19,166 - gpsd_manager - INFO - [Converter] GPSPrint: Parsed ZED data, has_gps_time=True
2026-08-20 21:52:19,167 - gpsd_manager - INFO - [Converter] GPSPrint: Returning parsed result
2026-08-20 21:52:20,196 - gpsd_manager - INFO - [Converter] GPSPrint: Parsed ZED data, has_gps_time=True
2026-08-20 21:52:20,197 - gpsd_manager - INFO - [Converter] GPSPrint: Returning parsed result
2026-08-20 21:52:21,246 - gpsd_manager - INFO - [Converter] GPSPrint: Parsed ZED data, has_gps_time=True
2026-08-20 21:52:21,246 - gpsd_manager - INFO - [Converter] GPSPrint: Returning parsed result
2026-08-20 21:52:22,174 - gpsd_manager - INFO - [Converter] GPSPrint: Parsed ZED data, has_gps_time=True
2026-08-20 21:52:22,175 - gpsd_manager - INFO - [Converter] GPSPrint: Returning parsed result
2026-08-20 21:52:23,221 - gpsd_manager - INFO - [Converter] GPSPrint: Parsed ZED data, has_gps_time=True
2026-08-20 21:52:23,222 - gpsd_manager - INFO - [Converter] GPSPrint: Returning parsed result
2026-08-20 21:52:23,809 - gpsd_manager - ERROR - Failed to read debug file: Expecting value: line 9 column 18 (char 259)
2026-08-20 21:52:24,152 - gpsd_manager - INFO - [Converter] GPSPrint: Parsed ZED data, has_gps_time=True
2026-08-20 21:52:24,152 - gpsd_manager - INFO - [Converter] GPSPrint: Returning parsed result
2026-08-20 21:52:25,201 - gpsd_manager - INFO - [Converter] GPSPrint: Parsed ZED data, has_gps_time=True
2026-08-20 21:52:25,201 - gpsd_manager - INFO - [Converter] GPSPrint: Returning parsed result
2026-08-20 21:52:26,225 - gpsd_manager - INFO - [Converter] GPSPrint: Parsed ZED data, has_gps_time=True
2026-08-20 21:52:26,226 - gpsd_manager - INFO - [Converter] GPSPrint: Returning parsed result
2026-08-20 21:52:27,181 - gpsd_manager - INFO - [Converter] GPSPrint: Parsed ZED data, has_gps_time=True
2026-08-20 21:52:27,182 - gpsd_manager - INFO - [Converter] GPSPrint: Returning parsed result
2026-08-20 21:52:28,203 - gpsd_manager - INFO - [Converter] GPSPrint: Parsed ZED data, has_gps_time=True
2026-08-20 21:52:28,203 - gpsd_manager - INFO - [Converter] GPSPrint: Returning parsed result
2026-08-20 21:52:29,259 - gpsd_manager - INFO - [Converter] GPSPrint: Parsed ZED data, has_gps_time=True
2026-08-20 21:52:29,260 - gpsd_manager - INFO - [Converter] GPSPrint: Returning parsed result
2026-08-20 21:52:30,181 - gpsd_manager - INFO - [Converter] GPSPrint: Parsed ZED data, has_gps_time=True
2026-08-20 21:52:30,182 - gpsd_manager - INFO - [Converter] GPSPrint: Returning parsed result
2026-08-20 21:52:31,233 - gpsd_manager - INFO - [Converter] GPSPrint: Parsed ZED data, has_gps_time=True
2026-08-20 21:52:31,233 - gpsd_manager - INFO - [Converter] GPSPrint: Returning parsed result
2026-08-20 21:52:32,258 - gpsd_manager - INFO - [Converter] GPSPrint: Parsed ZED data, has_gps_time=True
2026-08-20 21:52:32,258 - gpsd_manager - INFO - [Converter] GPSPrint: Returning parsed result
2026-08-20 21:52:33,215 - gpsd_manager - INFO - [Converter] GPSPrint: Parsed ZED data, has_gps_time=True
2026-08-20 21:52:33,215 - gpsd_manager - INFO - [Converter] GPSPrint: Returning parsed result
2026-08-20 21:52:34,236 - gpsd_manager - INFO - [Converter] GPSPrint: Parsed ZED data, has_gps_time=True
2026-08-20 21:52:34,237 - gpsd_manager - INFO - [Converter] GPSPrint: Returning parsed result
2026-08-20 21:52:35,290 - gpsd_manager - INFO - [Converter] GPSPrint: Parsed ZED data, has_gps_time=True
2026-08-20 21:52:35,290 - gpsd_manager - INFO - [Converter] GPSPrint: Returning parsed result
2026-08-20 21:52:36,217 - gpsd_manager - INFO - [Converter] GPSPrint: Parsed ZED data, has_gps_time=True
2026-08-20 21:52:36,217 - gpsd_manager - INFO - [Converter] GPSPrint: Returning parsed result
2026-08-20 21:52:37,268 - gpsd_manager - INFO - [Converter] GPSPrint: Parsed ZED data, has_gps_time=True
2026-08-20 21:52:37,269 - gpsd_manager - INFO - [Converter] GPSPrint: Returning parsed result
2026-08-20 21:52:38,197 - gpsd_manager - INFO - [Converter] GPSPrint: Parsed ZED data, has_gps_time=True
2026-08-20 21:52:38,197 - gpsd_manager - INFO - [Converter] GPSPrint: Returning parsed result
2026-08-20 21:52:38,829 - gpsd_manager - ERROR - Failed to read debug file: Expecting value: line 9 column 18 (char 256)
2026-08-20 21:52:39,244 - gpsd_manager - INFO - [Converter] GPSPrint: Parsed ZED data, has_gps_time=True
2026-08-20 21:52:39,244 - gpsd_manager - INFO - [Converter] GPSPrint: Returning parsed result
2026-08-20 21:52:40,270 - gpsd_manager - INFO - [Converter] GPSPrint: Parsed ZED data, has_gps_time=True
2026-08-20 21:52:40,270 - gpsd_manager - INFO - [Converter] GPSPrint: Returning parsed result
2026-08-20 21:52:40,999 - gpsd_manager - INFO - [Converter] GPSPrint: Parsed ZED data, has_gps_time=True
2026-08-20 21:52:40,999 - gpsd_manager - INFO - [Converter] GPSPrint: Returning parsed result
2026-08-20 21:52:42,022 - gpsd_manager - INFO - [Converter] GPSPrint: Parsed ZED data, has_gps_time=True
2026-08-20 21:52:42,022 - gpsd_manager - INFO - [Converter] GPSPrint: Returning parsed result
2026-08-20 21:52:43,040 - gpsd_manager - INFO - [Converter] GPSPrint: Parsed ZED data, has_gps_time=True
2026-08-20 21:52:43,041 - gpsd_manager - INFO - [Converter] GPSPrint: Returning parsed result
2026-08-20 21:52:44,065 - gpsd_manager - INFO - [Converter] GPSPrint: Parsed ZED data, has_gps_time=True
2026-08-20 21:52:44,065 - gpsd_manager - INFO - [Converter] GPSPrint: Returning parsed result
2026-08-20 21:52:45,095 - gpsd_manager - INFO - [Converter] GPSPrint: Parsed ZED data, has_gps_time=True
2026-08-20 21:52:45,096 - gpsd_manager - INFO - [Converter] GPSPrint: Returning parsed result
2026-08-20 21:52:46,018 - gpsd_manager - INFO - [Converter] GPSPrint: Parsed ZED data, has_gps_time=True
2026-08-20 21:52:46,018 - gpsd_manager - INFO - [Converter] GPSPrint: Returning parsed result
2026-08-20 21:52:47,034 - gpsd_manager - INFO - [Converter] GPSPrint: Parsed ZED data, has_gps_time=True
2026-08-20 21:52:47,034 - gpsd_manager - INFO - [Converter] GPSPrint: Returning parsed result
2026-08-20 21:52:48,065 - gpsd_manager - INFO - [Converter] GPSPrint: Parsed ZED data, has_gps_time=True
2026-08-20 21:52:48,065 - gpsd_manager - INFO - [Converter] GPSPrint: Returning parsed result
2026-08-20 21:52:49,085 - gpsd_manager - INFO - [Converter] GPSPrint: Parsed ZED data, has_gps_time=True
2026-08-20 21:52:49,085 - gpsd_manager - INFO - [Converter] GPSPrint: Returning parsed result
2026-08-20 21:52:56,324 - gpsd_manager - INFO - Starting converter: C:\Users\me\AppData\Local\Programs\Python\Python312\python.exe c:\Users\me\app-gpsd_manager\mcode_converter.py --port COM9 --baudrate 9600 --mode tcp --parser mcode
2026-08-20 21:52:56,330 - gpsd_manager - INFO - Converter process started with PID 30860
2026-08-20 21:52:57,832 - gpsd_manager - INFO - Converter running on port 2948 for mcode format
2026-08-20 21:52:57,832 - gpsd_manager - INFO - [Converter] Sent disable command: gps print disable
2026-08-20 21:52:57,832 - gpsd_manager - INFO - [Converter] Sent enable command: mcode atak enable
2026-08-20 21:52:57,833 - gpsd_manager - INFO - [Converter] TCP server listening on port 2948
2026-08-20 21:52:57,833 - gpsd_manager - INFO - [Converter] MCODE converter: reading from COM9, streaming NMEA via TCP port 2948
2026-08-20 21:52:58,360 - gpsd_manager - ERROR - Failed to read debug file: Expecting value: line 9 column 18 (char 257)
2026-08-20 21:53:08,808 - gpsd_manager - ERROR - Failed to read debug file: Expecting value: line 9 column 18 (char 257)
2026-08-20 21:53:18,874 - gpsd_manager - ERROR - Failed to read debug file: Expecting value: line 9 column 18 (char 257)
2026-08-20 21:53:23,864 - gpsd_manager - ERROR - Failed to read debug file: Expecting value: line 9 column 18 (char 257)
2026-08-20 21:53:31,100 - gpsd_manager - ERROR - Failed to read debug file: Expecting value: line 9 column 18 (char 257)
2026-08-20 21:54:25,836 - gpsd_manager - INFO - Starting converter: C:\Users\me\AppData\Local\Programs\Python\Python312\python.exe c:\Users\me\app-gpsd_manager\mcode_converter.py --port COM9 --baudrate 9600 --mode tcp --parser gps_print
2026-08-20 21:54:25,843 - gpsd_manager - INFO - Converter process started with PID 40580
2026-08-20 21:54:27,345 - gpsd_manager - INFO - Converter running on port 2948 for gps_print format
2026-08-20 21:54:27,345 - gpsd_manager - INFO - [Converter] Sent disable command: mcode atak disable
2026-08-20 21:54:27,347 - gpsd_manager - INFO - [Converter] Sent enable command: gps print enable
2026-08-20 21:54:27,348 - gpsd_manager - INFO - [Converter] TCP server listening on port 2948
2026-08-20 21:54:27,348 - gpsd_manager - INFO - [Converter] MCODE converter: reading from COM9, streaming NMEA via TCP port 2948
2026-08-20 21:54:27,348 - gpsd_manager - INFO - [Converter] GPSPrint: Parsed ZED data, has_gps_time=True
2026-08-20 21:54:27,348 - gpsd_manager - INFO - [Converter] GPSPrint: Returning parsed result
2026-08-20 21:54:27,867 - gpsd_manager - ERROR - Failed to read debug file: Expecting value: line 9 column 18 (char 259)
2026-08-20 21:54:28,135 - gpsd_manager - INFO - [Converter] GPSPrint: Parsed ZED data, has_gps_time=True
2026-08-20 21:54:28,135 - gpsd_manager - INFO - [Converter] GPSPrint: Returning parsed result
2026-08-20 21:54:29,258 - gpsd_manager - INFO - [Converter] GPSPrint: Parsed ZED data, has_gps_time=True
2026-08-20 21:54:29,258 - gpsd_manager - INFO - [Converter] GPSPrint: Returning parsed result
2026-08-20 21:54:30,211 - gpsd_manager - INFO - [Converter] GPSPrint: Parsed ZED data, has_gps_time=True
2026-08-20 21:54:30,211 - gpsd_manager - INFO - [Converter] GPSPrint: Returning parsed result
2026-08-20 21:54:31,024 - gpsd_manager - ERROR - Failed to read debug file: Expecting value: line 9 column 18 (char 259)
2026-08-20 21:54:32,161 - gpsd_manager - INFO - [Converter] GPSPrint: Parsed ZED data, has_gps_time=True
2026-08-20 21:54:32,161 - gpsd_manager - INFO - [Converter] GPSPrint: Returning parsed result
2026-08-20 21:54:33,119 - gpsd_manager - INFO - [Converter] GPSPrint: Parsed ZED data, has_gps_time=True
2026-08-20 21:54:33,119 - gpsd_manager - INFO - [Converter] GPSPrint: Returning parsed result
2026-08-20 21:54:34,236 - gpsd_manager - INFO - [Converter] GPSPrint: Parsed ZED data, has_gps_time=True
2026-08-20 21:54:34,236 - gpsd_manager - INFO - [Converter] GPSPrint: Returning parsed result
2026-08-20 21:54:35,189 - gpsd_manager - INFO - [Converter] GPSPrint: Parsed ZED data, has_gps_time=True
2026-08-20 21:54:35,189 - gpsd_manager - INFO - [Converter] GPSPrint: Returning parsed result
2026-08-20 21:54:36,220 - gpsd_manager - INFO - [Converter] GPSPrint: Parsed ZED data, has_gps_time=True
2026-08-20 21:54:36,220 - gpsd_manager - INFO - [Converter] GPSPrint: Returning parsed result
2026-08-20 21:54:37,272 - gpsd_manager - INFO - [Converter] GPSPrint: Parsed ZED data, has_gps_time=True
2026-08-20 21:54:37,272 - gpsd_manager - INFO - [Converter] GPSPrint: Returning parsed result
2026-08-20 21:54:38,027 - gpsd_manager - INFO - [Converter] GPSPrint: Parsed ZED data, has_gps_time=True
2026-08-20 21:54:38,027 - gpsd_manager - INFO - [Converter] GPSPrint: Returning parsed result
2026-08-20 21:54:39,075 - gpsd_manager - INFO - [Converter] GPSPrint: Parsed ZED data, has_gps_time=True
2026-08-20 21:54:39,075 - gpsd_manager - INFO - [Converter] GPSPrint: Returning parsed result
2026-08-20 21:54:40,203 - gpsd_manager - INFO - [Converter] GPSPrint: Parsed ZED data, has_gps_time=True
2026-08-20 21:54:40,203 - gpsd_manager - INFO - [Converter] GPSPrint: Returning parsed result
2026-08-20 21:54:42,025 - gpsd_manager - INFO - [Converter] GPSPrint: Parsed ZED data, has_gps_time=True
2026-08-20 21:54:42,025 - gpsd_manager - INFO - [Converter] GPSPrint: Returning parsed result
2026-08-20 21:54:43,049 - gpsd_manager - INFO - [Converter] GPSPrint: Parsed ZED data, has_gps_time=True
2026-08-20 21:54:43,049 - gpsd_manager - INFO - [Converter] GPSPrint: Returning parsed result
2026-08-20 21:54:45,259 - gpsd_manager - INFO - [Converter] GPSPrint: Parsed ZED data, has_gps_time=True
2026-08-20 21:54:45,259 - gpsd_manager - INFO - [Converter] GPSPrint: Returning parsed result
2026-08-20 21:54:46,035 - gpsd_manager - ERROR - Failed to read debug file: Expecting value: line 9 column 18 (char 260)
2026-08-20 21:54:46,419 - gpsd_manager - INFO - [Converter] GPSPrint: Parsed ZED data, has_gps_time=True
2026-08-20 21:54:46,419 - gpsd_manager - INFO - [Converter] GPSPrint: Returning parsed result
2026-08-20 21:54:47,566 - gpsd_manager - INFO - [Converter] GPSPrint: Parsed ZED data, has_gps_time=True
2026-08-20 21:54:47,566 - gpsd_manager - INFO - [Converter] GPSPrint: Returning parsed result
2026-08-20 21:54:48,723 - gpsd_manager - INFO - [Converter] GPSPrint: Parsed ZED data, has_gps_time=True
2026-08-20 21:54:48,723 - gpsd_manager - INFO - [Converter] GPSPrint: Returning parsed result
2026-08-20 21:54:49,838 - gpsd_manager - INFO - [Converter] GPSPrint: Parsed ZED data, has_gps_time=True
2026-08-20 21:54:49,838 - gpsd_manager - INFO - [Converter] GPSPrint: Returning parsed result
2026-08-20 21:54:50,962 - gpsd_manager - INFO - [Converter] GPSPrint: Parsed ZED data, has_gps_time=True
2026-08-20 21:54:50,962 - gpsd_manager - INFO - [Converter] GPSPrint: Returning parsed result
2026-08-20 21:54:52,089 - gpsd_manager - INFO - [Converter] GPSPrint: Parsed ZED data, has_gps_time=True
2026-08-20 21:54:52,089 - gpsd_manager - INFO - [Converter] GPSPrint: Returning parsed result
2026-08-20 21:54:54,240 - gpsd_manager - INFO - [Converter] GPSPrint: Parsed ZED data, has_gps_time=True
2026-08-20 21:54:54,240 - gpsd_manager - INFO - [Converter] GPSPrint: Returning parsed result
2026-08-20 21:54:55,264 - gpsd_manager - INFO - [Converter] GPSPrint: Parsed ZED data, has_gps_time=True
2026-08-20 21:54:55,264 - gpsd_manager - INFO - [Converter] GPSPrint: Returning parsed result
2026-08-20 21:54:56,212 - gpsd_manager - INFO - [Converter] GPSPrint: Parsed ZED data, has_gps_time=True
2026-08-20 21:54:56,212 - gpsd_manager - INFO - [Converter] GPSPrint: Returning parsed result
2026-08-20 21:54:57,235 - gpsd_manager - INFO - [Converter] GPSPrint: Parsed ZED data, has_gps_time=True
2026-08-20 21:54:57,236 - gpsd_manager - INFO - [Converter] GPSPrint: Returning parsed result
2026-08-20 21:54:58,190 - gpsd_manager - INFO - [Converter] GPSPrint: Parsed ZED data, has_gps_time=True
2026-08-20 21:54:58,190 - gpsd_manager - INFO - [Converter] GPSPrint: Returning parsed result
2026-08-20 21:54:59,216 - gpsd_manager - INFO - [Converter] GPSPrint: Parsed ZED data, has_gps_time=True
2026-08-20 21:54:59,216 - gpsd_manager - INFO - [Converter] GPSPrint: Returning parsed result
2026-08-20 21:55:00,274 - gpsd_manager - INFO - [Converter] GPSPrint: Parsed ZED data, has_gps_time=True
2026-08-20 21:55:00,274 - gpsd_manager - INFO - [Converter] GPSPrint: Returning parsed result
2026-08-20 21:55:01,045 - gpsd_manager - ERROR - Failed to read debug file: Expecting value: line 9 column 18 (char 260)
2026-08-20 21:55:01,323 - gpsd_manager - INFO - [Converter] GPSPrint: Parsed ZED data, has_gps_time=True
2026-08-20 21:55:01,323 - gpsd_manager - INFO - [Converter] GPSPrint: Returning parsed result
2026-08-20 21:55:02,376 - gpsd_manager - INFO - [Converter] GPSPrint: Parsed ZED data, has_gps_time=True
2026-08-20 21:55:02,377 - gpsd_manager - INFO - [Converter] GPSPrint: Returning parsed result
2026-08-20 21:55:03,430 - gpsd_manager - INFO - [Converter] GPSPrint: Parsed ZED data, has_gps_time=True
2026-08-20 21:55:03,431 - gpsd_manager - INFO - [Converter] GPSPrint: Returning parsed result
2026-08-20 21:55:04,287 - gpsd_manager - INFO - [Converter] GPSPrint: Parsed ZED data, has_gps_time=True
2026-08-20 21:55:04,287 - gpsd_manager - INFO - [Converter] GPSPrint: Returning parsed result
2026-08-20 21:55:05,237 - gpsd_manager - INFO - [Converter] GPSPrint: Parsed ZED data, has_gps_time=True
2026-08-20 21:55:05,237 - gpsd_manager - INFO - [Converter] GPSPrint: Returning parsed result
2026-08-20 21:55:07,187 - gpsd_manager - INFO - [Converter] GPSPrint: Parsed ZED data, has_gps_time=True
2026-08-20 21:55:07,187 - gpsd_manager - INFO - [Converter] GPSPrint: Returning parsed result
2026-08-20 21:55:08,045 - gpsd_manager - INFO - [Converter] GPSPrint: Parsed ZED data, has_gps_time=True
2026-08-20 21:55:08,045 - gpsd_manager - INFO - [Converter] GPSPrint: Returning parsed result
2026-08-20 21:55:09,198 - gpsd_manager - INFO - [Converter] GPSPrint: Parsed ZED data, has_gps_time=True
2026-08-20 21:55:09,198 - gpsd_manager - INFO - [Converter] GPSPrint: Returning parsed result
2026-08-20 21:55:10,154 - gpsd_manager - INFO - [Converter] GPSPrint: Parsed ZED data, has_gps_time=True
2026-08-20 21:55:10,154 - gpsd_manager - INFO - [Converter] GPSPrint: Returning parsed result
2026-08-20 21:55:11,273 - gpsd_manager - INFO - [Converter] GPSPrint: Parsed ZED data, has_gps_time=True
2026-08-20 21:55:11,273 - gpsd_manager - INFO - [Converter] GPSPrint: Returning parsed result
2026-08-20 21:55:12,222 - gpsd_manager - INFO - [Converter] GPSPrint: Parsed ZED data, has_gps_time=True
2026-08-20 21:55:12,223 - gpsd_manager - INFO - [Converter] GPSPrint: Returning parsed result
2026-08-20 21:55:13,376 - gpsd_manager - INFO - [Converter] GPSPrint: Parsed ZED data, has_gps_time=True
2026-08-20 21:55:13,376 - gpsd_manager - INFO - [Converter] GPSPrint: Returning parsed result
2026-08-20 21:55:14,330 - gpsd_manager - INFO - [Converter] GPSPrint: Parsed ZED data, has_gps_time=True
2026-08-20 21:55:14,330 - gpsd_manager - INFO - [Converter] GPSPrint: Returning parsed result
2026-08-20 21:55:15,263 - gpsd_manager - INFO - [Converter] GPSPrint: Parsed ZED data, has_gps_time=True
2026-08-20 21:55:15,263 - gpsd_manager - INFO - [Converter] GPSPrint: Returning parsed result
2026-08-20 21:55:16,212 - gpsd_manager - INFO - [Converter] GPSPrint: Parsed ZED data, has_gps_time=True
2026-08-20 21:55:16,212 - gpsd_manager - INFO - [Converter] GPSPrint: Returning parsed result
2026-08-20 21:55:16,684 - gpsd_manager - ERROR - Failed to read debug file: Expecting value: line 9 column 18 (char 259)
2026-08-20 21:55:17,239 - gpsd_manager - INFO - [Converter] GPSPrint: Parsed ZED data, has_gps_time=True
2026-08-20 21:55:17,239 - gpsd_manager - INFO - [Converter] GPSPrint: Returning parsed result
2026-08-20 21:55:18,190 - gpsd_manager - INFO - [Converter] GPSPrint: Parsed ZED data, has_gps_time=True
2026-08-20 21:55:18,190 - gpsd_manager - INFO - [Converter] GPSPrint: Returning parsed result
2026-08-20 21:55:18,879 - gpsd_manager - ERROR - Failed to read debug file: Expecting value: line 9 column 18 (char 259)
2026-08-20 21:55:19,218 - gpsd_manager - INFO - [Converter] GPSPrint: Parsed ZED data, has_gps_time=True
2026-08-20 21:55:19,218 - gpsd_manager - INFO - [Converter] GPSPrint: Returning parsed result
2026-08-20 21:55:20,172 - gpsd_manager - INFO - [Converter] GPSPrint: Parsed ZED data, has_gps_time=True
2026-08-20 21:55:20,172 - gpsd_manager - INFO - [Converter] GPSPrint: Returning parsed result
2026-08-20 21:55:21,192 - gpsd_manager - INFO - [Converter] GPSPrint: Parsed ZED data, has_gps_time=True
2026-08-20 21:55:21,192 - gpsd_manager - INFO - [Converter] GPSPrint: Returning parsed result
2026-08-20 21:55:22,245 - gpsd_manager - INFO - [Converter] GPSPrint: Parsed ZED data, has_gps_time=True
2026-08-20 21:55:22,245 - gpsd_manager - INFO - [Converter] GPSPrint: Returning parsed result
2026-08-20 21:55:24,194 - gpsd_manager - INFO - [Converter] GPSPrint: Parsed ZED data, has_gps_time=True
2026-08-20 21:55:24,194 - gpsd_manager - INFO - [Converter] GPSPrint: Returning parsed result
2026-08-20 21:55:25,219 - gpsd_manager - INFO - [Converter] GPSPrint: Parsed ZED data, has_gps_time=True
2026-08-20 21:55:25,219 - gpsd_manager - INFO - [Converter] GPSPrint: Returning parsed result
2026-08-20 21:55:26,240 - gpsd_manager - INFO - [Converter] GPSPrint: Parsed ZED data, has_gps_time=True
2026-08-20 21:55:26,240 - gpsd_manager - INFO - [Converter] GPSPrint: Returning parsed result
2026-08-20 21:55:27,392 - gpsd_manager - INFO - [Converter] GPSPrint: Parsed ZED data, has_gps_time=True
2026-08-20 21:55:27,392 - gpsd_manager - INFO - [Converter] GPSPrint: Returning parsed result
2026-08-20 21:55:28,549 - gpsd_manager - INFO - [Converter] GPSPrint: Parsed ZED data, has_gps_time=True
2026-08-20 21:55:28,549 - gpsd_manager - INFO - [Converter] GPSPrint: Returning parsed result
2026-08-20 21:55:29,701 - gpsd_manager - INFO - [Converter] GPSPrint: Parsed ZED data, has_gps_time=True
2026-08-20 21:55:29,702 - gpsd_manager - INFO - [Converter] GPSPrint: Returning parsed result
2026-08-20 21:55:30,847 - gpsd_manager - INFO - [Converter] GPSPrint: Parsed ZED data, has_gps_time=True
2026-08-20 21:55:30,847 - gpsd_manager - INFO - [Converter] GPSPrint: Returning parsed result
2026-08-20 21:55:31,474 - gpsd_manager - ERROR - Failed to read debug file: Expecting value: line 9 column 18 (char 259)
2026-08-20 21:55:31,873 - gpsd_manager - INFO - [Converter] GPSPrint: Parsed ZED data, has_gps_time=True
2026-08-20 21:55:31,873 - gpsd_manager - INFO - [Converter] GPSPrint: Returning parsed result
2026-08-20 21:55:32,994 - gpsd_manager - INFO - [Converter] GPSPrint: Parsed ZED data, has_gps_time=True
2026-08-20 21:55:32,994 - gpsd_manager - INFO - [Converter] GPSPrint: Returning parsed result
2026-08-20 21:55:34,021 - gpsd_manager - INFO - [Converter] GPSPrint: Parsed ZED data, has_gps_time=True
2026-08-20 21:55:34,022 - gpsd_manager - INFO - [Converter] GPSPrint: Returning parsed result
2026-08-20 21:55:35,272 - gpsd_manager - INFO - [Converter] GPSPrint: Parsed ZED data, has_gps_time=True
2026-08-20 21:55:35,272 - gpsd_manager - INFO - [Converter] GPSPrint: Returning parsed result
2026-08-20 21:55:36,432 - gpsd_manager - INFO - [Converter] GPSPrint: Parsed ZED data, has_gps_time=True
2026-08-20 21:55:36,432 - gpsd_manager - INFO - [Converter] GPSPrint: Returning parsed result
2026-08-20 21:55:37,385 - gpsd_manager - INFO - [Converter] GPSPrint: Parsed ZED data, has_gps_time=True
2026-08-20 21:55:37,385 - gpsd_manager - INFO - [Converter] GPSPrint: Returning parsed result
2026-08-20 21:55:38,233 - gpsd_manager - INFO - [Converter] GPSPrint: Parsed ZED data, has_gps_time=True
2026-08-20 21:55:38,233 - gpsd_manager - INFO - [Converter] GPSPrint: Returning parsed result
2026-08-20 21:55:39,194 - gpsd_manager - INFO - [Converter] GPSPrint: Parsed ZED data, has_gps_time=True
2026-08-20 21:55:39,194 - gpsd_manager - INFO - [Converter] GPSPrint: Returning parsed result
2026-08-20 21:55:40,221 - gpsd_manager - INFO - [Converter] GPSPrint: Parsed ZED data, has_gps_time=True
2026-08-20 21:55:40,222 - gpsd_manager - INFO - [Converter] GPSPrint: Returning parsed result
2026-08-20 21:55:41,273 - gpsd_manager - INFO - [Converter] GPSPrint: Parsed ZED data, has_gps_time=True
2026-08-20 21:55:41,274 - gpsd_manager - INFO - [Converter] GPSPrint: Returning parsed result
2026-08-20 21:55:43,214 - gpsd_manager - INFO - [Converter] GPSPrint: Parsed ZED data, has_gps_time=True
2026-08-20 21:55:43,214 - gpsd_manager - INFO - [Converter] GPSPrint: Returning parsed result
2026-08-20 21:55:44,076 - gpsd_manager - INFO - [Converter] GPSPrint: Parsed ZED data, has_gps_time=True
2026-08-20 21:55:44,076 - gpsd_manager - INFO - [Converter] GPSPrint: Returning parsed result
2026-08-20 21:55:45,201 - gpsd_manager - INFO - [Converter] GPSPrint: Parsed ZED data, has_gps_time=True
2026-08-20 21:55:45,201 - gpsd_manager - INFO - [Converter] GPSPrint: Returning parsed result
2026-08-20 21:55:46,149 - gpsd_manager - INFO - [Converter] GPSPrint: Parsed ZED data, has_gps_time=True
2026-08-20 21:55:46,149 - gpsd_manager - INFO - [Converter] GPSPrint: Returning parsed result
2026-08-20 21:55:46,473 - gpsd_manager - ERROR - Failed to read debug file: Expecting value: line 9 column 18 (char 259)
2026-08-20 21:55:47,170 - gpsd_manager - INFO - [Converter] GPSPrint: Parsed ZED data, has_gps_time=True
2026-08-20 21:55:47,170 - gpsd_manager - INFO - [Converter] GPSPrint: Returning parsed result
2026-08-20 21:55:48,230 - gpsd_manager - INFO - [Converter] GPSPrint: Parsed ZED data, has_gps_time=True
2026-08-20 21:55:48,230 - gpsd_manager - INFO - [Converter] GPSPrint: Returning parsed result
2026-08-20 21:55:49,247 - gpsd_manager - INFO - [Converter] GPSPrint: Parsed ZED data, has_gps_time=True
2026-08-20 21:55:49,247 - gpsd_manager - INFO - [Converter] GPSPrint: Returning parsed result
2026-08-20 21:55:50,210 - gpsd_manager - INFO - [Converter] GPSPrint: Parsed ZED data, has_gps_time=True
2026-08-20 21:55:50,210 - gpsd_manager - INFO - [Converter] GPSPrint: Returning parsed result
2026-08-20 21:55:51,127 - gpsd_manager - INFO - [Converter] GPSPrint: Parsed ZED data, has_gps_time=True
2026-08-20 21:55:51,127 - gpsd_manager - INFO - [Converter] GPSPrint: Returning parsed result
2026-08-20 21:55:52,189 - gpsd_manager - INFO - [Converter] GPSPrint: Parsed ZED data, has_gps_time=True
2026-08-20 21:55:52,189 - gpsd_manager - INFO - [Converter] GPSPrint: Returning parsed result
2026-08-20 21:55:53,205 - gpsd_manager - INFO - [Converter] GPSPrint: Parsed ZED data, has_gps_time=True
2026-08-20 21:55:53,205 - gpsd_manager - INFO - [Converter] GPSPrint: Returning parsed result
2026-08-20 21:55:54,258 - gpsd_manager - INFO - [Converter] GPSPrint: Parsed ZED data, has_gps_time=True
2026-08-20 21:55:54,258 - gpsd_manager - INFO - [Converter] GPSPrint: Returning parsed result
2026-08-20 21:55:55,412 - gpsd_manager - INFO - [Converter] GPSPrint: Parsed ZED data, has_gps_time=True
2026-08-20 21:55:55,413 - gpsd_manager - INFO - [Converter] GPSPrint: Returning parsed result
2026-08-20 21:55:56,473 - gpsd_manager - INFO - [Converter] GPSPrint: Parsed ZED data, has_gps_time=True
2026-08-20 21:55:56,473 - gpsd_manager - INFO - [Converter] GPSPrint: Returning parsed result
2026-08-20 21:55:57,327 - gpsd_manager - INFO - [Converter] GPSPrint: Parsed ZED data, has_gps_time=True
2026-08-20 21:55:57,327 - gpsd_manager - INFO - [Converter] GPSPrint: Returning parsed result
2026-08-20 21:55:58,277 - gpsd_manager - INFO - [Converter] GPSPrint: Parsed ZED data, has_gps_time=True
2026-08-20 21:55:58,277 - gpsd_manager - INFO - [Converter] GPSPrint: Returning parsed result
2026-08-20 21:56:00,228 - gpsd_manager - INFO - [Converter] GPSPrint: Parsed ZED data, has_gps_time=True
2026-08-20 21:56:00,228 - gpsd_manager - INFO - [Converter] GPSPrint: Returning parsed result
2026-08-20 21:56:01,081 - gpsd_manager - INFO - [Converter] GPSPrint: Parsed ZED data, has_gps_time=True
2026-08-20 21:56:01,081 - gpsd_manager - INFO - [Converter] GPSPrint: Returning parsed result
2026-08-20 21:56:01,479 - gpsd_manager - ERROR - Failed to read debug file: Expecting value: line 9 column 18 (char 259)
2026-08-20 21:56:02,036 - gpsd_manager - INFO - [Converter] GPSPrint: Parsed ZED data, has_gps_time=True
2026-08-20 21:56:02,036 - gpsd_manager - INFO - [Converter] GPSPrint: Returning parsed result
2026-08-20 21:56:03,163 - gpsd_manager - INFO - [Converter] GPSPrint: Parsed ZED data, has_gps_time=True
2026-08-20 21:56:03,164 - gpsd_manager - INFO - [Converter] GPSPrint: Returning parsed result
2026-08-20 21:56:04,215 - gpsd_manager - INFO - [Converter] GPSPrint: Parsed ZED data, has_gps_time=True
2026-08-20 21:56:04,215 - gpsd_manager - INFO - [Converter] GPSPrint: Returning parsed result
2026-08-20 21:56:05,234 - gpsd_manager - INFO - [Converter] GPSPrint: Parsed ZED data, has_gps_time=True
2026-08-20 21:56:05,234 - gpsd_manager - INFO - [Converter] GPSPrint: Returning parsed result
2026-08-20 21:56:06,195 - gpsd_manager - INFO - [Converter] GPSPrint: Parsed ZED data, has_gps_time=True
2026-08-20 21:56:06,195 - gpsd_manager - INFO - [Converter] GPSPrint: Returning parsed result
2026-08-20 21:56:07,217 - gpsd_manager - INFO - [Converter] GPSPrint: Parsed ZED data, has_gps_time=True
2026-08-20 21:56:07,217 - gpsd_manager - INFO - [Converter] GPSPrint: Returning parsed result
2026-08-20 21:56:08,267 - gpsd_manager - INFO - [Converter] GPSPrint: Parsed ZED data, has_gps_time=True
2026-08-20 21:56:08,268 - gpsd_manager - INFO - [Converter] GPSPrint: Returning parsed result
2026-08-20 21:56:10,215 - gpsd_manager - INFO - [Converter] GPSPrint: Parsed ZED data, has_gps_time=True
2026-08-20 21:56:10,215 - gpsd_manager - INFO - [Converter] GPSPrint: Returning parsed result
2026-08-20 21:56:10,970 - gpsd_manager - INFO - [Converter] GPSPrint: Parsed ZED data, has_gps_time=True
2026-08-20 21:56:10,970 - gpsd_manager - INFO - [Converter] GPSPrint: Returning parsed result
2026-08-20 21:56:12,119 - gpsd_manager - INFO - [Converter] GPSPrint: Parsed ZED data, has_gps_time=True
2026-08-20 21:56:12,119 - gpsd_manager - INFO - [Converter] GPSPrint: Returning parsed result
2026-08-20 21:56:13,176 - gpsd_manager - INFO - [Converter] GPSPrint: Parsed ZED data, has_gps_time=True
2026-08-20 21:56:13,176 - gpsd_manager - INFO - [Converter] GPSPrint: Returning parsed result
2026-08-20 21:56:14,201 - gpsd_manager - INFO - [Converter] GPSPrint: Parsed ZED data, has_gps_time=True
2026-08-20 21:56:14,202 - gpsd_manager - INFO - [Converter] GPSPrint: Returning parsed result
2026-08-20 21:56:16,479 - gpsd_manager - ERROR - Failed to read debug file: Expecting value: line 9 column 18 (char 259)
2026-08-20 21:56:17,012 - gpsd_manager - INFO - [Converter] GPSPrint: Parsed ZED data, has_gps_time=True
2026-08-20 21:56:17,012 - gpsd_manager - INFO - [Converter] GPSPrint: Returning parsed result
2026-08-20 21:56:18,877 - gpsd_manager - ERROR - Failed to read debug file: Expecting value: line 9 column 18 (char 259)
2026-08-20 21:56:19,035 - gpsd_manager - INFO - [Converter] GPSPrint: Parsed ZED data, has_gps_time=True
2026-08-20 21:56:19,035 - gpsd_manager - INFO - [Converter] GPSPrint: Returning parsed result
2026-08-20 21:56:21,944 - gpsd_manager - INFO - [Converter] GPSPrint: Parsed ZED data, has_gps_time=True
2026-08-20 21:56:21,944 - gpsd_manager - INFO - [Converter] GPSPrint: Returning parsed result
2026-08-20 21:56:23,066 - gpsd_manager - INFO - [Converter] GPSPrint: Parsed ZED data, has_gps_time=True
2026-08-20 21:56:23,066 - gpsd_manager - INFO - [Converter] GPSPrint: Returning parsed result
2026-08-20 21:56:24,092 - gpsd_manager - INFO - [Converter] GPSPrint: Parsed ZED data, has_gps_time=True
2026-08-20 21:56:24,092 - gpsd_manager - INFO - [Converter] GPSPrint: Returning parsed result
2026-08-20 21:56:26,007 - gpsd_manager - INFO - [Converter] GPSPrint: Parsed ZED data, has_gps_time=True
2026-08-20 21:56:26,007 - gpsd_manager - INFO - [Converter] GPSPrint: Returning parsed result
2026-08-20 21:57:37,720 - gpsd_manager - INFO - Starting converter: C:\Users\me\AppData\Local\Programs\Python\Python312\python.exe c:\Users\me\app-gpsd_manager\mcode_converter.py --port COM9 --baudrate 9600 --mode tcp --parser gps_print
2026-08-20 21:57:37,730 - gpsd_manager - INFO - Converter process started with PID 55740
2026-08-20 21:57:39,232 - gpsd_manager - INFO - Converter running on port 2948 for gps_print format
2026-08-20 21:57:39,232 - gpsd_manager - INFO - [Converter] Sent disable command: mcode atak disable
2026-08-20 21:57:39,233 - gpsd_manager - INFO - [Converter] Sent enable command: gps print enable
2026-08-20 21:57:39,233 - gpsd_manager - INFO - [Converter] TCP server listening on port 2948
2026-08-20 21:57:39,234 - gpsd_manager - INFO - [Converter] MCODE converter: reading from COM9, streaming NMEA via TCP port 2948
2026-08-20 21:57:39,234 - gpsd_manager - INFO - [Converter] GPSPrint: Parsed ZED data, has_gps_time=True
2026-08-20 21:57:39,234 - gpsd_manager - INFO - [Converter] GPSPrint: Returning parsed result
2026-08-20 21:57:39,809 - gpsd_manager - ERROR - Failed to read debug file: Expecting value: line 9 column 18 (char 259)
2026-08-20 21:57:39,982 - gpsd_manager - INFO - [Converter] GPSPrint: Parsed ZED data, has_gps_time=True
2026-08-20 21:57:39,983 - gpsd_manager - INFO - [Converter] GPSPrint: Returning parsed result
2026-08-20 21:57:41,134 - gpsd_manager - INFO - [Converter] GPSPrint: Parsed ZED data, has_gps_time=True
2026-08-20 21:57:41,134 - gpsd_manager - INFO - [Converter] GPSPrint: Returning parsed result
2026-08-20 21:57:42,395 - gpsd_manager - INFO - [Converter] GPSPrint: Parsed ZED data, has_gps_time=True
2026-08-20 21:57:42,396 - gpsd_manager - INFO - [Converter] GPSPrint: Returning parsed result
2026-08-20 21:57:43,441 - gpsd_manager - INFO - [Converter] GPSPrint: Parsed ZED data, has_gps_time=True
2026-08-20 21:57:43,441 - gpsd_manager - INFO - [Converter] GPSPrint: Returning parsed result
2026-08-20 21:57:44,266 - gpsd_manager - INFO - [Converter] GPSPrint: Parsed ZED data, has_gps_time=True
2026-08-20 21:57:44,266 - gpsd_manager - INFO - [Converter] GPSPrint: Returning parsed result
2026-08-20 21:57:45,028 - gpsd_manager - INFO - [Converter] GPSPrint: Parsed ZED data, has_gps_time=True
2026-08-20 21:57:45,029 - gpsd_manager - INFO - [Converter] GPSPrint: Returning parsed result
2026-08-20 21:57:46,154 - gpsd_manager - INFO - [Converter] GPSPrint: Parsed ZED data, has_gps_time=True
2026-08-20 21:57:46,154 - gpsd_manager - INFO - [Converter] GPSPrint: Returning parsed result
2026-08-20 21:57:47,146 - gpsd_manager - ERROR - Failed to read debug file: Expecting value: line 9 column 18 (char 259)
2026-08-20 21:57:47,199 - gpsd_manager - INFO - [Converter] GPSPrint: Parsed ZED data, has_gps_time=True
2026-08-20 21:57:47,199 - gpsd_manager - INFO - [Converter] GPSPrint: Returning parsed result
2026-08-20 21:57:48,223 - gpsd_manager - INFO - [Converter] GPSPrint: Parsed ZED data, has_gps_time=True
2026-08-20 21:57:48,223 - gpsd_manager - INFO - [Converter] GPSPrint: Returning parsed result
2026-08-20 21:57:49,184 - gpsd_manager - INFO - [Converter] GPSPrint: Parsed ZED data, has_gps_time=True
2026-08-20 21:57:49,184 - gpsd_manager - INFO - [Converter] GPSPrint: Returning parsed result
2026-08-20 21:57:52,796 - gpsd_manager - INFO - Starting converter: C:\Users\me\AppData\Local\Programs\Python\Python312\python.exe c:\Users\me\app-gpsd_manager\mcode_converter.py --port COM9 --baudrate 9600 --mode tcp --parser mcode
2026-08-20 21:57:52,806 - gpsd_manager - INFO - Converter process started with PID 43016
2026-08-20 21:57:54,307 - gpsd_manager - INFO - Converter running on port 2948 for mcode format
2026-08-20 21:57:54,308 - gpsd_manager - INFO - [Converter] Sent disable command: gps print disable
2026-08-20 21:57:54,308 - gpsd_manager - INFO - [Converter] Sent enable command: mcode atak enable
2026-08-20 21:57:54,309 - gpsd_manager - INFO - [Converter] TCP server listening on port 2948
2026-08-20 21:57:54,309 - gpsd_manager - INFO - [Converter] MCODE converter: reading from COM9, streaming NMEA via TCP port 2948
2026-08-20 21:58:21,583 - gpsd_manager - INFO - Starting converter: C:\Users\me\AppData\Local\Programs\Python\Python312\python.exe c:\Users\me\app-gpsd_manager\mcode_converter.py --port COM9 --baudrate 9600 --mode tcp --parser gps_print
2026-08-20 21:58:21,588 - gpsd_manager - INFO - Converter process started with PID 53384
2026-08-20 21:58:23,090 - gpsd_manager - INFO - Converter running on port 2948 for gps_print format
2026-08-20 21:58:23,090 - gpsd_manager - INFO - [Converter] Sent disable command: mcode atak disable
2026-08-20 21:58:23,090 - gpsd_manager - INFO - [Converter] Sent enable command: gps print enable
2026-08-20 21:58:23,092 - gpsd_manager - INFO - [Converter] TCP server listening on port 2948
2026-08-20 21:58:23,092 - gpsd_manager - INFO - [Converter] MCODE converter: reading from COM9, streaming NMEA via TCP port 2948
2026-08-20 21:58:23,093 - gpsd_manager - INFO - [Converter] GPSPrint: Parsed ZED data, has_gps_time=False
2026-08-20 21:58:23,226 - gpsd_manager - INFO - [Converter] GPSPrint: Parsed ZED data, has_gps_time=False
2026-08-20 21:58:24,280 - gpsd_manager - INFO - [Converter] GPSPrint: Parsed ZED data, has_gps_time=True
2026-08-20 21:58:24,280 - gpsd_manager - INFO - [Converter] GPSPrint: Returning parsed result
2026-08-20 21:58:25,431 - gpsd_manager - INFO - [Converter] GPSPrint: Parsed ZED data, has_gps_time=True
2026-08-20 21:58:25,431 - gpsd_manager - INFO - [Converter] GPSPrint: Returning parsed result
2026-08-20 21:58:26,378 - gpsd_manager - INFO - [Converter] GPSPrint: Parsed ZED data, has_gps_time=True
2026-08-20 21:58:26,378 - gpsd_manager - INFO - [Converter] GPSPrint: Returning parsed result
2026-08-20 21:58:27,241 - gpsd_manager - INFO - [Converter] GPSPrint: Parsed ZED data, has_gps_time=True
2026-08-20 21:58:27,241 - gpsd_manager - INFO - [Converter] GPSPrint: Returning parsed result
2026-08-20 21:58:28,090 - gpsd_manager - INFO - [Converter] GPSPrint: Parsed ZED data, has_gps_time=True
2026-08-20 21:58:28,090 - gpsd_manager - INFO - [Converter] GPSPrint: Returning parsed result
2026-08-20 21:58:30,136 - gpsd_manager - INFO - [Converter] GPSPrint: Parsed ZED data, has_gps_time=True
2026-08-20 21:58:30,136 - gpsd_manager - INFO - [Converter] GPSPrint: Returning parsed result
2026-08-20 21:58:31,162 - gpsd_manager - INFO - [Converter] GPSPrint: Parsed ZED data, has_gps_time=True
2026-08-20 21:58:31,163 - gpsd_manager - INFO - [Converter] GPSPrint: Returning parsed result
2026-08-20 21:58:32,216 - gpsd_manager - INFO - [Converter] GPSPrint: Parsed ZED data, has_gps_time=True
2026-08-20 21:58:32,216 - gpsd_manager - INFO - [Converter] GPSPrint: Returning parsed result
2026-08-20 21:58:33,367 - gpsd_manager - INFO - [Converter] GPSPrint: Parsed ZED data, has_gps_time=True
2026-08-20 21:58:33,367 - gpsd_manager - INFO - [Converter] GPSPrint: Returning parsed result
2026-08-20 21:58:34,421 - gpsd_manager - INFO - [Converter] GPSPrint: Parsed ZED data, has_gps_time=True
2026-08-20 21:58:34,421 - gpsd_manager - INFO - [Converter] GPSPrint: Returning parsed result
2026-08-20 21:58:35,282 - gpsd_manager - INFO - [Converter] GPSPrint: Parsed ZED data, has_gps_time=True
2026-08-20 21:58:35,282 - gpsd_manager - INFO - [Converter] GPSPrint: Returning parsed result
2026-08-20 21:58:36,238 - gpsd_manager - INFO - [Converter] GPSPrint: Parsed ZED data, has_gps_time=True
2026-08-20 21:58:36,238 - gpsd_manager - INFO - [Converter] GPSPrint: Returning parsed result
2026-08-20 21:58:38,049 - gpsd_manager - INFO - [Converter] GPSPrint: Parsed ZED data, has_gps_time=True
2026-08-20 21:58:38,050 - gpsd_manager - INFO - [Converter] GPSPrint: Returning parsed result
2026-08-20 21:58:38,803 - gpsd_manager - INFO - [Converter] GPSPrint: Parsed ZED data, has_gps_time=True
2026-08-20 21:58:38,803 - gpsd_manager - INFO - [Converter] GPSPrint: Returning parsed result
2026-08-20 21:58:39,960 - gpsd_manager - INFO - [Converter] GPSPrint: Parsed ZED data, has_gps_time=True
2026-08-20 21:58:39,960 - gpsd_manager - INFO - [Converter] GPSPrint: Returning parsed result
2026-08-20 21:58:41,111 - gpsd_manager - INFO - [Converter] GPSPrint: Parsed ZED data, has_gps_time=True
2026-08-20 21:58:41,112 - gpsd_manager - INFO - [Converter] GPSPrint: Returning parsed result
2026-08-20 21:58:42,234 - gpsd_manager - INFO - [Converter] GPSPrint: Parsed ZED data, has_gps_time=True
2026-08-20 21:58:42,235 - gpsd_manager - INFO - [Converter] GPSPrint: Returning parsed result
2026-08-20 21:58:43,196 - gpsd_manager - INFO - [Converter] GPSPrint: Parsed ZED data, has_gps_time=True
2026-08-20 21:58:43,196 - gpsd_manager - INFO - [Converter] GPSPrint: Returning parsed result
2026-08-20 21:58:45,145 - gpsd_manager - INFO - [Converter] GPSPrint: Parsed ZED data, has_gps_time=True
2026-08-20 21:58:45,145 - gpsd_manager - INFO - [Converter] GPSPrint: Returning parsed result
2026-08-20 21:58:45,993 - gpsd_manager - INFO - [Converter] GPSPrint: Parsed ZED data, has_gps_time=True
2026-08-20 21:58:45,993 - gpsd_manager - INFO - [Converter] GPSPrint: Returning parsed result
2026-08-20 21:58:47,913 - gpsd_manager - INFO - [Converter] GPSPrint: Parsed ZED data, has_gps_time=True
2026-08-20 21:58:47,913 - gpsd_manager - INFO - [Converter] GPSPrint: Returning parsed result
2026-08-20 21:58:49,041 - gpsd_manager - INFO - [Converter] GPSPrint: Parsed ZED data, has_gps_time=True
2026-08-20 21:58:49,041 - gpsd_manager - INFO - [Converter] GPSPrint: Returning parsed result
2026-08-20 21:58:50,186 - gpsd_manager - INFO - [Converter] GPSPrint: Parsed ZED data, has_gps_time=True
2026-08-20 21:58:50,186 - gpsd_manager - INFO - [Converter] GPSPrint: Returning parsed result
2026-08-20 21:58:51,214 - gpsd_manager - INFO - [Converter] GPSPrint: Parsed ZED data, has_gps_time=True
2026-08-20 21:58:51,214 - gpsd_manager - INFO - [Converter] GPSPrint: Returning parsed result
2026-08-20 21:58:52,267 - gpsd_manager - INFO - [Converter] GPSPrint: Parsed ZED data, has_gps_time=True
2026-08-20 21:58:52,267 - gpsd_manager - INFO - [Converter] GPSPrint: Returning parsed result
2026-08-20 21:58:54,218 - gpsd_manager - INFO - [Converter] GPSPrint: Parsed ZED data, has_gps_time=True
2026-08-20 21:58:54,219 - gpsd_manager - INFO - [Converter] GPSPrint: Returning parsed result
2026-08-20 21:58:55,068 - gpsd_manager - INFO - [Converter] GPSPrint: Parsed ZED data, has_gps_time=True
2026-08-20 21:58:55,068 - gpsd_manager - INFO - [Converter] GPSPrint: Returning parsed result
2026-08-20 21:58:56,226 - gpsd_manager - INFO - [Converter] GPSPrint: Parsed ZED data, has_gps_time=True
2026-08-20 21:58:56,226 - gpsd_manager - INFO - [Converter] GPSPrint: Returning parsed result
2026-08-20 21:58:58,175 - gpsd_manager - INFO - [Converter] GPSPrint: Parsed ZED data, has_gps_time=True
2026-08-20 21:58:58,175 - gpsd_manager - INFO - [Converter] GPSPrint: Returning parsed result
2026-08-20 21:58:59,031 - gpsd_manager - INFO - [Converter] GPSPrint: Parsed ZED data, has_gps_time=True
2026-08-20 21:58:59,032 - gpsd_manager - INFO - [Converter] GPSPrint: Returning parsed result
2026-08-20 21:59:00,085 - gpsd_manager - INFO - [Converter] GPSPrint: Parsed ZED data, has_gps_time=True
2026-08-20 21:59:00,085 - gpsd_manager - INFO - [Converter] GPSPrint: Returning parsed result
2026-08-20 21:59:01,204 - gpsd_manager - INFO - [Converter] GPSPrint: Parsed ZED data, has_gps_time=True
2026-08-20 21:59:01,204 - gpsd_manager - INFO - [Converter] GPSPrint: Returning parsed result
2026-08-20 22:02:15,760 - gpsd_manager - INFO - Starting converter: C:\Users\me\AppData\Local\Programs\Python\Python312\python.exe c:\Users\me\app-gpsd_manager\mcode_converter.py --port COM9 --baudrate 9600 --mode tcp --parser gps_print
2026-08-20 22:02:15,769 - gpsd_manager - INFO - Converter process started with PID 59164
2026-08-20 22:02:17,271 - gpsd_manager - INFO - Converter running on port 2948 for gps_print format
2026-08-20 22:02:17,272 - gpsd_manager - INFO - [Converter] Sent disable command: mcode atak disable
2026-08-20 22:02:17,272 - gpsd_manager - INFO - [Converter] Sent enable command: gps print enable
2026-08-20 22:02:17,272 - gpsd_manager - INFO - [Converter] TCP server listening on port 2948
2026-08-20 22:02:17,273 - gpsd_manager - INFO - [Converter] MCODE converter: reading from COM9, streaming NMEA via TCP port 2948
2026-08-20 22:02:17,273 - gpsd_manager - INFO - [Converter] GPSPrint: Parsed ZED data, has_gps_time=True
2026-08-20 22:02:17,273 - gpsd_manager - INFO - [Converter] GPSPrint: Returning parsed result
2026-08-20 22:02:17,448 - gpsd_manager - INFO - [Converter] GPSPrint: Parsed ZED data, has_gps_time=True
2026-08-20 22:02:17,448 - gpsd_manager - INFO - [Converter] GPSPrint: Returning parsed result
2026-08-20 22:02:18,504 - gpsd_manager - INFO - [Converter] GPSPrint: Parsed ZED data, has_gps_time=True
2026-08-20 22:02:18,504 - gpsd_manager - INFO - [Converter] GPSPrint: Returning parsed result
2026-08-20 22:02:19,260 - gpsd_manager - INFO - [Converter] GPSPrint: Parsed ZED data, has_gps_time=True
2026-08-20 22:02:19,260 - gpsd_manager - INFO - [Converter] GPSPrint: Returning parsed result
2026-08-20 22:02:20,317 - gpsd_manager - INFO - [Converter] GPSPrint: Parsed ZED data, has_gps_time=True
2026-08-20 22:02:20,318 - gpsd_manager - INFO - [Converter] GPSPrint: Returning parsed result
2026-08-20 22:02:21,372 - gpsd_manager - INFO - [Converter] GPSPrint: Parsed ZED data, has_gps_time=True
2026-08-20 22:02:21,372 - gpsd_manager - INFO - [Converter] GPSPrint: Returning parsed result
2026-08-20 22:02:22,323 - gpsd_manager - INFO - [Converter] GPSPrint: Parsed ZED data, has_gps_time=True
2026-08-20 22:02:22,323 - gpsd_manager - INFO - [Converter] GPSPrint: Returning parsed result
2026-08-20 22:02:23,380 - gpsd_manager - INFO - [Converter] GPSPrint: Parsed ZED data, has_gps_time=True
2026-08-20 22:02:23,381 - gpsd_manager - INFO - [Converter] GPSPrint: Returning parsed result
2026-08-20 22:02:24,427 - gpsd_manager - INFO - [Converter] GPSPrint: Parsed ZED data, has_gps_time=True
2026-08-20 22:02:24,427 - gpsd_manager - INFO - [Converter] GPSPrint: Returning parsed result
2026-08-20 22:02:25,287 - gpsd_manager - INFO - [Converter] GPSPrint: Parsed ZED data, has_gps_time=True
2026-08-20 22:02:25,287 - gpsd_manager - INFO - [Converter] GPSPrint: Returning parsed result
2026-08-20 22:02:26,237 - gpsd_manager - INFO - [Converter] GPSPrint: Parsed ZED data, has_gps_time=True
2026-08-20 22:02:26,237 - gpsd_manager - INFO - [Converter] GPSPrint: Returning parsed result
2026-08-20 22:02:28,190 - gpsd_manager - INFO - [Converter] GPSPrint: Parsed ZED data, has_gps_time=True
2026-08-20 22:02:28,190 - gpsd_manager - INFO - [Converter] GPSPrint: Returning parsed result
2026-08-20 22:02:29,209 - gpsd_manager - INFO - [Converter] GPSPrint: Parsed ZED data, has_gps_time=True
2026-08-20 22:02:29,210 - gpsd_manager - INFO - [Converter] GPSPrint: Returning parsed result
2026-08-20 22:02:30,171 - gpsd_manager - INFO - [Converter] GPSPrint: Parsed ZED data, has_gps_time=True
2026-08-20 22:02:30,171 - gpsd_manager - INFO - [Converter] GPSPrint: Returning parsed result
2026-08-20 22:02:31,287 - gpsd_manager - INFO - [Converter] GPSPrint: Parsed ZED data, has_gps_time=True
2026-08-20 22:02:31,287 - gpsd_manager - INFO - [Converter] GPSPrint: Returning parsed result
2026-08-20 22:02:32,241 - gpsd_manager - INFO - [Converter] GPSPrint: Parsed ZED data, has_gps_time=True
2026-08-20 22:02:32,242 - gpsd_manager - INFO - [Converter] GPSPrint: Returning parsed result
2026-08-20 22:02:34,195 - gpsd_manager - INFO - [Converter] GPSPrint: Parsed ZED data, has_gps_time=True
2026-08-20 22:02:34,195 - gpsd_manager - INFO - [Converter] GPSPrint: Returning parsed result
2026-08-20 22:02:35,222 - gpsd_manager - INFO - [Converter] GPSPrint: Parsed ZED data, has_gps_time=True
2026-08-20 22:02:35,222 - gpsd_manager - INFO - [Converter] GPSPrint: Returning parsed result
2026-08-20 22:02:36,177 - gpsd_manager - INFO - [Converter] GPSPrint: Parsed ZED data, has_gps_time=True
2026-08-20 22:02:36,177 - gpsd_manager - INFO - [Converter] GPSPrint: Returning parsed result
2026-08-20 22:02:37,195 - gpsd_manager - INFO - [Converter] GPSPrint: Parsed ZED data, has_gps_time=True
2026-08-20 22:02:37,195 - gpsd_manager - INFO - [Converter] GPSPrint: Returning parsed result
2026-08-20 22:02:38,250 - gpsd_manager - INFO - [Converter] GPSPrint: Parsed ZED data, has_gps_time=True
2026-08-20 22:02:38,250 - gpsd_manager - INFO - [Converter] GPSPrint: Returning parsed result
2026-08-20 22:02:40,793 - gpsd_manager - INFO - [Converter] GPSPrint: Parsed ZED data, has_gps_time=True
2026-08-20 22:02:40,793 - gpsd_manager - INFO - [Converter] GPSPrint: Returning parsed result
2026-08-20 22:02:41,943 - gpsd_manager - INFO - [Converter] GPSPrint: Parsed ZED data, has_gps_time=True
2026-08-20 22:02:41,944 - gpsd_manager - INFO - [Converter] GPSPrint: Returning parsed result
2026-08-20 22:02:48,652 - gpsd_manager - INFO - Starting converter: C:\Users\me\AppData\Local\Programs\Python\Python312\python.exe c:\Users\me\app-gpsd_manager\mcode_converter.py --port COM9 --baudrate 9600 --mode tcp --parser mcode
2026-08-20 22:02:48,661 - gpsd_manager - INFO - Converter process started with PID 55148
2026-08-20 22:02:50,163 - gpsd_manager - INFO - Converter running on port 2948 for mcode format
2026-08-20 22:02:50,163 - gpsd_manager - INFO - [Converter] Sent disable command: gps print disable
2026-08-20 22:02:50,164 - gpsd_manager - INFO - [Converter] Sent enable command: mcode atak enable
2026-08-20 22:02:50,164 - gpsd_manager - INFO - [Converter] TCP server listening on port 2948
2026-08-20 22:02:50,164 - gpsd_manager - INFO - [Converter] MCODE converter: reading from COM9, streaming NMEA via TCP port 2948
2026-08-20 22:03:14,958 - gpsd_manager - INFO - Starting converter: C:\Users\me\AppData\Local\Programs\Python\Python312\python.exe c:\Users\me\app-gpsd_manager\mcode_converter.py --port COM9 --baudrate 9600 --mode tcp --parser gps_print
2026-08-20 22:03:14,964 - gpsd_manager - INFO - Converter process started with PID 60008
2026-08-20 22:03:16,465 - gpsd_manager - INFO - Converter running on port 2948 for gps_print format
2026-08-20 22:03:16,465 - gpsd_manager - INFO - [Converter] Sent disable command: mcode atak disable
2026-08-20 22:03:16,465 - gpsd_manager - INFO - [Converter] Sent enable command: gps print enable
2026-08-20 22:03:16,465 - gpsd_manager - INFO - [Converter] TCP server listening on port 2948
2026-08-20 22:03:16,466 - gpsd_manager - INFO - [Converter] MCODE converter: reading from COM9, streaming NMEA via TCP port 2948
2026-08-20 22:03:16,466 - gpsd_manager - INFO - [Converter] GPSPrint: Parsed ZED data, has_gps_time=False
2026-08-20 22:03:16,466 - gpsd_manager - INFO - [Converter] GPSPrint: Parsed ZED data, has_gps_time=True
2026-08-20 22:03:16,466 - gpsd_manager - INFO - [Converter] GPSPrint: Returning parsed result
2026-08-20 22:03:17,331 - gpsd_manager - INFO - [Converter] GPSPrint: Parsed ZED data, has_gps_time=True
2026-08-20 22:03:17,332 - gpsd_manager - INFO - [Converter] GPSPrint: Returning parsed result
2026-08-20 22:03:19,274 - gpsd_manager - INFO - [Converter] GPSPrint: Parsed ZED data, has_gps_time=True
2026-08-20 22:03:19,275 - gpsd_manager - INFO - [Converter] GPSPrint: Returning parsed result
2026-08-20 22:03:20,529 - gpsd_manager - INFO - [Converter] GPSPrint: Parsed ZED data, has_gps_time=True
2026-08-20 22:03:20,530 - gpsd_manager - INFO - [Converter] GPSPrint: Returning parsed result
2026-08-20 22:03:21,776 - gpsd_manager - INFO - [Converter] GPSPrint: Parsed ZED data, has_gps_time=True
2026-08-20 22:03:21,776 - gpsd_manager - INFO - [Converter] GPSPrint: Returning parsed result
2026-08-20 22:03:22,903 - gpsd_manager - INFO - [Converter] GPSPrint: Parsed ZED data, has_gps_time=True
2026-08-20 22:03:22,903 - gpsd_manager - INFO - [Converter] GPSPrint: Returning parsed result
2026-08-20 22:03:25,251 - gpsd_manager - INFO - [Converter] GPSPrint: Parsed ZED data, has_gps_time=True
2026-08-20 22:03:25,252 - gpsd_manager - INFO - [Converter] GPSPrint: Returning parsed result
2026-08-20 22:03:26,400 - gpsd_manager - INFO - [Converter] GPSPrint: Parsed ZED data, has_gps_time=True
2026-08-20 22:03:26,401 - gpsd_manager - INFO - [Converter] GPSPrint: Returning parsed result
2026-08-20 22:03:27,458 - gpsd_manager - INFO - [Converter] GPSPrint: Parsed ZED data, has_gps_time=True
2026-08-20 22:03:27,458 - gpsd_manager - INFO - [Converter] GPSPrint: Returning parsed result
2026-08-20 22:03:28,312 - gpsd_manager - INFO - [Converter] GPSPrint: Parsed ZED data, has_gps_time=True
2026-08-20 22:03:28,312 - gpsd_manager - INFO - [Converter] GPSPrint: Returning parsed result
2026-08-20 22:03:29,267 - gpsd_manager - INFO - [Converter] GPSPrint: Parsed ZED data, has_gps_time=True
2026-08-20 22:03:29,267 - gpsd_manager - INFO - [Converter] GPSPrint: Returning parsed result
2026-08-20 22:03:30,525 - gpsd_manager - INFO - [Converter] GPSPrint: Parsed ZED data, has_gps_time=True
2026-08-20 22:03:30,525 - gpsd_manager - INFO - [Converter] GPSPrint: Returning parsed result
2026-08-20 22:03:31,477 - gpsd_manager - INFO - [Converter] GPSPrint: Parsed ZED data, has_gps_time=True
2026-08-20 22:03:31,477 - gpsd_manager - INFO - [Converter] GPSPrint: Returning parsed result
2026-08-20 22:03:32,231 - gpsd_manager - INFO - [Converter] GPSPrint: Parsed ZED data, has_gps_time=True
2026-08-20 22:03:32,232 - gpsd_manager - INFO - [Converter] GPSPrint: Returning parsed result
2026-08-20 22:03:33,290 - gpsd_manager - INFO - [Converter] GPSPrint: Parsed ZED data, has_gps_time=True
2026-08-20 22:03:33,290 - gpsd_manager - INFO - [Converter] GPSPrint: Returning parsed result
2026-08-20 22:03:35,240 - gpsd_manager - INFO - [Converter] GPSPrint: Parsed ZED data, has_gps_time=True
2026-08-20 22:03:35,241 - gpsd_manager - INFO - [Converter] GPSPrint: Returning parsed result
2026-08-20 22:03:36,962 - gpsd_manager - INFO - [Converter] GPSPrint: Parsed ZED data, has_gps_time=True
2026-08-20 22:03:36,962 - gpsd_manager - INFO - [Converter] GPSPrint: Returning parsed result
2026-08-20 22:03:37,979 - gpsd_manager - INFO - [Converter] GPSPrint: Parsed ZED data, has_gps_time=True
2026-08-20 22:03:37,979 - gpsd_manager - INFO - [Converter] GPSPrint: Returning parsed result
2026-08-20 22:03:40,230 - gpsd_manager - INFO - [Converter] GPSPrint: Parsed ZED data, has_gps_time=True
2026-08-20 22:03:40,231 - gpsd_manager - INFO - [Converter] GPSPrint: Returning parsed result
2026-08-20 22:03:42,279 - gpsd_manager - INFO - [Converter] GPSPrint: Parsed ZED data, has_gps_time=True
2026-08-20 22:03:42,280 - gpsd_manager - INFO - [Converter] GPSPrint: Returning parsed result
2026-08-20 22:03:43,532 - gpsd_manager - INFO - [Converter] GPSPrint: Parsed ZED data, has_gps_time=True
2026-08-20 22:03:43,532 - gpsd_manager - INFO - [Converter] GPSPrint: Returning parsed result
2026-08-20 22:03:44,682 - gpsd_manager - INFO - [Converter] GPSPrint: Parsed ZED data, has_gps_time=True
2026-08-20 22:03:44,682 - gpsd_manager - INFO - [Converter] GPSPrint: Returning parsed result
2026-08-20 22:03:45,810 - gpsd_manager - INFO - [Converter] GPSPrint: Parsed ZED data, has_gps_time=True
2026-08-20 22:03:45,810 - gpsd_manager - INFO - [Converter] GPSPrint: Returning parsed result
2026-08-20 22:03:46,938 - gpsd_manager - INFO - [Converter] GPSPrint: Parsed ZED data, has_gps_time=True
2026-08-20 22:03:46,939 - gpsd_manager - INFO - [Converter] GPSPrint: Returning parsed result
2026-08-20 22:03:48,062 - gpsd_manager - INFO - [Converter] GPSPrint: Parsed ZED data, has_gps_time=True
2026-08-20 22:03:48,062 - gpsd_manager - INFO - [Converter] GPSPrint: Returning parsed result
2026-08-20 22:03:49,209 - gpsd_manager - INFO - [Converter] GPSPrint: Parsed ZED data, has_gps_time=True
2026-08-20 22:03:49,209 - gpsd_manager - INFO - [Converter] GPSPrint: Returning parsed result
2026-08-20 22:03:50,460 - gpsd_manager - INFO - [Converter] GPSPrint: Parsed ZED data, has_gps_time=True
2026-08-20 22:03:50,460 - gpsd_manager - INFO - [Converter] GPSPrint: Returning parsed result
2026-08-20 22:03:51,424 - gpsd_manager - INFO - [Converter] GPSPrint: Parsed ZED data, has_gps_time=True
2026-08-20 22:03:51,424 - gpsd_manager - INFO - [Converter] GPSPrint: Returning parsed result
2026-08-20 22:03:52,277 - gpsd_manager - INFO - [Converter] GPSPrint: Parsed ZED data, has_gps_time=True
2026-08-20 22:03:52,277 - gpsd_manager - INFO - [Converter] GPSPrint: Returning parsed result
2026-08-20 22:03:53,234 - gpsd_manager - INFO - [Converter] GPSPrint: Parsed ZED data, has_gps_time=True
2026-08-20 22:03:53,234 - gpsd_manager - INFO - [Converter] GPSPrint: Returning parsed result
2026-08-20 22:03:54,556 - gpsd_manager - INFO - [Converter] GPSPrint: Parsed ZED data, has_gps_time=True
2026-08-20 22:03:54,556 - gpsd_manager - INFO - [Converter] GPSPrint: Returning parsed result
2026-08-20 22:03:55,502 - gpsd_manager - INFO - [Converter] GPSPrint: Parsed ZED data, has_gps_time=True
2026-08-20 22:03:55,502 - gpsd_manager - INFO - [Converter] GPSPrint: Returning parsed result
2026-08-20 22:03:56,365 - gpsd_manager - INFO - [Converter] GPSPrint: Parsed ZED data, has_gps_time=True
2026-08-20 22:03:56,365 - gpsd_manager - INFO - [Converter] GPSPrint: Returning parsed result
2026-08-20 22:03:57,218 - gpsd_manager - INFO - [Converter] GPSPrint: Parsed ZED data, has_gps_time=True
2026-08-20 22:03:57,218 - gpsd_manager - INFO - [Converter] GPSPrint: Returning parsed result
2026-08-20 22:03:58,470 - gpsd_manager - INFO - [Converter] GPSPrint: Parsed ZED data, has_gps_time=True
2026-08-20 22:03:58,470 - gpsd_manager - INFO - [Converter] GPSPrint: Returning parsed result
2026-08-20 22:03:59,428 - gpsd_manager - INFO - [Converter] GPSPrint: Parsed ZED data, has_gps_time=True
2026-08-20 22:03:59,428 - gpsd_manager - INFO - [Converter] GPSPrint: Returning parsed result
2026-08-20 22:04:00,276 - gpsd_manager - INFO - [Converter] GPSPrint: Parsed ZED data, has_gps_time=True
2026-08-20 22:04:00,276 - gpsd_manager - INFO - [Converter] GPSPrint: Returning parsed result
2026-08-20 22:04:03,228 - gpsd_manager - INFO - [Converter] GPSPrint: Parsed ZED data, has_gps_time=True
2026-08-20 22:04:03,228 - gpsd_manager - INFO - [Converter] GPSPrint: Returning parsed result
2026-08-20 22:04:04,377 - gpsd_manager - INFO - [Converter] GPSPrint: Parsed ZED data, has_gps_time=True
2026-08-20 22:04:04,377 - gpsd_manager - INFO - [Converter] GPSPrint: Returning parsed result
2026-08-20 22:04:05,430 - gpsd_manager - INFO - [Converter] GPSPrint: Parsed ZED data, has_gps_time=True
2026-08-20 22:04:05,430 - gpsd_manager - INFO - [Converter] GPSPrint: Returning parsed result
2026-08-20 22:04:06,287 - gpsd_manager - INFO - [Converter] GPSPrint: Parsed ZED data, has_gps_time=True
2026-08-20 22:04:06,287 - gpsd_manager - INFO - [Converter] GPSPrint: Returning parsed result
2026-08-20 22:04:07,237 - gpsd_manager - INFO - [Converter] GPSPrint: Parsed ZED data, has_gps_time=True
2026-08-20 22:04:07,237 - gpsd_manager - INFO - [Converter] GPSPrint: Returning parsed result
2026-08-20 22:04:08,496 - gpsd_manager - INFO - [Converter] GPSPrint: Parsed ZED data, has_gps_time=True
2026-08-20 22:04:08,496 - gpsd_manager - INFO - [Converter] GPSPrint: Returning parsed result
2026-08-20 22:04:09,449 - gpsd_manager - INFO - [Converter] GPSPrint: Parsed ZED data, has_gps_time=True
2026-08-20 22:04:09,449 - gpsd_manager - INFO - [Converter] GPSPrint: Returning parsed result
2026-08-20 22:04:10,305 - gpsd_manager - INFO - [Converter] GPSPrint: Parsed ZED data, has_gps_time=True
2026-08-20 22:04:10,305 - gpsd_manager - INFO - [Converter] GPSPrint: Returning parsed result
2026-08-20 22:04:11,260 - gpsd_manager - INFO - [Converter] GPSPrint: Parsed ZED data, has_gps_time=True
2026-08-20 22:04:11,260 - gpsd_manager - INFO - [Converter] GPSPrint: Returning parsed result
2026-08-20 22:04:12,415 - gpsd_manager - INFO - [Converter] GPSPrint: Parsed ZED data, has_gps_time=True
2026-08-20 22:04:12,415 - gpsd_manager - INFO - [Converter] GPSPrint: Returning parsed result
2026-08-20 22:04:13,367 - gpsd_manager - INFO - [Converter] GPSPrint: Parsed ZED data, has_gps_time=True
2026-08-20 22:04:13,367 - gpsd_manager - INFO - [Converter] GPSPrint: Returning parsed result
2026-08-20 22:04:14,193 - gpsd_manager - INFO - [Converter] GPSPrint: Parsed ZED data, has_gps_time=True
2026-08-20 22:04:14,193 - gpsd_manager - INFO - [Converter] GPSPrint: Returning parsed result
2026-08-20 22:04:15,014 - gpsd_manager - INFO - [Converter] GPSPrint: Parsed ZED data, has_gps_time=True
2026-08-20 22:04:15,014 - gpsd_manager - INFO - [Converter] GPSPrint: Returning parsed result
2026-08-20 22:04:16,266 - gpsd_manager - INFO - [Converter] GPSPrint: Parsed ZED data, has_gps_time=True
2026-08-20 22:04:16,266 - gpsd_manager - INFO - [Converter] GPSPrint: Returning parsed result
2026-08-20 22:04:17,425 - gpsd_manager - INFO - [Converter] GPSPrint: Parsed ZED data, has_gps_time=True
2026-08-20 22:04:17,426 - gpsd_manager - INFO - [Converter] GPSPrint: Returning parsed result
2026-08-20 22:04:18,378 - gpsd_manager - INFO - [Converter] GPSPrint: Parsed ZED data, has_gps_time=True
2026-08-20 22:04:18,378 - gpsd_manager - INFO - [Converter] GPSPrint: Returning parsed result
2026-08-20 22:04:19,307 - gpsd_manager - INFO - [Converter] GPSPrint: Parsed ZED data, has_gps_time=True
2026-08-20 22:04:19,307 - gpsd_manager - INFO - [Converter] GPSPrint: Returning parsed result
2026-08-20 22:04:20,154 - gpsd_manager - INFO - [Converter] GPSPrint: Parsed ZED data, has_gps_time=True
2026-08-20 22:04:20,154 - gpsd_manager - INFO - [Converter] GPSPrint: Returning parsed result
2026-08-20 22:04:21,310 - gpsd_manager - INFO - [Converter] GPSPrint: Parsed ZED data, has_gps_time=True
2026-08-20 22:04:21,310 - gpsd_manager - INFO - [Converter] GPSPrint: Returning parsed result
2026-08-20 22:04:22,460 - gpsd_manager - INFO - [Converter] GPSPrint: Parsed ZED data, has_gps_time=True
2026-08-20 22:04:22,460 - gpsd_manager - INFO - [Converter] GPSPrint: Returning parsed result
2026-08-20 22:04:23,424 - gpsd_manager - INFO - [Converter] GPSPrint: Parsed ZED data, has_gps_time=True
2026-08-20 22:04:23,424 - gpsd_manager - INFO - [Converter] GPSPrint: Returning parsed result
2026-08-20 22:04:24,276 - gpsd_manager - INFO - [Converter] GPSPrint: Parsed ZED data, has_gps_time=True
2026-08-20 22:04:24,277 - gpsd_manager - INFO - [Converter] GPSPrint: Returning parsed result
2026-08-20 22:04:25,234 - gpsd_manager - INFO - [Converter] GPSPrint: Parsed ZED data, has_gps_time=True
2026-08-20 22:04:25,234 - gpsd_manager - INFO - [Converter] GPSPrint: Returning parsed result
2026-08-20 22:04:26,253 - gpsd_manager - INFO - [Converter] GPSPrint: Parsed ZED data, has_gps_time=True
2026-08-20 22:04:26,254 - gpsd_manager - INFO - [Converter] GPSPrint: Returning parsed result
2026-08-20 22:04:28,004 - gpsd_manager - INFO - [Converter] GPSPrint: Parsed ZED data, has_gps_time=True
2026-08-20 22:04:28,004 - gpsd_manager - INFO - [Converter] GPSPrint: Returning parsed result
2026-08-20 22:04:29,132 - gpsd_manager - INFO - [Converter] GPSPrint: Parsed ZED data, has_gps_time=True
2026-08-20 22:04:29,132 - gpsd_manager - INFO - [Converter] GPSPrint: Returning parsed result
2026-08-20 22:04:30,282 - gpsd_manager - INFO - [Converter] GPSPrint: Parsed ZED data, has_gps_time=True
2026-08-20 22:04:30,282 - gpsd_manager - INFO - [Converter] GPSPrint: Returning parsed result
2026-08-20 22:04:31,433 - gpsd_manager - INFO - [Converter] GPSPrint: Parsed ZED data, has_gps_time=True
2026-08-20 22:04:31,433 - gpsd_manager - INFO - [Converter] GPSPrint: Returning parsed result
2026-08-20 22:04:32,393 - gpsd_manager - INFO - [Converter] GPSPrint: Parsed ZED data, has_gps_time=True
2026-08-20 22:04:32,393 - gpsd_manager - INFO - [Converter] GPSPrint: Returning parsed result
2026-08-20 22:04:33,242 - gpsd_manager - INFO - [Converter] GPSPrint: Parsed ZED data, has_gps_time=True
2026-08-20 22:04:33,242 - gpsd_manager - INFO - [Converter] GPSPrint: Returning parsed result
2026-08-20 22:04:34,296 - gpsd_manager - INFO - [Converter] GPSPrint: Parsed ZED data, has_gps_time=True
2026-08-20 22:04:34,297 - gpsd_manager - INFO - [Converter] GPSPrint: Returning parsed result
2026-08-20 22:04:35,455 - gpsd_manager - INFO - [Converter] GPSPrint: Parsed ZED data, has_gps_time=True
2026-08-20 22:04:35,456 - gpsd_manager - INFO - [Converter] GPSPrint: Returning parsed result
2026-08-20 22:04:36,503 - gpsd_manager - INFO - [Converter] GPSPrint: Parsed ZED data, has_gps_time=True
2026-08-20 22:04:36,503 - gpsd_manager - INFO - [Converter] GPSPrint: Returning parsed result
2026-08-20 22:04:37,264 - gpsd_manager - INFO - [Converter] GPSPrint: Parsed ZED data, has_gps_time=True
2026-08-20 22:04:37,264 - gpsd_manager - INFO - [Converter] GPSPrint: Returning parsed result
2026-08-20 22:09:58,990 - gpsd_manager - INFO - Starting converter: C:\Users\me\AppData\Local\Programs\Python\Python312\python.exe c:\Users\me\app-gpsd_manager\mcode_converter.py --port COM9 --baudrate 9600 --mode tcp --parser mcode
2026-08-20 22:09:59,002 - gpsd_manager - INFO - Converter process started with PID 3392
2026-08-20 22:10:00,503 - gpsd_manager - INFO - Converter running on port 2948 for mcode format
2026-08-20 22:10:00,504 - gpsd_manager - INFO - [Converter] Sent disable command: gps print disable
2026-08-20 22:10:00,505 - gpsd_manager - INFO - [Converter] Sent enable command: mcode atak enable
2026-08-20 22:10:00,505 - gpsd_manager - INFO - [Converter] TCP server listening on port 2948
2026-08-20 22:10:00,505 - gpsd_manager - INFO - [Converter] MCODE converter: reading from COM9, streaming NMEA via TCP port 2948
2026-08-20 22:10:00,505 - gpsd_manager - INFO - [Converter] [mcode] Read 334 bytes: 'GPS CLI Printing Disabled.\nBLE outputs Disabled.\nfladpt: erase(2) 248/1 s=081F8000 l=4096\nMcode ATAK'
2026-08-20 22:10:00,505 - gpsd_manager - INFO - [Converter] [mcode] Parser returned: False
2026-08-20 22:10:01,280 - gpsd_manager - INFO - [Converter] [mcode] Read 64 bytes: '$MCODESETTINGS1/2,18T UR 93564 31957,3,4.41800,0,0,0,1,14,99,26\n'
2026-08-20 22:10:01,281 - gpsd_manager - INFO - [Converter] [mcode] Parser returned: False
2026-08-20 22:10:01,312 - gpsd_manager - INFO - [Converter] [mcode] Read 24 bytes: '$MCODESETTINGS2/2,,14,1\n'
2026-08-20 22:10:01,312 - gpsd_manager - INFO - [Converter] [mcode] Parser returned: False
2026-08-20 22:10:01,333 - gpsd_manager - INFO - [Converter] [mcode] Read 64 bytes: '$MCODE1/2,45.43303910,-76.36072020,58.838,0,4.418,439819,8,0.00\n'
2026-08-20 22:10:01,333 - gpsd_manager - INFO - [Converter] [mcode] Parser returned: False
2026-08-20 22:10:01,365 - gpsd_manager - INFO - [Converter] [mcode] Read 12 bytes: '$MCODE2/2,4\n'
2026-08-20 22:10:01,365 - gpsd_manager - INFO - [Converter] [mcode] Parser returned: True
2026-08-20 22:10:02,486 - gpsd_manager - INFO - [Converter] [mcode] Read 64 bytes: '$MCODESETTINGS1/2,18T UR 93564 31957,3,4.40200,0,0,0,1,14,99,26\n'
2026-08-20 22:10:02,486 - gpsd_manager - INFO - [Converter] [mcode] Parser returned: False
2026-08-20 22:10:02,517 - gpsd_manager - INFO - [Converter] [mcode] Read 24 bytes: '$MCODESETTINGS2/2,,14,1\n'
2026-08-20 22:10:02,518 - gpsd_manager - INFO - [Converter] [mcode] Parser returned: False
2026-08-20 22:10:02,549 - gpsd_manager - INFO - [Converter] [mcode] Read 64 bytes: '$MCODE1/2,45.43303930,-76.36072030,58.780,0,4.402,439820,8,0.03\n'
2026-08-20 22:10:02,550 - gpsd_manager - INFO - [Converter] [mcode] Parser returned: False
2026-08-20 22:10:02,581 - gpsd_manager - INFO - [Converter] [mcode] Read 12 bytes: '$MCODE2/2,9\n'
2026-08-20 22:10:02,582 - gpsd_manager - INFO - [Converter] [mcode] Parser returned: True
2026-08-20 22:10:03,606 - gpsd_manager - INFO - [Converter] [mcode] Read 64 bytes: '$MCODESETTINGS1/2,18T UR 93564 31957,3,4.39300,0,0,0,1,14,99,26\n'
2026-08-20 22:10:03,606 - gpsd_manager - INFO - [Converter] [mcode] Parser returned: False
2026-08-20 22:10:03,638 - gpsd_manager - INFO - [Converter] [mcode] Read 24 bytes: '$MCODESETTINGS2/2,,14,1\n'
2026-08-20 22:10:03,638 - gpsd_manager - INFO - [Converter] [mcode] Parser returned: False
2026-08-20 22:10:03,659 - gpsd_manager - INFO - [Converter] [mcode] Read 64 bytes: '$MCODE1/2,45.43303990,-76.36072000,58.623,0,4.393,439821,8,0.00\n'
2026-08-20 22:10:03,659 - gpsd_manager - INFO - [Converter] [mcode] Parser returned: False
2026-08-20 22:10:03,690 - gpsd_manager - INFO - [Converter] [mcode] Read 12 bytes: '$MCODE2/2,6\n'
2026-08-20 22:10:03,690 - gpsd_manager - INFO - [Converter] [mcode] Parser returned: True
2026-08-20 22:10:07,100 - gpsd_manager - INFO - [Converter] [mcode] Read 64 bytes: '$MCODESETTINGS1/2,18T UR 93564 31957,3,4.35800,0,0,0,1,14,99,26\n'
2026-08-20 22:10:07,100 - gpsd_manager - INFO - [Converter] [mcode] Parser returned: False
2026-08-20 22:10:07,131 - gpsd_manager - INFO - [Converter] [mcode] Read 24 bytes: '$MCODESETTINGS2/2,,14,1\n'
2026-08-20 22:10:07,132 - gpsd_manager - INFO - [Converter] [mcode] Parser returned: False
2026-08-20 22:10:07,162 - gpsd_manager - INFO - [Converter] [mcode] Read 64 bytes: '$MCODE1/2,45.43304100,-76.36072050,58.379,0,4.358,439824,8,0.04\n'
2026-08-20 22:10:07,163 - gpsd_manager - INFO - [Converter] [mcode] Parser returned: False
2026-08-20 22:10:07,194 - gpsd_manager - INFO - [Converter] [mcode] Read 12 bytes: '$MCODE2/2,9\n'
2026-08-20 22:10:07,194 - gpsd_manager - INFO - [Converter] [mcode] Parser returned: True
2026-08-20 22:10:09,015 - gpsd_manager - INFO - [Converter] [mcode] Read 64 bytes: '$MCODESETTINGS1/2,18T UR 93564 31957,3,4.34100,0,0,0,1,14,99,26\n'
2026-08-20 22:10:09,015 - gpsd_manager - INFO - [Converter] [mcode] Parser returned: False
2026-08-20 22:10:09,046 - gpsd_manager - INFO - [Converter] [mcode] Read 24 bytes: '$MCODESETTINGS2/2,,14,1\n'
2026-08-20 22:10:09,046 - gpsd_manager - INFO - [Converter] [mcode] Parser returned: False
2026-08-20 22:10:09,078 - gpsd_manager - INFO - [Converter] [mcode] Read 64 bytes: '$MCODE1/2,45.43304160,-76.36072130,58.046,0,4.341,439826,8,0.01\n'
2026-08-20 22:10:09,078 - gpsd_manager - INFO - [Converter] [mcode] Parser returned: False
2026-08-20 22:10:09,099 - gpsd_manager - INFO - [Converter] [mcode] Read 12 bytes: '$MCODE2/2,4\n'
2026-08-20 22:10:09,099 - gpsd_manager - INFO - [Converter] [mcode] Parser returned: True
2026-08-20 22:10:09,931 - gpsd_manager - INFO - [Converter] [mcode] Read 64 bytes: '$MCODESETTINGS1/2,18T UR 93564 31957,3,4.33400,0,0,0,1,14,99,26\n'
2026-08-20 22:10:09,931 - gpsd_manager - INFO - [Converter] [mcode] Parser returned: False
2026-08-20 22:10:09,962 - gpsd_manager - INFO - [Converter] [mcode] Read 24 bytes: '$MCODESETTINGS2/2,,14,1\n'
2026-08-20 22:10:09,962 - gpsd_manager - INFO - [Converter] [mcode] Parser returned: False
2026-08-20 22:10:09,984 - gpsd_manager - INFO - [Converter] [mcode] Read 64 bytes: '$MCODE1/2,45.43304140,-76.36072170,58.003,0,4.334,439827,8,0.02\n'
2026-08-20 22:10:09,984 - gpsd_manager - INFO - [Converter] [mcode] Parser returned: False
2026-08-20 22:10:10,016 - gpsd_manager - INFO - [Converter] [mcode] Read 12 bytes: '$MCODE2/2,8\n'
2026-08-20 22:10:10,016 - gpsd_manager - INFO - [Converter] [mcode] Parser returned: True
2026-08-20 22:10:12,135 - gpsd_manager - INFO - [Converter] [mcode] Read 64 bytes: '$MCODESETTINGS1/2,18T UR 93564 31957,3,4.32100,0,0,0,1,14,99,26\n'
2026-08-20 22:10:12,135 - gpsd_manager - INFO - [Converter] [mcode] Parser returned: False
2026-08-20 22:10:12,167 - gpsd_manager - INFO - [Converter] [mcode] Read 24 bytes: '$MCODESETTINGS2/2,,14,1\n'
2026-08-20 22:10:12,167 - gpsd_manager - INFO - [Converter] [mcode] Parser returned: False
2026-08-20 22:10:12,198 - gpsd_manager - INFO - [Converter] [mcode] Read 64 bytes: '$MCODE1/2,45.43304100,-76.36072200,57.898,0,4.321,439829,8,0.02\n'
2026-08-20 22:10:12,199 - gpsd_manager - INFO - [Converter] [mcode] Parser returned: False
2026-08-20 22:10:12,230 - gpsd_manager - INFO - [Converter] [mcode] Read 12 bytes: '$MCODE2/2,3\n'
2026-08-20 22:10:12,230 - gpsd_manager - INFO - [Converter] [mcode] Parser returned: True
2026-08-20 22:10:14,044 - gpsd_manager - INFO - [Converter] [mcode] Read 64 bytes: '$MCODESETTINGS1/2,18T UR 93564 31957,3,4.30400,0,0,0,1,14,99,30\n'
2026-08-20 22:10:14,044 - gpsd_manager - INFO - [Converter] [mcode] Parser returned: False
2026-08-20 22:10:14,075 - gpsd_manager - INFO - [Converter] [mcode] Read 24 bytes: '$MCODESETTINGS2/2,,14,1\n'
2026-08-20 22:10:14,075 - gpsd_manager - INFO - [Converter] [mcode] Parser returned: False
2026-08-20 22:10:14,106 - gpsd_manager - INFO - [Converter] [mcode] Read 64 bytes: '$MCODE1/2,45.43304080,-76.36072120,57.740,0,4.304,439831,8,0.03\n'
2026-08-20 22:10:14,107 - gpsd_manager - INFO - [Converter] [mcode] Parser returned: False
2026-08-20 22:10:14,138 - gpsd_manager - INFO - [Converter] [mcode] Read 12 bytes: '$MCODE2/2,9\n'
2026-08-20 22:10:14,138 - gpsd_manager - INFO - [Converter] [mcode] Parser returned: True
2026-08-20 22:10:14,963 - gpsd_manager - INFO - [Converter] [mcode] Read 64 bytes: '$MCODESETTINGS1/2,18T UR 93564 31957,3,4.29400,0,0,0,1,14,99,30\n'
2026-08-20 22:10:14,964 - gpsd_manager - INFO - [Converter] [mcode] Parser returned: False
2026-08-20 22:10:14,984 - gpsd_manager - INFO - [Converter] [mcode] Read 24 bytes: '$MCODESETTINGS2/2,,14,1\n'
2026-08-20 22:10:14,984 - gpsd_manager - INFO - [Converter] [mcode] Parser returned: False
2026-08-20 22:10:15,016 - gpsd_manager - INFO - [Converter] [mcode] Read 64 bytes: '$MCODE1/2,45.43304050,-76.36072090,57.713,0,4.294,439832,8,0.06\n'
2026-08-20 22:10:15,016 - gpsd_manager - INFO - [Converter] [mcode] Parser returned: False
2026-08-20 22:10:15,048 - gpsd_manager - INFO - [Converter] [mcode] Read 12 bytes: '$MCODE2/2,6\n'
2026-08-20 22:10:15,048 - gpsd_manager - INFO - [Converter] [mcode] Parser returned: True
2026-08-20 22:10:17,069 - gpsd_manager - INFO - [Converter] [mcode] Read 64 bytes: '$MCODESETTINGS1/2,18T UR 93564 31957,3,4.28000,0,0,0,1,14,99,26\n'
2026-08-20 22:10:17,069 - gpsd_manager - INFO - [Converter] [mcode] Parser returned: False
2026-08-20 22:10:17,100 - gpsd_manager - INFO - [Converter] [mcode] Read 24 bytes: '$MCODESETTINGS2/2,,14,1\n'
2026-08-20 22:10:17,100 - gpsd_manager - INFO - [Converter] [mcode] Parser returned: False
2026-08-20 22:10:17,122 - gpsd_manager - INFO - [Converter] [mcode] Read 64 bytes: '$MCODE1/2,45.43303890,-76.36072110,57.879,0,4.280,439834,8,0.03\n'
2026-08-20 22:10:17,122 - gpsd_manager - INFO - [Converter] [mcode] Parser returned: False
2026-08-20 22:10:17,153 - gpsd_manager - INFO - [Converter] [mcode] Read 12 bytes: '$MCODE2/2,4\n'
2026-08-20 22:10:17,153 - gpsd_manager - INFO - [Converter] [mcode] Parser returned: True
2026-08-20 22:10:19,170 - gpsd_manager - INFO - [Converter] [mcode] Read 64 bytes: '$MCODESETTINGS1/2,18T UR 93564 31957,3,4.31300,0,0,0,1,14,99,26\n'
2026-08-20 22:10:19,170 - gpsd_manager - INFO - [Converter] [mcode] Parser returned: False
2026-08-20 22:10:19,201 - gpsd_manager - INFO - [Converter] [mcode] Read 24 bytes: '$MCODESETTINGS2/2,,14,1\n'
2026-08-20 22:10:19,202 - gpsd_manager - INFO - [Converter] [mcode] Parser returned: False
2026-08-20 22:10:19,233 - gpsd_manager - INFO - [Converter] [mcode] Read 64 bytes: '$MCODE1/2,45.43304040,-76.36072030,57.267,0,4.313,439837,8,0.02\n'
2026-08-20 22:10:19,233 - gpsd_manager - INFO - [Converter] [mcode] Parser returned: False
2026-08-20 22:10:19,264 - gpsd_manager - INFO - [Converter] [mcode] Read 12 bytes: '$MCODE2/2,4\n'
2026-08-20 22:10:19,264 - gpsd_manager - INFO - [Converter] [mcode] Parser returned: True
2026-08-20 22:10:20,384 - gpsd_manager - INFO - [Converter] [mcode] Read 64 bytes: '$MCODESETTINGS1/2,18T UR 93564 31957,3,4.32200,0,0,0,1,14,99,26\n'
2026-08-20 22:10:20,384 - gpsd_manager - INFO - [Converter] [mcode] Parser returned: False
2026-08-20 22:10:20,415 - gpsd_manager - INFO - [Converter] [mcode] Read 24 bytes: '$MCODESETTINGS2/2,,14,1\n'
2026-08-20 22:10:20,415 - gpsd_manager - INFO - [Converter] [mcode] Parser returned: False
2026-08-20 22:10:20,446 - gpsd_manager - INFO - [Converter] [mcode] Read 64 bytes: '$MCODE1/2,45.43304050,-76.36072020,57.199,0,4.322,439838,8,0.04\n'
2026-08-20 22:10:20,446 - gpsd_manager - INFO - [Converter] [mcode] Parser returned: False
2026-08-20 22:10:20,477 - gpsd_manager - INFO - [Converter] [mcode] Read 12 bytes: '$MCODE2/2,8\n'
2026-08-20 22:10:20,478 - gpsd_manager - INFO - [Converter] [mcode] Parser returned: True
2026-08-20 22:10:21,500 - gpsd_manager - INFO - [Converter] [mcode] Read 64 bytes: '$MCODESETTINGS1/2,18T UR 93564 31957,3,4.33800,0,0,0,1,14,99,26\n'
2026-08-20 22:10:21,501 - gpsd_manager - INFO - [Converter] [mcode] Parser returned: False
2026-08-20 22:10:21,531 - gpsd_manager - INFO - [Converter] [mcode] Read 24 bytes: '$MCODESETTINGS2/2,,14,1\n'
2026-08-20 22:10:21,532 - gpsd_manager - INFO - [Converter] [mcode] Parser returned: False
2026-08-20 22:10:21,562 - gpsd_manager - INFO - [Converter] [mcode] Read 64 bytes: '$MCODE1/2,45.43304090,-76.36072000,57.084,0,4.338,439839,8,0.03\n'
2026-08-20 22:10:21,562 - gpsd_manager - INFO - [Converter] [mcode] Parser returned: False
2026-08-20 22:10:21,594 - gpsd_manager - INFO - [Converter] [mcode] Read 12 bytes: '$MCODE2/2,3\n'
2026-08-20 22:10:21,594 - gpsd_manager - INFO - [Converter] [mcode] Parser returned: True
2026-08-20 22:10:22,717 - gpsd_manager - INFO - [Converter] [mcode] Read 64 bytes: '$MCODESETTINGS1/2,18T UR 93564 31957,3,4.35000,0,0,0,1,14,99,26\n'
2026-08-20 22:10:22,717 - gpsd_manager - INFO - [Converter] [mcode] Parser returned: False
2026-08-20 22:10:22,748 - gpsd_manager - INFO - [Converter] [mcode] Read 24 bytes: '$MCODESETTINGS2/2,,14,1\n'
2026-08-20 22:10:22,749 - gpsd_manager - INFO - [Converter] [mcode] Parser returned: False
2026-08-20 22:10:22,769 - gpsd_manager - INFO - [Converter] [mcode] Read 64 bytes: '$MCODE1/2,45.43304120,-76.36071980,56.895,0,4.350,439840,8,0.01\n'
2026-08-20 22:10:22,769 - gpsd_manager - INFO - [Converter] [mcode] Parser returned: False
2026-08-20 22:10:22,800 - gpsd_manager - INFO - [Converter] [mcode] Read 12 bytes: '$MCODE2/2,4\n'
2026-08-20 22:10:22,800 - gpsd_manager - INFO - [Converter] [mcode] Parser returned: True
2026-08-20 22:10:26,119 - gpsd_manager - INFO - [Converter] [mcode] Read 64 bytes: '$MCODESETTINGS1/2,18T UR 93564 31957,3,4.36900,0,0,0,1,14,99,26\n'
2026-08-20 22:10:26,119 - gpsd_manager - INFO - [Converter] [mcode] Parser returned: False
2026-08-20 22:10:26,150 - gpsd_manager - INFO - [Converter] [mcode] Read 24 bytes: '$MCODESETTINGS2/2,,14,1\n'
2026-08-20 22:10:26,150 - gpsd_manager - INFO - [Converter] [mcode] Parser returned: False
2026-08-20 22:10:26,170 - gpsd_manager - INFO - [Converter] [mcode] Read 64 bytes: '$MCODE1/2,45.43304170,-76.36071780,56.356,0,4.369,439843,8,0.03\n'
2026-08-20 22:10:26,170 - gpsd_manager - INFO - [Converter] [mcode] Parser returned: False
2026-08-20 22:10:26,201 - gpsd_manager - INFO - [Converter] [mcode] Read 12 bytes: '$MCODE2/2,1\n'
2026-08-20 22:10:26,202 - gpsd_manager - INFO - [Converter] [mcode] Parser returned: True
2026-08-20 22:10:27,233 - gpsd_manager - INFO - [Converter] [mcode] Read 64 bytes: '$MCODESETTINGS1/2,18T UR 93564 31957,3,4.38100,0,0,0,1,14,99,26\n'
2026-08-20 22:10:27,233 - gpsd_manager - INFO - [Converter] [mcode] Parser returned: False
2026-08-20 22:10:27,254 - gpsd_manager - INFO - [Converter] [mcode] Read 24 bytes: '$MCODESETTINGS2/2,,14,1\n'
2026-08-20 22:10:27,254 - gpsd_manager - INFO - [Converter] [mcode] Parser returned: False
2026-08-20 22:10:27,285 - gpsd_manager - INFO - [Converter] [mcode] Read 64 bytes: '$MCODE1/2,45.43304210,-76.36071700,56.117,0,4.381,439844,8,0.02\n'
2026-08-20 22:10:27,285 - gpsd_manager - INFO - [Converter] [mcode] Parser returned: False
2026-08-20 22:10:27,316 - gpsd_manager - INFO - [Converter] [mcode] Read 12 bytes: '$MCODE2/2,6\n'
2026-08-20 22:10:27,316 - gpsd_manager - INFO - [Converter] [mcode] Parser returned: True
2026-08-20 22:10:28,245 - gpsd_manager - INFO - [Converter] [mcode] Read 64 bytes: '$MCODESETTINGS1/2,18T UR 93564 31957,3,4.39100,0,0,0,1,14,99,26\n'
2026-08-20 22:10:28,245 - gpsd_manager - INFO - [Converter] [mcode] Parser returned: False
2026-08-20 22:10:28,276 - gpsd_manager - INFO - [Converter] [mcode] Read 24 bytes: '$MCODESETTINGS2/2,,14,1\n'
2026-08-20 22:10:28,276 - gpsd_manager - INFO - [Converter] [mcode] Parser returned: False
2026-08-20 22:10:28,308 - gpsd_manager - INFO - [Converter] [mcode] Read 64 bytes: '$MCODE1/2,45.43304240,-76.36071610,55.883,0,4.391,439845,8,0.03\n'
2026-08-20 22:10:28,308 - gpsd_manager - INFO - [Converter] [mcode] Parser returned: False
2026-08-20 22:10:28,329 - gpsd_manager - INFO - [Converter] [mcode] Read 12 bytes: '$MCODE2/2,9\n'
2026-08-20 22:10:28,329 - gpsd_manager - INFO - [Converter] [mcode] Parser returned: True
2026-08-20 22:10:29,260 - gpsd_manager - INFO - [Converter] [mcode] Read 64 bytes: '$MCODESETTINGS1/2,18T UR 93564 31958,3,4.40200,0,0,0,1,14,99,26\n'
2026-08-20 22:10:29,260 - gpsd_manager - INFO - [Converter] [mcode] Parser returned: False
2026-08-20 22:10:29,291 - gpsd_manager - INFO - [Converter] [mcode] Read 24 bytes: '$MCODESETTINGS2/2,,14,1\n'
2026-08-20 22:10:29,292 - gpsd_manager - INFO - [Converter] [mcode] Parser returned: False
2026-08-20 22:10:29,312 - gpsd_manager - INFO - [Converter] [mcode] Read 64 bytes: '$MCODE1/2,45.43304290,-76.36071500,55.625,0,4.402,439846,8,0.05\n'
2026-08-20 22:10:29,313 - gpsd_manager - INFO - [Converter] [mcode] Parser returned: False
2026-08-20 22:10:29,344 - gpsd_manager - INFO - [Converter] [mcode] Read 12 bytes: '$MCODE2/2,6\n'
2026-08-20 22:10:29,344 - gpsd_manager - INFO - [Converter] [mcode] Parser returned: True
2026-08-20 22:10:30,172 - gpsd_manager - INFO - [Converter] [mcode] Read 64 bytes: '$MCODESETTINGS1/2,18T UR 93564 31958,3,4.41300,0,0,0,1,14,99,26\n'
2026-08-20 22:10:30,172 - gpsd_manager - INFO - [Converter] [mcode] Parser returned: False
2026-08-20 22:10:30,204 - gpsd_manager - INFO - [Converter] [mcode] Read 24 bytes: '$MCODESETTINGS2/2,,14,1\n'
2026-08-20 22:10:30,204 - gpsd_manager - INFO - [Converter] [mcode] Parser returned: False
2026-08-20 22:10:30,235 - gpsd_manager - INFO - [Converter] [mcode] Read 64 bytes: '$MCODE1/2,45.43304280,-76.36071430,55.541,0,4.413,439847,8,0.03\n'
2026-08-20 22:10:30,235 - gpsd_manager - INFO - [Converter] [mcode] Parser returned: False
2026-08-20 22:10:30,266 - gpsd_manager - INFO - [Converter] [mcode] Read 12 bytes: '$MCODE2/2,3\n'
2026-08-20 22:10:30,266 - gpsd_manager - INFO - [Converter] [mcode] Parser returned: True
2026-08-20 22:10:31,187 - gpsd_manager - INFO - [Converter] [mcode] Read 64 bytes: '$MCODESETTINGS1/2,18T UR 93566 31958,3,4.42200,0,0,0,1,14,99,26\n'
2026-08-20 22:10:31,187 - gpsd_manager - INFO - [Converter] [mcode] Parser returned: False
2026-08-20 22:10:31,219 - gpsd_manager - INFO - [Converter] [mcode] Read 24 bytes: '$MCODESETTINGS2/2,,14,1\n'
2026-08-20 22:10:31,219 - gpsd_manager - INFO - [Converter] [mcode] Parser returned: False
2026-08-20 22:10:31,250 - gpsd_manager - INFO - [Converter] [mcode] Read 64 bytes: '$MCODE1/2,45.43304310,-76.36071310,55.287,0,4.422,439848,8,0.04\n'
2026-08-20 22:10:31,250 - gpsd_manager - INFO - [Converter] [mcode] Parser returned: False
2026-08-20 22:10:33,622 - gpsd_manager - INFO - Starting converter: C:\Users\me\AppData\Local\Programs\Python\Python312\python.exe c:\Users\me\app-gpsd_manager\mcode_converter.py --port COM9 --baudrate 9600 --mode tcp --parser gps_print
2026-08-20 22:10:33,630 - gpsd_manager - INFO - Converter process started with PID 45828
2026-08-20 22:10:35,132 - gpsd_manager - INFO - Converter running on port 2948 for gps_print format
2026-08-20 22:10:35,132 - gpsd_manager - INFO - [Converter] Sent disable command: mcode atak disable
2026-08-20 22:10:35,132 - gpsd_manager - INFO - [Converter] Sent enable command: gps print enable
2026-08-20 22:10:35,133 - gpsd_manager - INFO - [Converter] TCP server listening on port 2948
2026-08-20 22:10:35,133 - gpsd_manager - INFO - [Converter] MCODE converter: reading from COM9, streaming NMEA via TCP port 2948
2026-08-20 22:10:35,133 - gpsd_manager - INFO - [Converter] [gps_print] Read 343 bytes: 'Mcode USB outputs Disabled.\nfladpt: erase(2) 248/1 s=081F8000 l=4096\nBLE outputs Disabled.\nfladpt: e'
2026-08-20 22:10:35,133 - gpsd_manager - INFO - [Converter] GPSPrint: Parsed ZED data, has_gps_time=False
2026-08-20 22:10:35,133 - gpsd_manager - INFO - [Converter] [gps_print] Parser returned: False
2026-08-20 22:10:35,133 - gpsd_manager - INFO - [Converter] [gps_print] Read 73 bytes: '[GPS TIME] week=2433 tow=439852.000 gps_sec= lo=0x77614FAF hi=0x00005800\n'
2026-08-20 22:10:35,135 - gpsd_manager - INFO - [Converter] [gps_print] Parser returned: False
2026-08-20 22:10:35,223 - gpsd_manager - INFO - [Converter] [gps_print] Read 75 bytes: 'ZED Alt: 89.50000  Lat: 45.43304  Lon: -76.36071  HDOP: 0.81  Fix:2  SV:12\n'
2026-08-20 22:10:35,223 - gpsd_manager - INFO - [Converter] GPSPrint: Parsed ZED data, has_gps_time=True
2026-08-20 22:10:35,223 - gpsd_manager - INFO - [Converter] GPSPrint: Returning parsed result
2026-08-20 22:10:35,224 - gpsd_manager - INFO - [Converter] [gps_print] Parser returned: True
2026-08-20 22:10:37,045 - gpsd_manager - INFO - [Converter] [gps_print] Read 73 bytes: '[GPS TIME] week=2433 tow=439854.000 gps_sec= lo=0x77614FAF hi=0x00005C00\n'
2026-08-20 22:10:37,045 - gpsd_manager - INFO - [Converter] [gps_print] Parser returned: False
2026-08-20 22:10:37,169 - gpsd_manager - INFO - [Converter] [gps_print] Read 75 bytes: 'ZED Alt: 89.50000  Lat: 45.43304  Lon: -76.36071  HDOP: 0.84  Fix:2  SV:12\n'
2026-08-20 22:10:37,169 - gpsd_manager - INFO - [Converter] GPSPrint: Parsed ZED data, has_gps_time=True
2026-08-20 22:10:37,170 - gpsd_manager - INFO - [Converter] GPSPrint: Returning parsed result
2026-08-20 22:10:37,170 - gpsd_manager - INFO - [Converter] [gps_print] Parser returned: True
2026-08-20 22:10:38,003 - gpsd_manager - INFO - [Converter] [gps_print] Read 73 bytes: '[GPS TIME] week=2433 tow=439855.000 gps_sec= lo=0x77614FAF hi=0x00005E00\n'
2026-08-20 22:10:38,003 - gpsd_manager - INFO - [Converter] [gps_print] Parser returned: False
2026-08-20 22:10:38,129 - gpsd_manager - INFO - [Converter] [gps_print] Read 75 bytes: 'ZED Alt: 89.40000  Lat: 45.43304  Lon: -76.36071  HDOP: 0.81  Fix:2  SV:12\n'
2026-08-20 22:10:38,129 - gpsd_manager - INFO - [Converter] GPSPrint: Parsed ZED data, has_gps_time=True
2026-08-20 22:10:38,129 - gpsd_manager - INFO - [Converter] GPSPrint: Returning parsed result
2026-08-20 22:10:38,130 - gpsd_manager - INFO - [Converter] [gps_print] Parser returned: True
2026-08-20 22:10:39,256 - gpsd_manager - INFO - [Converter] [gps_print] Read 75 bytes: 'ZED Alt: 89.50000  Lat: 45.43304  Lon: -76.36071  HDOP: 0.81  Fix:2  SV:12\n'
2026-08-20 22:10:39,256 - gpsd_manager - INFO - [Converter] GPSPrint: Parsed ZED data, has_gps_time=True
2026-08-20 22:10:39,256 - gpsd_manager - INFO - [Converter] GPSPrint: Returning parsed result
2026-08-20 22:10:39,257 - gpsd_manager - INFO - [Converter] [gps_print] Parser returned: True
2026-08-20 22:10:40,077 - gpsd_manager - INFO - [Converter] [gps_print] Read 73 bytes: '[GPS TIME] week=2433 tow=439857.000 gps_sec= lo=0x77614FAF hi=0x00006200\n'
2026-08-20 22:10:40,077 - gpsd_manager - INFO - [Converter] [gps_print] Parser returned: False
2026-08-20 22:10:40,212 - gpsd_manager - INFO - [Converter] [gps_print] Read 75 bytes: 'ZED Alt: 89.60000  Lat: 45.43304  Lon: -76.36071  HDOP: 0.81  Fix:2  SV:12\n'
2026-08-20 22:10:40,212 - gpsd_manager - INFO - [Converter] GPSPrint: Parsed ZED data, has_gps_time=True
2026-08-20 22:10:40,212 - gpsd_manager - INFO - [Converter] GPSPrint: Returning parsed result
2026-08-20 22:10:40,212 - gpsd_manager - INFO - [Converter] [gps_print] Parser returned: True
2026-08-20 22:10:42,131 - gpsd_manager - INFO - [Converter] [gps_print] Read 73 bytes: '[GPS TIME] week=2433 tow=439859.000 gps_sec= lo=0x77614FAF hi=0x00006600\n'
2026-08-20 22:10:42,131 - gpsd_manager - INFO - [Converter] [gps_print] Parser returned: False
2026-08-20 22:10:42,255 - gpsd_manager - INFO - [Converter] [gps_print] Read 75 bytes: 'ZED Alt: 89.50000  Lat: 45.43304  Lon: -76.36071  HDOP: 0.84  Fix:2  SV:12\n'
2026-08-20 22:10:42,256 - gpsd_manager - INFO - [Converter] GPSPrint: Parsed ZED data, has_gps_time=True
2026-08-20 22:10:42,256 - gpsd_manager - INFO - [Converter] GPSPrint: Returning parsed result
2026-08-20 22:10:42,256 - gpsd_manager - INFO - [Converter] [gps_print] Parser returned: True
2026-08-20 22:10:43,182 - gpsd_manager - INFO - [Converter] [gps_print] Read 75 bytes: 'ZED Alt: 89.50000  Lat: 45.43304  Lon: -76.36071  HDOP: 0.84  Fix:2  SV:12\n'
2026-08-20 22:10:43,182 - gpsd_manager - INFO - [Converter] GPSPrint: Parsed ZED data, has_gps_time=True
2026-08-20 22:10:43,183 - gpsd_manager - INFO - [Converter] GPSPrint: Returning parsed result
2026-08-20 22:10:43,183 - gpsd_manager - INFO - [Converter] [gps_print] Parser returned: True
2026-08-20 22:10:45,104 - gpsd_manager - INFO - [Converter] [gps_print] Read 73 bytes: '[GPS TIME] week=2433 tow=439862.000 gps_sec= lo=0x77614FAF hi=0x00006C00\n'
2026-08-20 22:10:45,104 - gpsd_manager - INFO - [Converter] [gps_print] Parser returned: False
2026-08-20 22:10:45,228 - gpsd_manager - INFO - [Converter] [gps_print] Read 75 bytes: 'ZED Alt: 89.70000  Lat: 45.43304  Lon: -76.36071  HDOP: 0.84  Fix:2  SV:12\n'
2026-08-20 22:10:45,228 - gpsd_manager - INFO - [Converter] GPSPrint: Parsed ZED data, has_gps_time=True
2026-08-20 22:10:45,228 - gpsd_manager - INFO - [Converter] GPSPrint: Returning parsed result
2026-08-20 22:10:45,228 - gpsd_manager - INFO - [Converter] [gps_print] Parser returned: True
2026-08-20 22:10:46,057 - gpsd_manager - INFO - [Converter] [gps_print] Read 73 bytes: '[GPS TIME] week=2433 tow=439863.000 gps_sec= lo=0x77614FAF hi=0x00006E00\n'
2026-08-20 22:10:46,057 - gpsd_manager - INFO - [Converter] [gps_print] Parser returned: False
2026-08-20 22:10:46,182 - gpsd_manager - INFO - [Converter] [gps_print] Read 75 bytes: 'ZED Alt: 89.80000  Lat: 45.43304  Lon: -76.36071  HDOP: 0.84  Fix:2  SV:12\n'
2026-08-20 22:10:46,183 - gpsd_manager - INFO - [Converter] GPSPrint: Parsed ZED data, has_gps_time=True
2026-08-20 22:10:46,183 - gpsd_manager - INFO - [Converter] GPSPrint: Returning parsed result
2026-08-20 22:10:46,183 - gpsd_manager - INFO - [Converter] [gps_print] Parser returned: True
2026-08-20 22:10:47,208 - gpsd_manager - INFO - [Converter] [gps_print] Read 73 bytes: '[GPS TIME] week=2433 tow=439864.000 gps_sec= lo=0x77614FAF hi=0x00007000\n'
2026-08-20 22:10:47,208 - gpsd_manager - INFO - [Converter] [gps_print] Parser returned: False
2026-08-20 22:10:47,333 - gpsd_manager - INFO - [Converter] [gps_print] Read 75 bytes: 'ZED Alt: 90.00000  Lat: 45.43304  Lon: -76.36071  HDOP: 0.85  Fix:2  SV:12\n'
2026-08-20 22:10:47,333 - gpsd_manager - INFO - [Converter] GPSPrint: Parsed ZED data, has_gps_time=True
2026-08-20 22:10:47,334 - gpsd_manager - INFO - [Converter] GPSPrint: Returning parsed result
2026-08-20 22:10:47,334 - gpsd_manager - INFO - [Converter] [gps_print] Parser returned: True
2026-08-20 22:10:48,259 - gpsd_manager - INFO - [Converter] [gps_print] Read 73 bytes: '[GPS TIME] week=2433 tow=439865.000 gps_sec= lo=0x77614FAF hi=0x00007200\n'
2026-08-20 22:10:48,259 - gpsd_manager - INFO - [Converter] [gps_print] Parser returned: False
2026-08-20 22:10:48,393 - gpsd_manager - INFO - [Converter] [gps_print] Read 75 bytes: 'ZED Alt: 90.10000  Lat: 45.43304  Lon: -76.36071  HDOP: 0.85  Fix:2  SV:12\n'
2026-08-20 22:10:48,393 - gpsd_manager - INFO - [Converter] GPSPrint: Parsed ZED data, has_gps_time=True
2026-08-20 22:10:48,393 - gpsd_manager - INFO - [Converter] GPSPrint: Returning parsed result
2026-08-20 22:10:48,393 - gpsd_manager - INFO - [Converter] [gps_print] Parser returned: True
2026-08-20 22:10:49,212 - gpsd_manager - INFO - [Converter] [gps_print] Read 73 bytes: '[GPS TIME] week=2433 tow=439866.000 gps_sec= lo=0x77614FAF hi=0x00007400\n'
2026-08-20 22:10:49,212 - gpsd_manager - INFO - [Converter] [gps_print] Parser returned: False
2026-08-20 22:10:49,348 - gpsd_manager - INFO - [Converter] [gps_print] Read 75 bytes: 'ZED Alt: 90.10000  Lat: 45.43304  Lon: -76.36071  HDOP: 0.85  Fix:2  SV:12\n'
2026-08-20 22:10:49,348 - gpsd_manager - INFO - [Converter] GPSPrint: Parsed ZED data, has_gps_time=True
2026-08-20 22:10:49,348 - gpsd_manager - INFO - [Converter] GPSPrint: Returning parsed result
2026-08-20 22:10:49,348 - gpsd_manager - INFO - [Converter] [gps_print] Parser returned: True
2026-08-20 22:10:50,371 - gpsd_manager - INFO - [Converter] [gps_print] Read 73 bytes: '[GPS TIME] week=2433 tow=439867.000 gps_sec= lo=0x77614FAF hi=0x00007600\n'
2026-08-20 22:10:50,372 - gpsd_manager - INFO - [Converter] [gps_print] Parser returned: False
2026-08-20 22:10:50,496 - gpsd_manager - INFO - [Converter] [gps_print] Read 75 bytes: 'ZED Alt: 90.10000  Lat: 45.43304  Lon: -76.36071  HDOP: 0.85  Fix:2  SV:12\n'
2026-08-20 22:10:50,496 - gpsd_manager - INFO - [Converter] GPSPrint: Parsed ZED data, has_gps_time=True
2026-08-20 22:10:50,496 - gpsd_manager - INFO - [Converter] GPSPrint: Returning parsed result
2026-08-20 22:10:50,496 - gpsd_manager - INFO - [Converter] [gps_print] Parser returned: True
2026-08-20 22:10:51,223 - gpsd_manager - INFO - [Converter] [gps_print] Read 75 bytes: 'ZED Alt: 90.20000  Lat: 45.43303  Lon: -76.36071  HDOP: 0.85  Fix:2  SV:12\n'
2026-08-20 22:10:51,223 - gpsd_manager - INFO - [Converter] GPSPrint: Parsed ZED data, has_gps_time=True
2026-08-20 22:10:51,223 - gpsd_manager - INFO - [Converter] GPSPrint: Returning parsed result
2026-08-20 22:10:51,225 - gpsd_manager - INFO - [Converter] [gps_print] Parser returned: True
2026-08-20 22:10:51,956 - gpsd_manager - INFO - [Converter] [gps_print] Read 73 bytes: '[GPS TIME] week=2433 tow=439869.000 gps_sec= lo=0x77614FAF hi=0x00007A00\n'
2026-08-20 22:10:51,957 - gpsd_manager - INFO - [Converter] [gps_print] Parser returned: False
2026-08-20 22:10:52,082 - gpsd_manager - INFO - [Converter] [gps_print] Read 75 bytes: 'ZED Alt: 90.30000  Lat: 45.43303  Lon: -76.36071  HDOP: 0.81  Fix:2  SV:12\n'
2026-08-20 22:10:52,082 - gpsd_manager - INFO - [Converter] GPSPrint: Parsed ZED data, has_gps_time=True
2026-08-20 22:10:52,082 - gpsd_manager - INFO - [Converter] GPSPrint: Returning parsed result
2026-08-20 22:10:52,082 - gpsd_manager - INFO - [Converter] [gps_print] Parser returned: True
2026-08-20 22:10:53,209 - gpsd_manager - INFO - [Converter] [gps_print] Read 75 bytes: 'ZED Alt: 90.40000  Lat: 45.43303  Lon: -76.36071  HDOP: 0.81  Fix:2  SV:12\n'
2026-08-20 22:10:53,209 - gpsd_manager - INFO - [Converter] GPSPrint: Parsed ZED data, has_gps_time=True
2026-08-20 22:10:53,209 - gpsd_manager - INFO - [Converter] GPSPrint: Returning parsed result
2026-08-20 22:10:53,209 - gpsd_manager - INFO - [Converter] [gps_print] Parser returned: True
2026-08-20 22:10:54,032 - gpsd_manager - INFO - [Converter] [gps_print] Read 73 bytes: '[GPS TIME] week=2433 tow=439871.000 gps_sec= lo=0x77614FAF hi=0x00007E00\n'
2026-08-20 22:10:54,032 - gpsd_manager - INFO - [Converter] [gps_print] Parser returned: False
2026-08-20 22:10:54,157 - gpsd_manager - INFO - [Converter] [gps_print] Read 75 bytes: 'ZED Alt: 90.60000  Lat: 45.43303  Lon: -76.36071  HDOP: 0.81  Fix:2  SV:12\n'
2026-08-20 22:10:54,158 - gpsd_manager - INFO - [Converter] GPSPrint: Parsed ZED data, has_gps_time=True
2026-08-20 22:10:54,158 - gpsd_manager - INFO - [Converter] GPSPrint: Returning parsed result
2026-08-20 22:10:54,158 - gpsd_manager - INFO - [Converter] [gps_print] Parser returned: True
2026-08-20 22:10:56,074 - gpsd_manager - INFO - [Converter] [gps_print] Read 73 bytes: '[GPS TIME] week=2433 tow=439873.000 gps_sec= lo=0x77614FAF hi=0x00008200\n'
2026-08-20 22:10:56,075 - gpsd_manager - INFO - [Converter] [gps_print] Parser returned: False
2026-08-20 22:10:56,210 - gpsd_manager - INFO - [Converter] [gps_print] Read 75 bytes: 'ZED Alt: 90.70000  Lat: 45.43303  Lon: -76.36071  HDOP: 0.81  Fix:2  SV:12\n'
2026-08-20 22:10:56,210 - gpsd_manager - INFO - [Converter] GPSPrint: Parsed ZED data, has_gps_time=True
2026-08-20 22:10:56,210 - gpsd_manager - INFO - [Converter] GPSPrint: Returning parsed result
2026-08-20 22:10:56,211 - gpsd_manager - INFO - [Converter] [gps_print] Parser returned: True
2026-08-20 22:10:56,931 - gpsd_manager - INFO - [Converter] [gps_print] Read 73 bytes: '[GPS TIME] week=2433 tow=439874.000 gps_sec= lo=0x77614FAF hi=0x00008400\n'
2026-08-20 22:10:56,931 - gpsd_manager - INFO - [Converter] [gps_print] Parser returned: False
2026-08-20 22:10:57,067 - gpsd_manager - INFO - [Converter] [gps_print] Read 75 bytes: 'ZED Alt: 91.00000  Lat: 45.43303  Lon: -76.36071  HDOP: 0.81  Fix:2  SV:12\n'
2026-08-20 22:10:57,068 - gpsd_manager - INFO - [Converter] GPSPrint: Parsed ZED data, has_gps_time=True
2026-08-20 22:10:57,068 - gpsd_manager - INFO - [Converter] GPSPrint: Returning parsed result
2026-08-20 22:10:57,068 - gpsd_manager - INFO - [Converter] [gps_print] Parser returned: True
2026-08-20 22:10:57,984 - gpsd_manager - INFO - [Converter] [gps_print] Read 73 bytes: '[GPS TIME] week=2433 tow=439875.000 gps_sec= lo=0x77614FAF hi=0x00008600\n'
2026-08-20 22:10:57,984 - gpsd_manager - INFO - [Converter] [gps_print] Parser returned: False
2026-08-20 22:10:58,119 - gpsd_manager - INFO - [Converter] [gps_print] Read 75 bytes: 'ZED Alt: 91.10000  Lat: 45.43303  Lon: -76.36071  HDOP: 0.81  Fix:2  SV:12\n'
2026-08-20 22:10:58,119 - gpsd_manager - INFO - [Converter] GPSPrint: Parsed ZED data, has_gps_time=True
2026-08-20 22:10:58,119 - gpsd_manager - INFO - [Converter] GPSPrint: Returning parsed result
2026-08-20 22:10:58,121 - gpsd_manager - INFO - [Converter] [gps_print] Parser returned: True
2026-08-20 22:10:59,242 - gpsd_manager - INFO - [Converter] [gps_print] Read 75 bytes: 'ZED Alt: 91.20000  Lat: 45.43303  Lon: -76.36071  HDOP: 0.81  Fix:2  SV:12\n'
2026-08-20 22:10:59,242 - gpsd_manager - INFO - [Converter] GPSPrint: Parsed ZED data, has_gps_time=True
2026-08-20 22:10:59,242 - gpsd_manager - INFO - [Converter] GPSPrint: Returning parsed result
2026-08-20 22:10:59,242 - gpsd_manager - INFO - [Converter] [gps_print] Parser returned: True
2026-08-20 22:11:00,068 - gpsd_manager - INFO - [Converter] [gps_print] Read 73 bytes: '[GPS TIME] week=2433 tow=439877.000 gps_sec= lo=0x77614FAF hi=0x00008A00\n'
2026-08-20 22:11:00,068 - gpsd_manager - INFO - [Converter] [gps_print] Parser returned: False
2026-08-20 22:11:00,194 - gpsd_manager - INFO - [Converter] [gps_print] Read 75 bytes: 'ZED Alt: 91.50000  Lat: 45.43303  Lon: -76.36071  HDOP: 0.81  Fix:2  SV:12\n'
2026-08-20 22:11:00,194 - gpsd_manager - INFO - [Converter] GPSPrint: Parsed ZED data, has_gps_time=True
2026-08-20 22:11:00,194 - gpsd_manager - INFO - [Converter] GPSPrint: Returning parsed result
2026-08-20 22:11:00,194 - gpsd_manager - INFO - [Converter] [gps_print] Parser returned: True
2026-08-20 22:11:01,316 - gpsd_manager - INFO - [Converter] [gps_print] Read 73 bytes: '[GPS TIME] week=2433 tow=439878.000 gps_sec= lo=0x77614FAF hi=0x00008C00\n'
2026-08-20 22:11:01,316 - gpsd_manager - INFO - [Converter] [gps_print] Parser returned: False
2026-08-20 22:11:01,451 - gpsd_manager - INFO - [Converter] [gps_print] Read 75 bytes: 'ZED Alt: 91.70000  Lat: 45.43303  Lon: -76.36071  HDOP: 0.85  Fix:2  SV:12\n'
2026-08-20 22:11:01,452 - gpsd_manager - INFO - [Converter] GPSPrint: Parsed ZED data, has_gps_time=True
2026-08-20 22:11:01,452 - gpsd_manager - INFO - [Converter] GPSPrint: Returning parsed result
2026-08-20 22:11:01,452 - gpsd_manager - INFO - [Converter] [gps_print] Parser returned: True
2026-08-20 22:11:02,270 - gpsd_manager - INFO - [Converter] [gps_print] Read 73 bytes: '[GPS TIME] week=2433 tow=439879.000 gps_sec= lo=0x77614FAF hi=0x00008E00\n'
2026-08-20 22:11:02,271 - gpsd_manager - INFO - [Converter] [gps_print] Parser returned: False
2026-08-20 22:11:02,407 - gpsd_manager - INFO - [Converter] [gps_print] Read 75 bytes: 'ZED Alt: 92.00000  Lat: 45.43303  Lon: -76.36071  HDOP: 0.81  Fix:2  SV:12\n'
2026-08-20 22:11:02,407 - gpsd_manager - INFO - [Converter] GPSPrint: Parsed ZED data, has_gps_time=True
2026-08-20 22:11:02,407 - gpsd_manager - INFO - [Converter] GPSPrint: Returning parsed result
2026-08-20 22:11:02,407 - gpsd_manager - INFO - [Converter] [gps_print] Parser returned: True
2026-08-20 22:11:03,128 - gpsd_manager - INFO - [Converter] [gps_print] Read 73 bytes: '[GPS TIME] week=2433 tow=439880.000 gps_sec= lo=0x77614FAF hi=0x00009000\n'
2026-08-20 22:11:03,128 - gpsd_manager - INFO - [Converter] [gps_print] Parser returned: False
2026-08-20 22:11:03,253 - gpsd_manager - INFO - [Converter] [gps_print] Read 75 bytes: 'ZED Alt: 92.10000  Lat: 45.43302  Lon: -76.36071  HDOP: 0.81  Fix:2  SV:12\n'
2026-08-20 22:11:03,253 - gpsd_manager - INFO - [Converter] GPSPrint: Parsed ZED data, has_gps_time=True
2026-08-20 22:11:03,253 - gpsd_manager - INFO - [Converter] GPSPrint: Returning parsed result
2026-08-20 22:11:03,253 - gpsd_manager - INFO - [Converter] [gps_print] Parser returned: True
2026-08-20 22:11:04,180 - gpsd_manager - INFO - [Converter] [gps_print] Read 73 bytes: '[GPS TIME] week=2433 tow=439881.000 gps_sec= lo=0x77614FAF hi=0x00009200\n'
2026-08-20 22:11:04,180 - gpsd_manager - INFO - [Converter] [gps_print] Parser returned: False
2026-08-20 22:11:04,316 - gpsd_manager - INFO - [Converter] [gps_print] Read 75 bytes: 'ZED Alt: 92.20000  Lat: 45.43302  Lon: -76.36071  HDOP: 0.81  Fix:2  SV:12\n'
2026-08-20 22:11:04,316 - gpsd_manager - INFO - [Converter] GPSPrint: Parsed ZED data, has_gps_time=True
2026-08-20 22:11:04,316 - gpsd_manager - INFO - [Converter] GPSPrint: Returning parsed result
2026-08-20 22:11:04,316 - gpsd_manager - INFO - [Converter] [gps_print] Parser returned: True
2026-08-20 22:11:05,334 - gpsd_manager - INFO - [Converter] [gps_print] Read 73 bytes: '[GPS TIME] week=2433 tow=439882.000 gps_sec= lo=0x77614FAF hi=0x00009400\n'
2026-08-20 22:11:05,334 - gpsd_manager - INFO - [Converter] [gps_print] Parser returned: False
2026-08-20 22:11:05,470 - gpsd_manager - INFO - [Converter] [gps_print] Read 75 bytes: 'ZED Alt: 92.30000  Lat: 45.43302  Lon: -76.36071  HDOP: 0.81  Fix:2  SV:12\n'
2026-08-20 22:11:05,470 - gpsd_manager - INFO - [Converter] GPSPrint: Parsed ZED data, has_gps_time=True
2026-08-20 22:11:05,470 - gpsd_manager - INFO - [Converter] GPSPrint: Returning parsed result
2026-08-20 22:11:05,470 - gpsd_manager - INFO - [Converter] [gps_print] Parser returned: True
2026-08-20 22:11:06,286 - gpsd_manager - INFO - [Converter] [gps_print] Read 73 bytes: '[GPS TIME] week=2433 tow=439883.000 gps_sec= lo=0x77614FAF hi=0x00009600\n'
2026-08-20 22:11:06,286 - gpsd_manager - INFO - [Converter] [gps_print] Parser returned: False
2026-08-20 22:11:06,420 - gpsd_manager - INFO - [Converter] [gps_print] Read 75 bytes: 'ZED Alt: 92.50000  Lat: 45.43302  Lon: -76.36071  HDOP: 0.81  Fix:2  SV:12\n'
2026-08-20 22:11:06,421 - gpsd_manager - INFO - [Converter] GPSPrint: Parsed ZED data, has_gps_time=True
2026-08-20 22:11:06,421 - gpsd_manager - INFO - [Converter] GPSPrint: Returning parsed result
2026-08-20 22:11:06,421 - gpsd_manager - INFO - [Converter] [gps_print] Parser returned: True
2026-08-20 22:11:07,044 - gpsd_manager - INFO - [Converter] [gps_print] Read 73 bytes: '[GPS TIME] week=2433 tow=439884.000 gps_sec= lo=0x77614FAF hi=0x00009800\n'
2026-08-20 22:11:07,044 - gpsd_manager - INFO - [Converter] [gps_print] Parser returned: False
2026-08-20 22:11:07,180 - gpsd_manager - INFO - [Converter] [gps_print] Read 75 bytes: 'ZED Alt: 92.50000  Lat: 45.43302  Lon: -76.36071  HDOP: 0.81  Fix:2  SV:12\n'
2026-08-20 22:11:07,180 - gpsd_manager - INFO - [Converter] GPSPrint: Parsed ZED data, has_gps_time=True
2026-08-20 22:11:07,181 - gpsd_manager - INFO - [Converter] GPSPrint: Returning parsed result
2026-08-20 22:11:07,181 - gpsd_manager - INFO - [Converter] [gps_print] Parser returned: True
2026-08-20 22:11:08,099 - gpsd_manager - INFO - [Converter] [gps_print] Read 73 bytes: '[GPS TIME] week=2433 tow=439885.000 gps_sec= lo=0x77614FAF hi=0x00009A00\n'
2026-08-20 22:11:08,099 - gpsd_manager - INFO - [Converter] [gps_print] Parser returned: False
2026-08-20 22:11:08,233 - gpsd_manager - INFO - [Converter] [gps_print] Read 75 bytes: 'ZED Alt: 92.60000  Lat: 45.43302  Lon: -76.36071  HDOP: 0.81  Fix:2  SV:12\n'
2026-08-20 22:11:08,233 - gpsd_manager - INFO - [Converter] GPSPrint: Parsed ZED data, has_gps_time=True
2026-08-20 22:11:08,233 - gpsd_manager - INFO - [Converter] GPSPrint: Returning parsed result
2026-08-20 22:11:08,233 - gpsd_manager - INFO - [Converter] [gps_print] Parser returned: True
2026-08-20 22:11:09,348 - gpsd_manager - INFO - [Converter] [gps_print] Read 73 bytes: '[GPS TIME] week=2433 tow=439886.000 gps_sec= lo=0x77614FAF hi=0x00009C00\n'
2026-08-20 22:11:09,348 - gpsd_manager - INFO - [Converter] [gps_print] Parser returned: False
2026-08-20 22:11:09,483 - gpsd_manager - INFO - [Converter] [gps_print] Read 75 bytes: 'ZED Alt: 92.80000  Lat: 45.43302  Lon: -76.36072  HDOP: 0.81  Fix:2  SV:12\n'
2026-08-20 22:11:09,483 - gpsd_manager - INFO - [Converter] GPSPrint: Parsed ZED data, has_gps_time=True
2026-08-20 22:11:09,484 - gpsd_manager - INFO - [Converter] GPSPrint: Returning parsed result
2026-08-20 22:11:09,484 - gpsd_manager - INFO - [Converter] [gps_print] Parser returned: True
2026-08-20 22:11:10,304 - gpsd_manager - INFO - [Converter] [gps_print] Read 73 bytes: '[GPS TIME] week=2433 tow=439887.000 gps_sec= lo=0x77614FAF hi=0x00009E00\n'
2026-08-20 22:11:10,304 - gpsd_manager - INFO - [Converter] [gps_print] Parser returned: False
2026-08-20 22:11:10,439 - gpsd_manager - INFO - [Converter] [gps_print] Read 75 bytes: 'ZED Alt: 92.80000  Lat: 45.43302  Lon: -76.36072  HDOP: 0.81  Fix:2  SV:12\n'
2026-08-20 22:11:10,440 - gpsd_manager - INFO - [Converter] GPSPrint: Parsed ZED data, has_gps_time=True
2026-08-20 22:11:10,440 - gpsd_manager - INFO - [Converter] GPSPrint: Returning parsed result
2026-08-20 22:11:10,440 - gpsd_manager - INFO - [Converter] [gps_print] Parser returned: True
2026-08-20 22:11:53,128 - gpsd_manager - INFO - Starting converter: C:\Users\me\AppData\Local\Programs\Python\Python312\python.exe c:\Users\me\app-gpsd_manager\mcode_converter.py --port COM9 --baudrate 9600 --mode tcp --parser gps_print
2026-08-20 22:11:53,137 - gpsd_manager - INFO - Converter process started with PID 61108
2026-08-20 22:11:54,638 - gpsd_manager - INFO - Converter running on port 2948 for gps_print format
2026-08-20 22:11:54,639 - gpsd_manager - INFO - [Converter] Sent disable command: mcode atak disable
2026-08-20 22:11:54,639 - gpsd_manager - INFO - [Converter] Sent enable command: gps print enable
2026-08-20 22:11:54,640 - gpsd_manager - INFO - [Converter] TCP server listening on port 2948
2026-08-20 22:11:54,640 - gpsd_manager - INFO - [Converter] MCODE converter: reading from COM9, streaming NMEA via TCP port 2948
2026-08-20 22:11:54,641 - gpsd_manager - INFO - [Converter] GPSPrint: Parsed ZED data, has_gps_time=True
2026-08-20 22:11:54,642 - gpsd_manager - INFO - [Converter] GPSPrint: Returning parsed result
2026-08-20 22:11:55,090 - gpsd_manager - INFO - [Converter] GPSPrint: Parsed ZED data, has_gps_time=True
2026-08-20 22:11:55,090 - gpsd_manager - INFO - [Converter] GPSPrint: Returning parsed result
2026-08-20 22:11:57,001 - gpsd_manager - INFO - [Converter] GPSPrint: Parsed ZED data, has_gps_time=True
2026-08-20 22:11:57,001 - gpsd_manager - INFO - [Converter] GPSPrint: Returning parsed result
2026-08-20 22:11:58,028 - gpsd_manager - INFO - [Converter] GPSPrint: Parsed ZED data, has_gps_time=True
2026-08-20 22:11:58,028 - gpsd_manager - INFO - [Converter] GPSPrint: Returning parsed result
2026-08-20 22:11:59,181 - gpsd_manager - INFO - [Converter] GPSPrint: Parsed ZED data, has_gps_time=True
2026-08-20 22:11:59,181 - gpsd_manager - INFO - [Converter] GPSPrint: Returning parsed result
2026-08-20 22:12:00,211 - gpsd_manager - INFO - [Converter] GPSPrint: Parsed ZED data, has_gps_time=True
2026-08-20 22:12:00,212 - gpsd_manager - INFO - [Converter] GPSPrint: Returning parsed result
2026-08-20 22:12:01,262 - gpsd_manager - INFO - [Converter] GPSPrint: Parsed ZED data, has_gps_time=True
2026-08-20 22:12:01,262 - gpsd_manager - INFO - [Converter] GPSPrint: Returning parsed result
2026-08-20 22:12:03,208 - gpsd_manager - INFO - [Converter] GPSPrint: Parsed ZED data, has_gps_time=True
2026-08-20 22:12:03,208 - gpsd_manager - INFO - [Converter] GPSPrint: Returning parsed result
2026-08-20 22:12:04,230 - gpsd_manager - INFO - [Converter] GPSPrint: Parsed ZED data, has_gps_time=True
2026-08-20 22:12:04,230 - gpsd_manager - INFO - [Converter] GPSPrint: Returning parsed result
2026-08-20 22:12:05,952 - gpsd_manager - INFO - [Converter] GPSPrint: Parsed ZED data, has_gps_time=True
2026-08-20 22:12:05,952 - gpsd_manager - INFO - [Converter] GPSPrint: Returning parsed result
2026-08-20 22:12:07,079 - gpsd_manager - INFO - [Converter] GPSPrint: Parsed ZED data, has_gps_time=True
2026-08-20 22:12:07,079 - gpsd_manager - INFO - [Converter] GPSPrint: Returning parsed result
2026-08-20 22:12:08,231 - gpsd_manager - INFO - [Converter] GPSPrint: Parsed ZED data, has_gps_time=True
2026-08-20 22:12:08,231 - gpsd_manager - INFO - [Converter] GPSPrint: Returning parsed result
2026-08-20 22:12:09,385 - gpsd_manager - INFO - [Converter] GPSPrint: Parsed ZED data, has_gps_time=True
2026-08-20 22:12:09,385 - gpsd_manager - INFO - [Converter] GPSPrint: Returning parsed result
2026-08-20 22:12:10,436 - gpsd_manager - INFO - [Converter] GPSPrint: Parsed ZED data, has_gps_time=True
2026-08-20 22:12:10,436 - gpsd_manager - INFO - [Converter] GPSPrint: Returning parsed result
2026-08-20 22:12:11,192 - gpsd_manager - INFO - [Converter] GPSPrint: Parsed ZED data, has_gps_time=True
2026-08-20 22:12:11,192 - gpsd_manager - INFO - [Converter] GPSPrint: Returning parsed result
2026-08-20 22:12:12,250 - gpsd_manager - INFO - [Converter] GPSPrint: Parsed ZED data, has_gps_time=True
2026-08-20 22:12:12,251 - gpsd_manager - INFO - [Converter] GPSPrint: Returning parsed result
2026-08-20 22:12:13,399 - gpsd_manager - INFO - [Converter] GPSPrint: Parsed ZED data, has_gps_time=True
2026-08-20 22:12:13,399 - gpsd_manager - INFO - [Converter] GPSPrint: Returning parsed result
2026-08-20 22:12:14,357 - gpsd_manager - INFO - [Converter] GPSPrint: Parsed ZED data, has_gps_time=True
2026-08-20 22:12:14,357 - gpsd_manager - INFO - [Converter] GPSPrint: Returning parsed result
2026-08-20 22:12:15,211 - gpsd_manager - INFO - [Converter] GPSPrint: Parsed ZED data, has_gps_time=True
2026-08-20 22:12:15,211 - gpsd_manager - INFO - [Converter] GPSPrint: Returning parsed result
2026-08-20 22:12:16,261 - gpsd_manager - INFO - [Converter] GPSPrint: Parsed ZED data, has_gps_time=True
2026-08-20 22:12:16,261 - gpsd_manager - INFO - [Converter] GPSPrint: Returning parsed result
2026-08-20 22:12:18,212 - gpsd_manager - INFO - [Converter] GPSPrint: Parsed ZED data, has_gps_time=True
2026-08-20 22:12:18,212 - gpsd_manager - INFO - [Converter] GPSPrint: Returning parsed result
2026-08-20 22:12:19,063 - gpsd_manager - INFO - [Converter] GPSPrint: Parsed ZED data, has_gps_time=True
2026-08-20 22:12:19,063 - gpsd_manager - INFO - [Converter] GPSPrint: Returning parsed result
2026-08-20 22:12:20,188 - gpsd_manager - INFO - [Converter] GPSPrint: Parsed ZED data, has_gps_time=True
2026-08-20 22:12:20,188 - gpsd_manager - INFO - [Converter] GPSPrint: Returning parsed result
2026-08-20 22:12:21,214 - gpsd_manager - INFO - [Converter] GPSPrint: Parsed ZED data, has_gps_time=True
2026-08-20 22:12:21,214 - gpsd_manager - INFO - [Converter] GPSPrint: Returning parsed result
2026-08-20 22:12:22,360 - gpsd_manager - INFO - [Converter] GPSPrint: Parsed ZED data, has_gps_time=True
2026-08-20 22:12:22,361 - gpsd_manager - INFO - [Converter] GPSPrint: Returning parsed result
2026-08-20 22:12:23,519 - gpsd_manager - INFO - [Converter] GPSPrint: Parsed ZED data, has_gps_time=True
2026-08-20 22:12:23,519 - gpsd_manager - INFO - [Converter] GPSPrint: Returning parsed result
2026-08-20 22:12:24,671 - gpsd_manager - INFO - [Converter] GPSPrint: Parsed ZED data, has_gps_time=True
2026-08-20 22:12:24,672 - gpsd_manager - INFO - [Converter] GPSPrint: Returning parsed result
2026-08-20 22:12:25,821 - gpsd_manager - INFO - [Converter] GPSPrint: Parsed ZED data, has_gps_time=True
2026-08-20 22:12:25,821 - gpsd_manager - INFO - [Converter] GPSPrint: Returning parsed result
2026-08-20 22:12:26,846 - gpsd_manager - INFO - [Converter] GPSPrint: Parsed ZED data, has_gps_time=True
2026-08-20 22:12:26,846 - gpsd_manager - INFO - [Converter] GPSPrint: Returning parsed result
2026-08-20 22:12:27,968 - gpsd_manager - INFO - [Converter] GPSPrint: Parsed ZED data, has_gps_time=True
2026-08-20 22:12:27,968 - gpsd_manager - INFO - [Converter] GPSPrint: Returning parsed result
2026-08-20 22:12:30,987 - gpsd_manager - INFO - [Converter] GPSPrint: Parsed ZED data, has_gps_time=True
2026-08-20 22:12:30,987 - gpsd_manager - INFO - [Converter] GPSPrint: Returning parsed result
2026-08-20 22:12:32,108 - gpsd_manager - INFO - [Converter] GPSPrint: Parsed ZED data, has_gps_time=True
2026-08-20 22:12:32,108 - gpsd_manager - INFO - [Converter] GPSPrint: Returning parsed result
2026-08-20 22:12:34,157 - gpsd_manager - INFO - [Converter] GPSPrint: Parsed ZED data, has_gps_time=True
2026-08-20 22:12:34,157 - gpsd_manager - INFO - [Converter] GPSPrint: Returning parsed result
2026-08-20 22:12:35,279 - gpsd_manager - INFO - [Converter] GPSPrint: Parsed ZED data, has_gps_time=True
2026-08-20 22:12:35,279 - gpsd_manager - INFO - [Converter] GPSPrint: Returning parsed result
2026-08-20 22:12:36,238 - gpsd_manager - INFO - [Converter] GPSPrint: Parsed ZED data, has_gps_time=True
2026-08-20 22:12:36,238 - gpsd_manager - INFO - [Converter] GPSPrint: Returning parsed result
2026-08-20 22:12:37,262 - gpsd_manager - INFO - [Converter] GPSPrint: Parsed ZED data, has_gps_time=True
2026-08-20 22:12:37,262 - gpsd_manager - INFO - [Converter] GPSPrint: Returning parsed result
2026-08-20 22:12:38,308 - gpsd_manager - INFO - [Converter] GPSPrint: Parsed ZED data, has_gps_time=True
2026-08-20 22:12:38,308 - gpsd_manager - INFO - [Converter] GPSPrint: Returning parsed result
2026-08-20 22:12:39,164 - gpsd_manager - INFO - [Converter] GPSPrint: Parsed ZED data, has_gps_time=True
2026-08-20 22:12:39,164 - gpsd_manager - INFO - [Converter] GPSPrint: Returning parsed result
2026-08-20 22:12:40,424 - gpsd_manager - INFO - [Converter] GPSPrint: Parsed ZED data, has_gps_time=True
2026-08-20 22:12:40,424 - gpsd_manager - INFO - [Converter] GPSPrint: Returning parsed result
2026-08-20 22:12:41,471 - gpsd_manager - INFO - [Converter] GPSPrint: Parsed ZED data, has_gps_time=True
2026-08-20 22:12:41,472 - gpsd_manager - INFO - [Converter] GPSPrint: Returning parsed result
2026-08-20 22:12:42,328 - gpsd_manager - INFO - [Converter] GPSPrint: Parsed ZED data, has_gps_time=True
2026-08-20 22:12:42,328 - gpsd_manager - INFO - [Converter] GPSPrint: Returning parsed result
2026-08-20 22:12:43,278 - gpsd_manager - INFO - [Converter] GPSPrint: Parsed ZED data, has_gps_time=True
2026-08-20 22:12:43,278 - gpsd_manager - INFO - [Converter] GPSPrint: Returning parsed result
2026-08-20 22:12:44,438 - gpsd_manager - INFO - [Converter] GPSPrint: Parsed ZED data, has_gps_time=True
2026-08-20 22:12:44,438 - gpsd_manager - INFO - [Converter] GPSPrint: Returning parsed result
2026-08-20 22:12:45,489 - gpsd_manager - INFO - [Converter] GPSPrint: Parsed ZED data, has_gps_time=True
2026-08-20 22:12:45,489 - gpsd_manager - INFO - [Converter] GPSPrint: Returning parsed result
2026-08-20 22:12:46,243 - gpsd_manager - INFO - [Converter] GPSPrint: Parsed ZED data, has_gps_time=True
2026-08-20 22:12:46,243 - gpsd_manager - INFO - [Converter] GPSPrint: Returning parsed result
2026-08-20 22:12:47,301 - gpsd_manager - INFO - [Converter] GPSPrint: Parsed ZED data, has_gps_time=True
2026-08-20 22:12:47,302 - gpsd_manager - INFO - [Converter] GPSPrint: Returning parsed result
2026-08-20 22:12:48,451 - gpsd_manager - INFO - [Converter] GPSPrint: Parsed ZED data, has_gps_time=True
2026-08-20 22:12:48,452 - gpsd_manager - INFO - [Converter] GPSPrint: Returning parsed result
2026-08-20 22:12:49,405 - gpsd_manager - INFO - [Converter] GPSPrint: Parsed ZED data, has_gps_time=True
2026-08-20 22:12:49,405 - gpsd_manager - INFO - [Converter] GPSPrint: Returning parsed result
2026-08-20 22:12:50,262 - gpsd_manager - INFO - [Converter] GPSPrint: Parsed ZED data, has_gps_time=True
2026-08-20 22:12:50,262 - gpsd_manager - INFO - [Converter] GPSPrint: Returning parsed result
2026-08-20 22:12:51,221 - gpsd_manager - INFO - [Converter] GPSPrint: Parsed ZED data, has_gps_time=True
2026-08-20 22:12:51,222 - gpsd_manager - INFO - [Converter] GPSPrint: Returning parsed result
2026-08-20 22:12:52,374 - gpsd_manager - INFO - [Converter] GPSPrint: Parsed ZED data, has_gps_time=True
2026-08-20 22:12:52,374 - gpsd_manager - INFO - [Converter] GPSPrint: Returning parsed result
2026-08-20 22:12:53,419 - gpsd_manager - INFO - [Converter] GPSPrint: Parsed ZED data, has_gps_time=True
2026-08-20 22:12:53,419 - gpsd_manager - INFO - [Converter] GPSPrint: Returning parsed result
2026-08-20 22:12:54,279 - gpsd_manager - INFO - [Converter] GPSPrint: Parsed ZED data, has_gps_time=True
2026-08-20 22:12:54,279 - gpsd_manager - INFO - [Converter] GPSPrint: Returning parsed result
2026-08-20 22:12:55,233 - gpsd_manager - INFO - [Converter] GPSPrint: Parsed ZED data, has_gps_time=True
2026-08-20 22:12:55,234 - gpsd_manager - INFO - [Converter] GPSPrint: Returning parsed result
2026-08-20 22:12:56,484 - gpsd_manager - INFO - [Converter] GPSPrint: Parsed ZED data, has_gps_time=True
2026-08-20 22:12:56,484 - gpsd_manager - INFO - [Converter] GPSPrint: Returning parsed result
2026-08-20 22:12:57,443 - gpsd_manager - INFO - [Converter] GPSPrint: Parsed ZED data, has_gps_time=True
2026-08-20 22:12:57,443 - gpsd_manager - INFO - [Converter] GPSPrint: Returning parsed result
2026-08-20 22:12:58,295 - gpsd_manager - INFO - [Converter] GPSPrint: Parsed ZED data, has_gps_time=True
2026-08-20 22:12:58,295 - gpsd_manager - INFO - [Converter] GPSPrint: Returning parsed result
2026-08-20 22:12:59,245 - gpsd_manager - INFO - [Converter] GPSPrint: Parsed ZED data, has_gps_time=True
2026-08-20 22:12:59,245 - gpsd_manager - INFO - [Converter] GPSPrint: Returning parsed result
2026-08-20 22:13:00,576 - gpsd_manager - INFO - [Converter] GPSPrint: Parsed ZED data, has_gps_time=True
2026-08-20 22:13:00,576 - gpsd_manager - INFO - [Converter] GPSPrint: Returning parsed result
2026-08-20 22:13:01,521 - gpsd_manager - INFO - [Converter] GPSPrint: Parsed ZED data, has_gps_time=True
2026-08-20 22:13:01,521 - gpsd_manager - INFO - [Converter] GPSPrint: Returning parsed result
2026-08-20 22:13:02,375 - gpsd_manager - INFO - [Converter] GPSPrint: Parsed ZED data, has_gps_time=True
2026-08-20 22:13:02,375 - gpsd_manager - INFO - [Converter] GPSPrint: Returning parsed result
2026-08-20 22:13:03,238 - gpsd_manager - INFO - [Converter] GPSPrint: Parsed ZED data, has_gps_time=True
2026-08-20 22:13:03,238 - gpsd_manager - INFO - [Converter] GPSPrint: Returning parsed result
2026-08-20 22:13:04,391 - gpsd_manager - INFO - [Converter] GPSPrint: Parsed ZED data, has_gps_time=True
2026-08-20 22:13:04,391 - gpsd_manager - INFO - [Converter] GPSPrint: Returning parsed result
2026-08-20 22:13:05,444 - gpsd_manager - INFO - [Converter] GPSPrint: Parsed ZED data, has_gps_time=True
2026-08-20 22:13:05,444 - gpsd_manager - INFO - [Converter] GPSPrint: Returning parsed result
2026-08-20 22:13:06,499 - gpsd_manager - INFO - [Converter] GPSPrint: Parsed ZED data, has_gps_time=True
2026-08-20 22:13:06,499 - gpsd_manager - INFO - [Converter] GPSPrint: Returning parsed result
2026-08-20 22:13:07,249 - gpsd_manager - INFO - [Converter] GPSPrint: Parsed ZED data, has_gps_time=True
2026-08-20 22:13:07,249 - gpsd_manager - INFO - [Converter] GPSPrint: Returning parsed result
2026-08-20 22:13:08,308 - gpsd_manager - INFO - [Converter] GPSPrint: Parsed ZED data, has_gps_time=True
2026-08-20 22:13:08,308 - gpsd_manager - INFO - [Converter] GPSPrint: Returning parsed result
2026-08-20 22:13:09,461 - gpsd_manager - INFO - [Converter] GPSPrint: Parsed ZED data, has_gps_time=True
2026-08-20 22:13:09,462 - gpsd_manager - INFO - [Converter] GPSPrint: Returning parsed result
2026-08-20 22:13:10,415 - gpsd_manager - INFO - [Converter] GPSPrint: Parsed ZED data, has_gps_time=True
2026-08-20 22:13:10,415 - gpsd_manager - INFO - [Converter] GPSPrint: Returning parsed result
2026-08-20 22:14:09,004 - gpsd_manager - INFO - Setting parser_type to: gps_print
2026-08-20 22:14:09,006 - gpsd_manager - INFO - Parser type now: gps_print
2026-08-20 22:14:09,014 - gpsd_manager - INFO - Starting converter with parser_type=gps_print
2026-08-20 22:14:09,014 - gpsd_manager - INFO - Command: C:\Users\me\AppData\Local\Programs\Python\Python312\python.exe c:\Users\me\app-gpsd_manager\mcode_converter.py --port COM9 --baudrate 9600 --mode tcp --parser gps_print
2026-08-20 22:14:09,024 - gpsd_manager - INFO - Converter process started with PID 40928
2026-08-20 22:14:10,526 - gpsd_manager - INFO - Converter running on port 2948 for gps_print format
2026-08-20 22:14:10,526 - gpsd_manager - INFO - [Converter] Sent disable command: mcode atak disable
2026-08-20 22:14:10,527 - gpsd_manager - INFO - [Converter] Sent enable command: gps print enable
2026-08-20 22:14:10,527 - gpsd_manager - INFO - [Converter] TCP server listening on port 2948
2026-08-20 22:14:10,528 - gpsd_manager - INFO - [Converter] MCODE converter: reading from COM9, streaming NMEA via TCP port 2948
2026-08-20 22:14:10,528 - gpsd_manager - INFO - [Converter] GPSPrint: Parsed ZED data, has_gps_time=True
2026-08-20 22:14:10,528 - gpsd_manager - INFO - [Converter] GPSPrint: Returning parsed result
2026-08-20 22:14:11,053 - gpsd_manager - INFO - [Converter] GPSPrint: Parsed ZED data, has_gps_time=True
2026-08-20 22:14:11,053 - gpsd_manager - INFO - [Converter] GPSPrint: Returning parsed result
2026-08-20 22:14:12,185 - gpsd_manager - INFO - [Converter] GPSPrint: Parsed ZED data, has_gps_time=True
2026-08-20 22:14:12,186 - gpsd_manager - INFO - [Converter] GPSPrint: Returning parsed result
2026-08-20 22:14:13,238 - gpsd_manager - INFO - [Converter] GPSPrint: Parsed ZED data, has_gps_time=True
2026-08-20 22:14:13,239 - gpsd_manager - INFO - [Converter] GPSPrint: Returning parsed result
2026-08-20 22:14:14,489 - gpsd_manager - INFO - [Converter] GPSPrint: Parsed ZED data, has_gps_time=True
2026-08-20 22:14:14,489 - gpsd_manager - INFO - [Converter] GPSPrint: Returning parsed result
2026-08-20 22:14:15,438 - gpsd_manager - INFO - [Converter] GPSPrint: Parsed ZED data, has_gps_time=True
2026-08-20 22:14:15,438 - gpsd_manager - INFO - [Converter] GPSPrint: Returning parsed result
2026-08-20 22:14:16,297 - gpsd_manager - INFO - [Converter] GPSPrint: Parsed ZED data, has_gps_time=True
2026-08-20 22:14:16,297 - gpsd_manager - INFO - [Converter] GPSPrint: Returning parsed result
2026-08-20 22:14:17,256 - gpsd_manager - INFO - [Converter] GPSPrint: Parsed ZED data, has_gps_time=True
2026-08-20 22:14:17,256 - gpsd_manager - INFO - [Converter] GPSPrint: Returning parsed result
2026-08-20 22:14:18,402 - gpsd_manager - INFO - [Converter] GPSPrint: Parsed ZED data, has_gps_time=True
2026-08-20 22:14:18,402 - gpsd_manager - INFO - [Converter] GPSPrint: Returning parsed result
2026-08-20 22:14:20,054 - gpsd_manager - INFO - [Converter] GPSPrint: Parsed ZED data, has_gps_time=True
2026-08-20 22:14:20,054 - gpsd_manager - INFO - [Converter] GPSPrint: Returning parsed result
2026-08-20 22:14:21,108 - gpsd_manager - INFO - [Converter] GPSPrint: Parsed ZED data, has_gps_time=True
2026-08-20 22:14:21,108 - gpsd_manager - INFO - [Converter] GPSPrint: Returning parsed result
2026-08-20 22:14:23,158 - gpsd_manager - INFO - [Converter] GPSPrint: Parsed ZED data, has_gps_time=True
2026-08-20 22:14:23,159 - gpsd_manager - INFO - [Converter] GPSPrint: Returning parsed result
2026-08-20 22:14:25,214 - gpsd_manager - INFO - [Converter] GPSPrint: Parsed ZED data, has_gps_time=True
2026-08-20 22:14:25,214 - gpsd_manager - INFO - [Converter] GPSPrint: Returning parsed result
2026-08-20 22:14:26,228 - gpsd_manager - INFO - [Converter] GPSPrint: Parsed ZED data, has_gps_time=True
2026-08-20 22:14:26,228 - gpsd_manager - INFO - [Converter] GPSPrint: Returning parsed result
2026-08-20 22:14:27,291 - gpsd_manager - INFO - [Converter] GPSPrint: Parsed ZED data, has_gps_time=True
2026-08-20 22:14:27,292 - gpsd_manager - INFO - [Converter] GPSPrint: Returning parsed result
2026-08-20 22:14:28,214 - gpsd_manager - INFO - [Converter] GPSPrint: Parsed ZED data, has_gps_time=True
2026-08-20 22:14:28,214 - gpsd_manager - INFO - [Converter] GPSPrint: Returning parsed result
2026-08-20 22:14:29,261 - gpsd_manager - INFO - [Converter] GPSPrint: Parsed ZED data, has_gps_time=True
2026-08-20 22:14:29,262 - gpsd_manager - INFO - [Converter] GPSPrint: Returning parsed result
2026-08-20 22:14:31,218 - gpsd_manager - INFO - [Converter] GPSPrint: Parsed ZED data, has_gps_time=True
2026-08-20 22:14:31,218 - gpsd_manager - INFO - [Converter] GPSPrint: Returning parsed result
2026-08-20 22:14:32,070 - gpsd_manager - INFO - [Converter] GPSPrint: Parsed ZED data, has_gps_time=True
2026-08-20 22:14:32,070 - gpsd_manager - INFO - [Converter] GPSPrint: Returning parsed result
2026-08-20 22:14:33,194 - gpsd_manager - INFO - [Converter] GPSPrint: Parsed ZED data, has_gps_time=True
2026-08-20 22:14:33,194 - gpsd_manager - INFO - [Converter] GPSPrint: Returning parsed result
2026-08-20 22:14:34,147 - gpsd_manager - INFO - [Converter] GPSPrint: Parsed ZED data, has_gps_time=True
2026-08-20 22:14:34,147 - gpsd_manager - INFO - [Converter] GPSPrint: Returning parsed result
2026-08-20 22:14:35,271 - gpsd_manager - INFO - [Converter] GPSPrint: Parsed ZED data, has_gps_time=True
2026-08-20 22:14:35,272 - gpsd_manager - INFO - [Converter] GPSPrint: Returning parsed result
2026-08-20 22:14:36,224 - gpsd_manager - INFO - [Converter] GPSPrint: Parsed ZED data, has_gps_time=True
2026-08-20 22:14:36,224 - gpsd_manager - INFO - [Converter] GPSPrint: Returning parsed result
2026-08-20 22:15:23,916 - gpsd_manager - INFO - Setting parser_type to: gps_print
2026-08-20 22:15:23,917 - gpsd_manager - INFO - Parser type now: gps_print
2026-08-20 22:15:23,925 - gpsd_manager - INFO - Starting converter with parser_type=gps_print
2026-08-20 22:15:23,925 - gpsd_manager - INFO - Command: C:\Users\me\AppData\Local\Programs\Python\Python312\python.exe c:\Users\me\app-gpsd_manager\mcode_converter.py --port COM9 --baudrate 9600 --mode tcp --parser gps_print
2026-08-20 22:15:23,937 - gpsd_manager - INFO - Converter process started with PID 57176
2026-08-20 22:15:25,439 - gpsd_manager - INFO - Converter running on port 2948 for gps_print format
2026-08-20 22:15:25,440 - gpsd_manager - INFO - [Converter] Sent disable command: mcode atak disable
2026-08-20 22:15:25,441 - gpsd_manager - INFO - [Converter] Sent enable command: gps print enable
2026-08-20 22:15:25,441 - gpsd_manager - INFO - [Converter] TCP server listening on port 2948
2026-08-20 22:15:25,442 - gpsd_manager - INFO - [Converter] MCODE converter: reading from COM9, streaming NMEA via TCP port 2948
2026-08-20 22:15:25,443 - gpsd_manager - INFO - [Converter] GPSPrint: Parsed ZED data, has_gps_time=True
2026-08-20 22:15:25,443 - gpsd_manager - INFO - [Converter] GPSPrint: Returning parsed result
2026-08-20 22:15:26,229 - gpsd_manager - INFO - [Converter] GPSPrint: Parsed ZED data, has_gps_time=True
2026-08-20 22:15:26,229 - gpsd_manager - INFO - [Converter] GPSPrint: Returning parsed result
2026-08-20 22:15:27,277 - gpsd_manager - INFO - [Converter] GPSPrint: Parsed ZED data, has_gps_time=True
2026-08-20 22:15:27,277 - gpsd_manager - INFO - [Converter] GPSPrint: Returning parsed result
2026-08-20 22:15:28,437 - gpsd_manager - INFO - [Converter] GPSPrint: Parsed ZED data, has_gps_time=True
2026-08-20 22:15:28,438 - gpsd_manager - INFO - [Converter] GPSPrint: Returning parsed result
2026-08-20 22:15:29,490 - gpsd_manager - INFO - [Converter] GPSPrint: Parsed ZED data, has_gps_time=True
2026-08-20 22:15:29,490 - gpsd_manager - INFO - [Converter] GPSPrint: Returning parsed result
2026-08-20 22:15:30,241 - gpsd_manager - INFO - [Converter] GPSPrint: Parsed ZED data, has_gps_time=True
2026-08-20 22:15:30,241 - gpsd_manager - INFO - [Converter] GPSPrint: Returning parsed result
2026-08-20 22:15:31,292 - gpsd_manager - INFO - [Converter] GPSPrint: Parsed ZED data, has_gps_time=True
2026-08-20 22:15:31,292 - gpsd_manager - INFO - [Converter] GPSPrint: Returning parsed result
2026-08-20 22:15:32,221 - gpsd_manager - INFO - [Converter] GPSPrint: Parsed ZED data, has_gps_time=True
2026-08-20 22:15:32,222 - gpsd_manager - INFO - [Converter] GPSPrint: Returning parsed result
2026-08-20 22:15:33,273 - gpsd_manager - INFO - [Converter] GPSPrint: Parsed ZED data, has_gps_time=True
2026-08-20 22:15:33,273 - gpsd_manager - INFO - [Converter] GPSPrint: Returning parsed result
2026-08-20 22:15:34,332 - gpsd_manager - INFO - [Converter] GPSPrint: Parsed ZED data, has_gps_time=True
2026-08-20 22:15:34,332 - gpsd_manager - INFO - [Converter] GPSPrint: Returning parsed result
2026-08-20 22:15:35,379 - gpsd_manager - INFO - [Converter] GPSPrint: Parsed ZED data, has_gps_time=True
2026-08-20 22:15:35,379 - gpsd_manager - INFO - [Converter] GPSPrint: Returning parsed result
2026-08-20 22:15:36,434 - gpsd_manager - INFO - [Converter] GPSPrint: Parsed ZED data, has_gps_time=True
2026-08-20 22:15:36,434 - gpsd_manager - INFO - [Converter] GPSPrint: Returning parsed result
2026-08-20 22:15:38,083 - gpsd_manager - INFO - [Converter] GPSPrint: Parsed ZED data, has_gps_time=True
2026-08-20 22:15:38,083 - gpsd_manager - INFO - [Converter] GPSPrint: Returning parsed result
2026-08-20 22:15:39,214 - gpsd_manager - INFO - [Converter] GPSPrint: Parsed ZED data, has_gps_time=True
2026-08-20 22:15:39,214 - gpsd_manager - INFO - [Converter] GPSPrint: Returning parsed result
2026-08-20 22:15:40,161 - gpsd_manager - INFO - [Converter] GPSPrint: Parsed ZED data, has_gps_time=True
2026-08-20 22:15:40,162 - gpsd_manager - INFO - [Converter] GPSPrint: Returning parsed result
2026-08-20 22:15:41,423 - gpsd_manager - INFO - [Converter] GPSPrint: Parsed ZED data, has_gps_time=True
2026-08-20 22:15:41,423 - gpsd_manager - INFO - [Converter] GPSPrint: Returning parsed result
2026-08-20 22:15:42,472 - gpsd_manager - INFO - [Converter] GPSPrint: Parsed ZED data, has_gps_time=True
2026-08-20 22:15:42,472 - gpsd_manager - INFO - [Converter] GPSPrint: Returning parsed result
2026-08-20 22:15:43,327 - gpsd_manager - INFO - [Converter] GPSPrint: Parsed ZED data, has_gps_time=True
2026-08-20 22:15:43,327 - gpsd_manager - INFO - [Converter] GPSPrint: Returning parsed result
2026-08-20 22:15:44,285 - gpsd_manager - INFO - [Converter] GPSPrint: Parsed ZED data, has_gps_time=True
2026-08-20 22:15:44,285 - gpsd_manager - INFO - [Converter] GPSPrint: Returning parsed result
2026-08-20 22:15:45,439 - gpsd_manager - INFO - [Converter] GPSPrint: Parsed ZED data, has_gps_time=True
2026-08-20 22:15:45,440 - gpsd_manager - INFO - [Converter] GPSPrint: Returning parsed result
2026-08-20 22:15:46,491 - gpsd_manager - INFO - [Converter] GPSPrint: Parsed ZED data, has_gps_time=True
2026-08-20 22:15:46,492 - gpsd_manager - INFO - [Converter] GPSPrint: Returning parsed result
2026-08-20 22:15:47,242 - gpsd_manager - INFO - [Converter] GPSPrint: Parsed ZED data, has_gps_time=True
2026-08-20 22:15:47,242 - gpsd_manager - INFO - [Converter] GPSPrint: Returning parsed result
2026-08-20 22:15:48,167 - gpsd_manager - INFO - [Converter] GPSPrint: Parsed ZED data, has_gps_time=True
2026-08-20 22:15:48,167 - gpsd_manager - INFO - [Converter] GPSPrint: Returning parsed result
2026-08-20 22:15:49,322 - gpsd_manager - INFO - [Converter] GPSPrint: Parsed ZED data, has_gps_time=True
2026-08-20 22:15:49,322 - gpsd_manager - INFO - [Converter] GPSPrint: Returning parsed result
2026-08-20 22:15:50,478 - gpsd_manager - INFO - [Converter] GPSPrint: Parsed ZED data, has_gps_time=True
2026-08-20 22:15:50,478 - gpsd_manager - INFO - [Converter] GPSPrint: Returning parsed result
2026-08-20 22:15:51,437 - gpsd_manager - INFO - [Converter] GPSPrint: Parsed ZED data, has_gps_time=True
2026-08-20 22:15:51,437 - gpsd_manager - INFO - [Converter] GPSPrint: Returning parsed result
2026-08-20 22:15:52,184 - gpsd_manager - INFO - [Converter] GPSPrint: Parsed ZED data, has_gps_time=True
2026-08-20 22:15:52,184 - gpsd_manager - INFO - [Converter] GPSPrint: Returning parsed result
2026-08-20 22:15:53,338 - gpsd_manager - INFO - [Converter] GPSPrint: Parsed ZED data, has_gps_time=True
2026-08-20 22:15:53,338 - gpsd_manager - INFO - [Converter] GPSPrint: Returning parsed result
2026-08-20 22:15:54,396 - gpsd_manager - INFO - [Converter] GPSPrint: Parsed ZED data, has_gps_time=True
2026-08-20 22:15:54,396 - gpsd_manager - INFO - [Converter] GPSPrint: Returning parsed result
2026-08-20 22:15:55,453 - gpsd_manager - INFO - [Converter] GPSPrint: Parsed ZED data, has_gps_time=True
2026-08-20 22:15:55,453 - gpsd_manager - INFO - [Converter] GPSPrint: Returning parsed result
2026-08-20 22:15:56,303 - gpsd_manager - INFO - [Converter] GPSPrint: Parsed ZED data, has_gps_time=True
2026-08-20 22:15:56,303 - gpsd_manager - INFO - [Converter] GPSPrint: Returning parsed result
2026-08-20 22:15:57,258 - gpsd_manager - INFO - [Converter] GPSPrint: Parsed ZED data, has_gps_time=True
2026-08-20 22:15:57,258 - gpsd_manager - INFO - [Converter] GPSPrint: Returning parsed result
2026-08-20 22:15:58,417 - gpsd_manager - INFO - [Converter] GPSPrint: Parsed ZED data, has_gps_time=True
2026-08-20 22:15:58,417 - gpsd_manager - INFO - [Converter] GPSPrint: Returning parsed result
2026-08-20 22:15:59,473 - gpsd_manager - INFO - [Converter] GPSPrint: Parsed ZED data, has_gps_time=True
2026-08-20 22:15:59,473 - gpsd_manager - INFO - [Converter] GPSPrint: Returning parsed result
2026-08-20 22:16:00,220 - gpsd_manager - INFO - [Converter] GPSPrint: Parsed ZED data, has_gps_time=True
2026-08-20 22:16:00,220 - gpsd_manager - INFO - [Converter] GPSPrint: Returning parsed result
2026-08-20 22:16:01,275 - gpsd_manager - INFO - [Converter] GPSPrint: Parsed ZED data, has_gps_time=True
2026-08-20 22:16:01,276 - gpsd_manager - INFO - [Converter] GPSPrint: Returning parsed result
2026-08-20 22:16:02,428 - gpsd_manager - INFO - [Converter] GPSPrint: Parsed ZED data, has_gps_time=True
2026-08-20 22:16:02,428 - gpsd_manager - INFO - [Converter] GPSPrint: Returning parsed result
2026-08-20 22:16:03,491 - gpsd_manager - INFO - [Converter] GPSPrint: Parsed ZED data, has_gps_time=True
2026-08-20 22:16:03,491 - gpsd_manager - INFO - [Converter] GPSPrint: Returning parsed result
2026-08-20 22:16:04,245 - gpsd_manager - INFO - [Converter] GPSPrint: Parsed ZED data, has_gps_time=True
2026-08-20 22:16:04,245 - gpsd_manager - INFO - [Converter] GPSPrint: Returning parsed result
2026-08-20 22:16:05,302 - gpsd_manager - INFO - [Converter] GPSPrint: Parsed ZED data, has_gps_time=True
2026-08-20 22:16:05,302 - gpsd_manager - INFO - [Converter] GPSPrint: Returning parsed result
2026-08-20 22:16:06,454 - gpsd_manager - INFO - [Converter] GPSPrint: Parsed ZED data, has_gps_time=True
2026-08-20 22:16:06,455 - gpsd_manager - INFO - [Converter] GPSPrint: Returning parsed result
2026-08-20 22:16:07,506 - gpsd_manager - INFO - [Converter] GPSPrint: Parsed ZED data, has_gps_time=True
2026-08-20 22:16:07,506 - gpsd_manager - INFO - [Converter] GPSPrint: Returning parsed result
2026-08-20 22:16:08,264 - gpsd_manager - INFO - [Converter] GPSPrint: Parsed ZED data, has_gps_time=True
2026-08-20 22:16:08,264 - gpsd_manager - INFO - [Converter] GPSPrint: Returning parsed result
2026-08-20 22:16:09,317 - gpsd_manager - INFO - [Converter] GPSPrint: Parsed ZED data, has_gps_time=True
2026-08-20 22:16:09,317 - gpsd_manager - INFO - [Converter] GPSPrint: Returning parsed result
2026-08-20 22:16:10,465 - gpsd_manager - INFO - [Converter] GPSPrint: Parsed ZED data, has_gps_time=True
2026-08-20 22:16:10,465 - gpsd_manager - INFO - [Converter] GPSPrint: Returning parsed result
2026-08-20 22:16:11,420 - gpsd_manager - INFO - [Converter] GPSPrint: Parsed ZED data, has_gps_time=True
2026-08-20 22:16:11,421 - gpsd_manager - INFO - [Converter] GPSPrint: Returning parsed result
2026-08-20 22:16:12,278 - gpsd_manager - INFO - [Converter] GPSPrint: Parsed ZED data, has_gps_time=True
2026-08-20 22:16:12,278 - gpsd_manager - INFO - [Converter] GPSPrint: Returning parsed result
2026-08-20 22:16:13,206 - gpsd_manager - INFO - [Converter] GPSPrint: Parsed ZED data, has_gps_time=True
2026-08-20 22:16:13,206 - gpsd_manager - INFO - [Converter] GPSPrint: Returning parsed result
2026-08-20 22:16:14,155 - gpsd_manager - INFO - [Converter] GPSPrint: Parsed ZED data, has_gps_time=True
2026-08-20 22:16:14,155 - gpsd_manager - INFO - [Converter] GPSPrint: Returning parsed result
2026-08-20 22:16:15,288 - gpsd_manager - INFO - [Converter] GPSPrint: Parsed ZED data, has_gps_time=True
2026-08-20 22:16:15,288 - gpsd_manager - INFO - [Converter] GPSPrint: Returning parsed result
2026-08-20 22:16:16,235 - gpsd_manager - INFO - [Converter] GPSPrint: Parsed ZED data, has_gps_time=True
2026-08-20 22:16:16,235 - gpsd_manager - INFO - [Converter] GPSPrint: Returning parsed result
2026-08-20 22:16:17,098 - gpsd_manager - INFO - [Converter] GPSPrint: Parsed ZED data, has_gps_time=True
2026-08-20 22:16:17,098 - gpsd_manager - INFO - [Converter] GPSPrint: Returning parsed result
2026-08-20 22:16:17,923 - gpsd_manager - INFO - [Converter] GPSPrint: Parsed ZED data, has_gps_time=True
2026-08-20 22:16:17,923 - gpsd_manager - INFO - [Converter] GPSPrint: Returning parsed result
2026-08-20 22:16:19,143 - gpsd_manager - INFO - [Converter] GPSPrint: Parsed ZED data, has_gps_time=True
2026-08-20 22:16:19,143 - gpsd_manager - INFO - [Converter] GPSPrint: Returning parsed result
2026-08-20 22:16:20,199 - gpsd_manager - INFO - [Converter] GPSPrint: Parsed ZED data, has_gps_time=True
2026-08-20 22:16:20,199 - gpsd_manager - INFO - [Converter] GPSPrint: Returning parsed result
2026-08-20 22:16:21,449 - gpsd_manager - INFO - [Converter] GPSPrint: Parsed ZED data, has_gps_time=True
2026-08-20 22:16:21,450 - gpsd_manager - INFO - [Converter] GPSPrint: Returning parsed result
2026-08-20 22:16:22,405 - gpsd_manager - INFO - [Converter] GPSPrint: Parsed ZED data, has_gps_time=True
2026-08-20 22:16:22,405 - gpsd_manager - INFO - [Converter] GPSPrint: Returning parsed result
2026-08-20 22:16:23,258 - gpsd_manager - INFO - [Converter] GPSPrint: Parsed ZED data, has_gps_time=True
2026-08-20 22:16:23,258 - gpsd_manager - INFO - [Converter] GPSPrint: Returning parsed result
2026-08-20 22:16:24,311 - gpsd_manager - INFO - [Converter] GPSPrint: Parsed ZED data, has_gps_time=True
2026-08-20 22:16:24,312 - gpsd_manager - INFO - [Converter] GPSPrint: Returning parsed result
2026-08-20 22:16:25,469 - gpsd_manager - INFO - [Converter] GPSPrint: Parsed ZED data, has_gps_time=True
2026-08-20 22:16:25,469 - gpsd_manager - INFO - [Converter] GPSPrint: Returning parsed result
2026-08-20 22:16:26,517 - gpsd_manager - INFO - [Converter] GPSPrint: Parsed ZED data, has_gps_time=True
2026-08-20 22:16:26,517 - gpsd_manager - INFO - [Converter] GPSPrint: Returning parsed result
2026-08-20 22:16:27,280 - gpsd_manager - INFO - [Converter] GPSPrint: Parsed ZED data, has_gps_time=True
2026-08-20 22:16:27,280 - gpsd_manager - INFO - [Converter] GPSPrint: Returning parsed result
2026-08-20 22:16:28,337 - gpsd_manager - INFO - [Converter] GPSPrint: Parsed ZED data, has_gps_time=True
2026-08-20 22:16:28,337 - gpsd_manager - INFO - [Converter] GPSPrint: Returning parsed result
2026-08-20 22:16:29,382 - gpsd_manager - INFO - [Converter] GPSPrint: Parsed ZED data, has_gps_time=True
2026-08-20 22:16:29,382 - gpsd_manager - INFO - [Converter] GPSPrint: Returning parsed result
2026-08-20 22:16:30,444 - gpsd_manager - INFO - [Converter] GPSPrint: Parsed ZED data, has_gps_time=True
2026-08-20 22:16:30,445 - gpsd_manager - INFO - [Converter] GPSPrint: Returning parsed result
2026-08-20 22:16:31,296 - gpsd_manager - INFO - [Converter] GPSPrint: Parsed ZED data, has_gps_time=True
2026-08-20 22:16:31,296 - gpsd_manager - INFO - [Converter] GPSPrint: Returning parsed result
2026-08-20 22:16:32,351 - gpsd_manager - INFO - [Converter] GPSPrint: Parsed ZED data, has_gps_time=True
2026-08-20 22:16:32,351 - gpsd_manager - INFO - [Converter] GPSPrint: Returning parsed result
2026-08-20 22:16:33,402 - gpsd_manager - INFO - [Converter] GPSPrint: Parsed ZED data, has_gps_time=True
2026-08-20 22:16:33,402 - gpsd_manager - INFO - [Converter] GPSPrint: Returning parsed result
2026-08-20 22:16:34,461 - gpsd_manager - INFO - [Converter] GPSPrint: Parsed ZED data, has_gps_time=True
2026-08-20 22:16:34,462 - gpsd_manager - INFO - [Converter] GPSPrint: Returning parsed result
2026-08-20 22:16:35,317 - gpsd_manager - INFO - [Converter] GPSPrint: Parsed ZED data, has_gps_time=True
2026-08-20 22:16:35,317 - gpsd_manager - INFO - [Converter] GPSPrint: Returning parsed result
2026-08-20 22:16:36,266 - gpsd_manager - INFO - [Converter] GPSPrint: Parsed ZED data, has_gps_time=True
2026-08-20 22:16:36,266 - gpsd_manager - INFO - [Converter] GPSPrint: Returning parsed result
2026-08-20 22:16:37,417 - gpsd_manager - INFO - [Converter] GPSPrint: Parsed ZED data, has_gps_time=True
2026-08-20 22:16:37,417 - gpsd_manager - INFO - [Converter] GPSPrint: Returning parsed result
2026-08-20 22:16:38,969 - gpsd_manager - INFO - [Converter] GPSPrint: Parsed ZED data, has_gps_time=True
2026-08-20 22:16:38,970 - gpsd_manager - INFO - [Converter] GPSPrint: Returning parsed result
2026-08-20 22:16:40,025 - gpsd_manager - INFO - [Converter] GPSPrint: Parsed ZED data, has_gps_time=True
2026-08-20 22:16:40,025 - gpsd_manager - INFO - [Converter] GPSPrint: Returning parsed result
2026-08-20 22:16:41,183 - gpsd_manager - INFO - [Converter] GPSPrint: Parsed ZED data, has_gps_time=True
2026-08-20 22:16:41,183 - gpsd_manager - INFO - [Converter] GPSPrint: Returning parsed result
2026-08-20 22:16:43,000 - gpsd_manager - INFO - [Converter] GPSPrint: Parsed ZED data, has_gps_time=True
2026-08-20 22:16:43,001 - gpsd_manager - INFO - [Converter] GPSPrint: Returning parsed result
2026-08-20 22:16:44,128 - gpsd_manager - INFO - [Converter] GPSPrint: Parsed ZED data, has_gps_time=True
2026-08-20 22:16:44,128 - gpsd_manager - INFO - [Converter] GPSPrint: Returning parsed result
2026-08-20 22:16:45,277 - gpsd_manager - INFO - [Converter] GPSPrint: Parsed ZED data, has_gps_time=True
2026-08-20 22:16:45,277 - gpsd_manager - INFO - [Converter] GPSPrint: Returning parsed result
2026-08-20 22:16:46,432 - gpsd_manager - INFO - [Converter] GPSPrint: Parsed ZED data, has_gps_time=True
2026-08-20 22:16:46,432 - gpsd_manager - INFO - [Converter] GPSPrint: Returning parsed result
2026-08-20 22:16:47,485 - gpsd_manager - INFO - [Converter] GPSPrint: Parsed ZED data, has_gps_time=True
2026-08-20 22:16:47,485 - gpsd_manager - INFO - [Converter] GPSPrint: Returning parsed result
2026-08-20 22:16:48,344 - gpsd_manager - INFO - [Converter] GPSPrint: Parsed ZED data, has_gps_time=True
2026-08-20 22:16:48,344 - gpsd_manager - INFO - [Converter] GPSPrint: Returning parsed result
2026-08-20 22:16:49,294 - gpsd_manager - INFO - [Converter] GPSPrint: Parsed ZED data, has_gps_time=True
2026-08-20 22:16:49,295 - gpsd_manager - INFO - [Converter] GPSPrint: Returning parsed result
2026-08-20 22:16:51,246 - gpsd_manager - INFO - [Converter] GPSPrint: Parsed ZED data, has_gps_time=True
2026-08-20 22:16:51,246 - gpsd_manager - INFO - [Converter] GPSPrint: Returning parsed result
2026-08-20 22:16:51,997 - gpsd_manager - INFO - [Converter] GPSPrint: Parsed ZED data, has_gps_time=True
2026-08-20 22:16:51,997 - gpsd_manager - INFO - [Converter] GPSPrint: Returning parsed result
2026-08-20 22:16:55,243 - gpsd_manager - INFO - [Converter] GPSPrint: Parsed ZED data, has_gps_time=True
2026-08-20 22:16:55,243 - gpsd_manager - INFO - [Converter] GPSPrint: Returning parsed result
2026-08-20 22:16:56,396 - gpsd_manager - INFO - [Converter] GPSPrint: Parsed ZED data, has_gps_time=True
2026-08-20 22:16:56,396 - gpsd_manager - INFO - [Converter] GPSPrint: Returning parsed result
2026-08-20 22:16:57,448 - gpsd_manager - INFO - [Converter] GPSPrint: Parsed ZED data, has_gps_time=True
2026-08-20 22:16:57,448 - gpsd_manager - INFO - [Converter] GPSPrint: Returning parsed result
2026-08-20 22:16:59,000 - gpsd_manager - INFO - [Converter] GPSPrint: Parsed ZED data, has_gps_time=True
2026-08-20 22:16:59,000 - gpsd_manager - INFO - [Converter] GPSPrint: Returning parsed result
2026-08-20 22:17:00,224 - gpsd_manager - INFO - [Converter] GPSPrint: Parsed ZED data, has_gps_time=True
2026-08-20 22:17:00,224 - gpsd_manager - INFO - [Converter] GPSPrint: Returning parsed result
2026-08-20 22:17:01,276 - gpsd_manager - INFO - [Converter] GPSPrint: Parsed ZED data, has_gps_time=True
2026-08-20 22:17:01,276 - gpsd_manager - INFO - [Converter] GPSPrint: Returning parsed result
2026-08-20 22:17:02,439 - gpsd_manager - INFO - [Converter] GPSPrint: Parsed ZED data, has_gps_time=True
2026-08-20 22:17:02,439 - gpsd_manager - INFO - [Converter] GPSPrint: Returning parsed result
2026-08-20 22:17:03,490 - gpsd_manager - INFO - [Converter] GPSPrint: Parsed ZED data, has_gps_time=True
2026-08-20 22:17:03,491 - gpsd_manager - INFO - [Converter] GPSPrint: Returning parsed result
2026-08-20 22:17:04,348 - gpsd_manager - INFO - [Converter] GPSPrint: Parsed ZED data, has_gps_time=True
2026-08-20 22:17:04,349 - gpsd_manager - INFO - [Converter] GPSPrint: Returning parsed result
2026-08-20 22:17:05,195 - gpsd_manager - INFO - [Converter] GPSPrint: Parsed ZED data, has_gps_time=True
2026-08-20 22:17:05,195 - gpsd_manager - INFO - [Converter] GPSPrint: Returning parsed result
2026-08-20 22:17:06,223 - gpsd_manager - INFO - [Converter] GPSPrint: Parsed ZED data, has_gps_time=True
2026-08-20 22:17:06,223 - gpsd_manager - INFO - [Converter] GPSPrint: Returning parsed result
2026-08-20 22:17:07,174 - gpsd_manager - INFO - [Converter] GPSPrint: Parsed ZED data, has_gps_time=True
2026-08-20 22:17:07,174 - gpsd_manager - INFO - [Converter] GPSPrint: Returning parsed result
2026-08-20 22:17:09,228 - gpsd_manager - INFO - [Converter] GPSPrint: Parsed ZED data, has_gps_time=True
2026-08-20 22:17:09,228 - gpsd_manager - INFO - [Converter] GPSPrint: Returning parsed result
2026-08-20 22:17:09,985 - gpsd_manager - INFO - [Converter] GPSPrint: Parsed ZED data, has_gps_time=True
2026-08-20 22:17:09,985 - gpsd_manager - INFO - [Converter] GPSPrint: Returning parsed result
2026-08-20 22:17:11,136 - gpsd_manager - INFO - [Converter] GPSPrint: Parsed ZED data, has_gps_time=True
2026-08-20 22:17:11,138 - gpsd_manager - INFO - [Converter] GPSPrint: Returning parsed result
2026-08-20 22:17:12,188 - gpsd_manager - INFO - [Converter] GPSPrint: Parsed ZED data, has_gps_time=True
2026-08-20 22:17:12,188 - gpsd_manager - INFO - [Converter] GPSPrint: Returning parsed result
2026-08-20 22:17:13,217 - gpsd_manager - INFO - [Converter] GPSPrint: Parsed ZED data, has_gps_time=True
2026-08-20 22:17:13,217 - gpsd_manager - INFO - [Converter] GPSPrint: Returning parsed result
2026-08-20 22:17:14,264 - gpsd_manager - INFO - [Converter] GPSPrint: Parsed ZED data, has_gps_time=True
2026-08-20 22:17:14,266 - gpsd_manager - INFO - [Converter] GPSPrint: Returning parsed result
2026-08-20 22:17:16,219 - gpsd_manager - INFO - [Converter] GPSPrint: Parsed ZED data, has_gps_time=True
2026-08-20 22:17:16,219 - gpsd_manager - INFO - [Converter] GPSPrint: Returning parsed result
2026-08-20 22:17:16,971 - gpsd_manager - INFO - [Converter] GPSPrint: Parsed ZED data, has_gps_time=True
2026-08-20 22:17:16,971 - gpsd_manager - INFO - [Converter] GPSPrint: Returning parsed result
2026-08-20 22:17:18,198 - gpsd_manager - INFO - [Converter] GPSPrint: Parsed ZED data, has_gps_time=True
2026-08-20 22:17:18,198 - gpsd_manager - INFO - [Converter] GPSPrint: Returning parsed result
2026-08-20 22:17:19,145 - gpsd_manager - INFO - [Converter] GPSPrint: Parsed ZED data, has_gps_time=True
2026-08-20 22:17:19,145 - gpsd_manager - INFO - [Converter] GPSPrint: Returning parsed result
2026-08-20 22:17:20,300 - gpsd_manager - INFO - [Converter] GPSPrint: Parsed ZED data, has_gps_time=True
2026-08-20 22:17:20,300 - gpsd_manager - INFO - [Converter] GPSPrint: Returning parsed result
2026-08-20 22:17:21,352 - gpsd_manager - INFO - [Converter] GPSPrint: Parsed ZED data, has_gps_time=True
2026-08-20 22:17:21,352 - gpsd_manager - INFO - [Converter] GPSPrint: Returning parsed result
2026-08-20 22:17:22,409 - gpsd_manager - INFO - [Converter] GPSPrint: Parsed ZED data, has_gps_time=True
2026-08-20 22:17:22,409 - gpsd_manager - INFO - [Converter] GPSPrint: Returning parsed result
2026-08-20 22:17:23,237 - gpsd_manager - INFO - [Converter] GPSPrint: Parsed ZED data, has_gps_time=True
2026-08-20 22:17:23,237 - gpsd_manager - INFO - [Converter] GPSPrint: Returning parsed result
2026-08-20 22:17:23,993 - gpsd_manager - INFO - [Converter] GPSPrint: Parsed ZED data, has_gps_time=True
2026-08-20 22:17:23,993 - gpsd_manager - INFO - [Converter] GPSPrint: Returning parsed result
2026-08-20 22:17:25,219 - gpsd_manager - INFO - [Converter] GPSPrint: Parsed ZED data, has_gps_time=True
2026-08-20 22:17:25,219 - gpsd_manager - INFO - [Converter] GPSPrint: Returning parsed result
2026-08-20 22:17:26,172 - gpsd_manager - INFO - [Converter] GPSPrint: Parsed ZED data, has_gps_time=True
2026-08-20 22:17:26,172 - gpsd_manager - INFO - [Converter] GPSPrint: Returning parsed result
2026-08-20 22:17:28,217 - gpsd_manager - INFO - [Converter] GPSPrint: Parsed ZED data, has_gps_time=True
2026-08-20 22:17:28,217 - gpsd_manager - INFO - [Converter] GPSPrint: Returning parsed result
2026-08-20 22:17:29,170 - gpsd_manager - INFO - [Converter] GPSPrint: Parsed ZED data, has_gps_time=True
2026-08-20 22:17:29,170 - gpsd_manager - INFO - [Converter] GPSPrint: Returning parsed result
2026-08-20 22:17:30,124 - gpsd_manager - INFO - [Converter] GPSPrint: Parsed ZED data, has_gps_time=True
2026-08-20 22:17:30,124 - gpsd_manager - INFO - [Converter] GPSPrint: Returning parsed result
2026-08-20 22:17:31,251 - gpsd_manager - INFO - [Converter] GPSPrint: Parsed ZED data, has_gps_time=True
2026-08-20 22:17:31,252 - gpsd_manager - INFO - [Converter] GPSPrint: Returning parsed result
2026-08-20 22:17:33,298 - gpsd_manager - INFO - [Converter] GPSPrint: Parsed ZED data, has_gps_time=True
2026-08-20 22:17:33,298 - gpsd_manager - INFO - [Converter] GPSPrint: Returning parsed result
2026-08-20 22:17:34,454 - gpsd_manager - INFO - [Converter] GPSPrint: Parsed ZED data, has_gps_time=True
2026-08-20 22:17:34,454 - gpsd_manager - INFO - [Converter] GPSPrint: Returning parsed result
2026-08-20 22:17:35,700 - gpsd_manager - INFO - [Converter] GPSPrint: Parsed ZED data, has_gps_time=True
2026-08-20 22:17:35,700 - gpsd_manager - INFO - [Converter] GPSPrint: Returning parsed result
2026-08-20 22:17:36,859 - gpsd_manager - INFO - [Converter] GPSPrint: Parsed ZED data, has_gps_time=True
2026-08-20 22:17:36,860 - gpsd_manager - INFO - [Converter] GPSPrint: Returning parsed result
2026-08-20 22:17:37,878 - gpsd_manager - INFO - [Converter] GPSPrint: Parsed ZED data, has_gps_time=True
2026-08-20 22:17:37,878 - gpsd_manager - INFO - [Converter] GPSPrint: Returning parsed result
2026-08-20 22:17:39,002 - gpsd_manager - INFO - [Converter] GPSPrint: Parsed ZED data, has_gps_time=True
2026-08-20 22:17:39,002 - gpsd_manager - INFO - [Converter] GPSPrint: Returning parsed result
2026-08-20 22:17:41,149 - gpsd_manager - INFO - [Converter] GPSPrint: Parsed ZED data, has_gps_time=True
2026-08-20 22:17:41,149 - gpsd_manager - INFO - [Converter] GPSPrint: Returning parsed result
2026-08-20 22:17:42,280 - gpsd_manager - INFO - [Converter] GPSPrint: Parsed ZED data, has_gps_time=True
2026-08-20 22:17:42,280 - gpsd_manager - INFO - [Converter] GPSPrint: Returning parsed result
2026-08-20 22:17:43,332 - gpsd_manager - INFO - [Converter] GPSPrint: Parsed ZED data, has_gps_time=True
2026-08-20 22:17:43,332 - gpsd_manager - INFO - [Converter] GPSPrint: Returning parsed result
2026-08-20 22:17:44,252 - gpsd_manager - INFO - [Converter] GPSPrint: Parsed ZED data, has_gps_time=True
2026-08-20 22:17:44,252 - gpsd_manager - INFO - [Converter] GPSPrint: Returning parsed result
2026-08-20 22:17:45,308 - gpsd_manager - INFO - [Converter] GPSPrint: Parsed ZED data, has_gps_time=True
2026-08-20 22:17:45,308 - gpsd_manager - INFO - [Converter] GPSPrint: Returning parsed result
2026-08-20 22:17:46,358 - gpsd_manager - INFO - [Converter] GPSPrint: Parsed ZED data, has_gps_time=True
2026-08-20 22:17:46,358 - gpsd_manager - INFO - [Converter] GPSPrint: Returning parsed result
2026-08-20 22:17:47,412 - gpsd_manager - INFO - [Converter] GPSPrint: Parsed ZED data, has_gps_time=True
2026-08-20 22:17:47,413 - gpsd_manager - INFO - [Converter] GPSPrint: Returning parsed result
2026-08-20 22:17:48,267 - gpsd_manager - INFO - [Converter] GPSPrint: Parsed ZED data, has_gps_time=True
2026-08-20 22:17:48,267 - gpsd_manager - INFO - [Converter] GPSPrint: Returning parsed result
2026-08-20 22:17:49,329 - gpsd_manager - INFO - [Converter] GPSPrint: Parsed ZED data, has_gps_time=True
2026-08-20 22:17:49,329 - gpsd_manager - INFO - [Converter] GPSPrint: Returning parsed result
2026-08-20 22:17:50,548 - gpsd_manager - INFO - [Converter] GPSPrint: Parsed ZED data, has_gps_time=True
2026-08-20 22:17:50,549 - gpsd_manager - INFO - [Converter] GPSPrint: Returning parsed result
2026-08-20 22:17:51,499 - gpsd_manager - INFO - [Converter] GPSPrint: Parsed ZED data, has_gps_time=True
2026-08-20 22:17:51,499 - gpsd_manager - INFO - [Converter] GPSPrint: Returning parsed result
2026-08-20 22:17:52,232 - gpsd_manager - INFO - [Converter] GPSPrint: Parsed ZED data, has_gps_time=True
2026-08-20 22:17:52,232 - gpsd_manager - INFO - [Converter] GPSPrint: Returning parsed result
2026-08-20 22:17:53,945 - gpsd_manager - INFO - [Converter] GPSPrint: Parsed ZED data, has_gps_time=True
2026-08-20 22:17:53,945 - gpsd_manager - INFO - [Converter] GPSPrint: Returning parsed result
2026-08-20 22:17:56,062 - gpsd_manager - INFO - [Converter] GPSPrint: Parsed ZED data, has_gps_time=True
2026-08-20 22:17:56,062 - gpsd_manager - INFO - [Converter] GPSPrint: Returning parsed result
2026-08-20 22:17:58,210 - gpsd_manager - INFO - [Converter] GPSPrint: Parsed ZED data, has_gps_time=True
2026-08-20 22:17:58,210 - gpsd_manager - INFO - [Converter] GPSPrint: Returning parsed result
2026-08-20 22:17:59,466 - gpsd_manager - INFO - [Converter] GPSPrint: Parsed ZED data, has_gps_time=True
2026-08-20 22:17:59,466 - gpsd_manager - INFO - [Converter] GPSPrint: Returning parsed result
2026-08-20 22:18:00,426 - gpsd_manager - INFO - [Converter] GPSPrint: Parsed ZED data, has_gps_time=True
2026-08-20 22:18:00,426 - gpsd_manager - INFO - [Converter] GPSPrint: Returning parsed result
2026-08-20 22:18:01,274 - gpsd_manager - INFO - [Converter] GPSPrint: Parsed ZED data, has_gps_time=True
2026-08-20 22:18:01,275 - gpsd_manager - INFO - [Converter] GPSPrint: Returning parsed result
2026-08-20 22:18:02,230 - gpsd_manager - INFO - [Converter] GPSPrint: Parsed ZED data, has_gps_time=True
2026-08-20 22:18:02,230 - gpsd_manager - INFO - [Converter] GPSPrint: Returning parsed result
2026-08-20 22:18:03,387 - gpsd_manager - INFO - [Converter] GPSPrint: Parsed ZED data, has_gps_time=True
2026-08-20 22:18:03,387 - gpsd_manager - INFO - [Converter] GPSPrint: Returning parsed result
2026-08-20 22:18:04,438 - gpsd_manager - INFO - [Converter] GPSPrint: Parsed ZED data, has_gps_time=True
2026-08-20 22:18:04,438 - gpsd_manager - INFO - [Converter] GPSPrint: Returning parsed result
2026-08-20 22:18:05,290 - gpsd_manager - INFO - [Converter] GPSPrint: Parsed ZED data, has_gps_time=True
2026-08-20 22:18:05,290 - gpsd_manager - INFO - [Converter] GPSPrint: Returning parsed result
2026-08-20 22:18:06,245 - gpsd_manager - INFO - [Converter] GPSPrint: Parsed ZED data, has_gps_time=True
2026-08-20 22:18:06,245 - gpsd_manager - INFO - [Converter] GPSPrint: Returning parsed result
2026-08-20 22:18:07,402 - gpsd_manager - INFO - [Converter] GPSPrint: Parsed ZED data, has_gps_time=True
2026-08-20 22:18:07,402 - gpsd_manager - INFO - [Converter] GPSPrint: Returning parsed result
2026-08-20 22:18:08,451 - gpsd_manager - INFO - [Converter] GPSPrint: Parsed ZED data, has_gps_time=True
2026-08-20 22:18:08,451 - gpsd_manager - INFO - [Converter] GPSPrint: Returning parsed result
2026-08-20 22:18:10,103 - gpsd_manager - INFO - [Converter] GPSPrint: Parsed ZED data, has_gps_time=True
2026-08-20 22:18:10,103 - gpsd_manager - INFO - [Converter] GPSPrint: Returning parsed result
2026-08-20 22:18:11,232 - gpsd_manager - INFO - [Converter] GPSPrint: Parsed ZED data, has_gps_time=True
2026-08-20 22:18:11,232 - gpsd_manager - INFO - [Converter] GPSPrint: Returning parsed result
2026-08-20 22:18:12,183 - gpsd_manager - INFO - [Converter] GPSPrint: Parsed ZED data, has_gps_time=True
2026-08-20 22:18:12,184 - gpsd_manager - INFO - [Converter] GPSPrint: Returning parsed result
2026-08-20 22:18:13,311 - gpsd_manager - INFO - [Converter] GPSPrint: Parsed ZED data, has_gps_time=True
2026-08-20 22:18:13,312 - gpsd_manager - INFO - [Converter] GPSPrint: Returning parsed result
2026-08-20 22:18:14,263 - gpsd_manager - INFO - [Converter] GPSPrint: Parsed ZED data, has_gps_time=True
2026-08-20 22:18:14,263 - gpsd_manager - INFO - [Converter] GPSPrint: Returning parsed result
2026-08-20 22:18:15,220 - gpsd_manager - INFO - [Converter] GPSPrint: Parsed ZED data, has_gps_time=True
2026-08-20 22:18:15,220 - gpsd_manager - INFO - [Converter] GPSPrint: Returning parsed result
2026-08-20 22:18:16,365 - gpsd_manager - INFO - [Converter] GPSPrint: Parsed ZED data, has_gps_time=True
2026-08-20 22:18:16,365 - gpsd_manager - INFO - [Converter] GPSPrint: Returning parsed result
2026-08-20 22:18:17,419 - gpsd_manager - INFO - [Converter] GPSPrint: Parsed ZED data, has_gps_time=True
2026-08-20 22:18:17,419 - gpsd_manager - INFO - [Converter] GPSPrint: Returning parsed result
2026-08-20 22:18:18,246 - gpsd_manager - INFO - [Converter] GPSPrint: Parsed ZED data, has_gps_time=True
2026-08-20 22:18:18,246 - gpsd_manager - INFO - [Converter] GPSPrint: Returning parsed result
2026-08-20 22:18:19,101 - gpsd_manager - INFO - [Converter] GPSPrint: Parsed ZED data, has_gps_time=True
2026-08-20 22:18:19,101 - gpsd_manager - INFO - [Converter] GPSPrint: Returning parsed result
2026-08-20 22:18:20,224 - gpsd_manager - INFO - [Converter] GPSPrint: Parsed ZED data, has_gps_time=True
2026-08-20 22:18:20,224 - gpsd_manager - INFO - [Converter] GPSPrint: Returning parsed result
2026-08-20 22:18:21,177 - gpsd_manager - INFO - [Converter] GPSPrint: Parsed ZED data, has_gps_time=True
2026-08-20 22:18:21,177 - gpsd_manager - INFO - [Converter] GPSPrint: Returning parsed result
2026-08-20 22:18:23,232 - gpsd_manager - INFO - [Converter] GPSPrint: Parsed ZED data, has_gps_time=True
2026-08-20 22:18:23,232 - gpsd_manager - INFO - [Converter] GPSPrint: Returning parsed result
2026-08-20 22:18:24,079 - gpsd_manager - INFO - [Converter] GPSPrint: Parsed ZED data, has_gps_time=True
2026-08-20 22:18:24,079 - gpsd_manager - INFO - [Converter] GPSPrint: Returning parsed result
2026-08-20 22:18:25,208 - gpsd_manager - INFO - [Converter] GPSPrint: Parsed ZED data, has_gps_time=True
2026-08-20 22:18:25,208 - gpsd_manager - INFO - [Converter] GPSPrint: Returning parsed result
2026-08-20 22:18:28,023 - gpsd_manager - INFO - [Converter] GPSPrint: Parsed ZED data, has_gps_time=True
2026-08-20 22:18:28,023 - gpsd_manager - INFO - [Converter] GPSPrint: Returning parsed result
2026-08-20 22:18:29,271 - gpsd_manager - INFO - [Converter] GPSPrint: Parsed ZED data, has_gps_time=True
2026-08-20 22:18:29,271 - gpsd_manager - INFO - [Converter] GPSPrint: Returning parsed result
2026-08-20 22:18:31,094 - gpsd_manager - INFO - [Converter] GPSPrint: Parsed ZED data, has_gps_time=True
2026-08-20 22:18:31,094 - gpsd_manager - INFO - [Converter] GPSPrint: Returning parsed result
2026-08-20 22:18:31,849 - gpsd_manager - INFO - [Converter] GPSPrint: Parsed ZED data, has_gps_time=True
2026-08-20 22:18:31,850 - gpsd_manager - INFO - [Converter] GPSPrint: Returning parsed result
2026-08-20 22:18:33,103 - gpsd_manager - INFO - [Converter] GPSPrint: Parsed ZED data, has_gps_time=True
2026-08-20 22:18:33,103 - gpsd_manager - INFO - [Converter] GPSPrint: Returning parsed result
2026-08-20 22:21:38,676 - gpsd_manager - INFO - Setting parser_type to: gps_print
2026-08-20 22:21:38,677 - gpsd_manager - INFO - Parser type now: gps_print
2026-08-20 22:21:38,684 - gpsd_manager - INFO - Starting converter with parser_type=gps_print
2026-08-20 22:21:38,684 - gpsd_manager - INFO - Command: C:\Users\me\AppData\Local\Programs\Python\Python312\python.exe c:\Users\me\app-gpsd_manager\mcode_converter.py --port COM9 --baudrate 9600 --mode tcp --parser gps_print
2026-08-20 22:21:38,696 - gpsd_manager - INFO - Converter process started with PID 60248
2026-08-20 22:21:40,197 - gpsd_manager - INFO - Converter running on port 2948 for gps_print format
2026-08-20 22:21:40,198 - gpsd_manager - INFO - [Converter] Sent disable command: mcode atak disable
2026-08-20 22:21:40,198 - gpsd_manager - INFO - [Converter] Sent enable command: gps print enable
2026-08-20 22:21:40,198 - gpsd_manager - INFO - [Converter] TCP server listening on port 2948
2026-08-20 22:21:40,199 - gpsd_manager - INFO - [Converter] MCODE converter: reading from COM9, streaming NMEA via TCP port 2948
2026-08-20 22:21:40,199 - gpsd_manager - INFO - [Converter] GPSPrint: Parsed ZED data, has_gps_time=True
2026-08-20 22:21:40,200 - gpsd_manager - INFO - [Converter] GPSPrint: Returning parsed result
2026-08-20 22:21:40,200 - gpsd_manager - INFO - [Converter] Error writing debug file: Object of type datetime is not JSON serializable
2026-08-20 22:21:40,200 - gpsd_manager - INFO - [Converter] [gps_print] Wrote debug info, buffer has 3 lines
2026-08-20 22:21:40,200 - gpsd_manager - INFO - [Converter] GPSPrint: Parsed ZED data, has_gps_time=True
2026-08-20 22:21:40,200 - gpsd_manager - INFO - [Converter] GPSPrint: Returning parsed result
2026-08-20 22:21:40,200 - gpsd_manager - INFO - [Converter] Error writing debug file: Object of type datetime is not JSON serializable
2026-08-20 22:21:40,200 - gpsd_manager - INFO - [Converter] [gps_print] Wrote debug info, buffer has 4 lines
2026-08-20 22:21:41,239 - gpsd_manager - INFO - [Converter] GPSPrint: Parsed ZED data, has_gps_time=True
2026-08-20 22:21:41,239 - gpsd_manager - INFO - [Converter] GPSPrint: Returning parsed result
2026-08-20 22:21:41,239 - gpsd_manager - INFO - [Converter] Error writing debug file: Object of type datetime is not JSON serializable
2026-08-20 22:21:41,239 - gpsd_manager - INFO - [Converter] [gps_print] Wrote debug info, buffer has 6 lines
2026-08-20 22:21:42,391 - gpsd_manager - INFO - [Converter] GPSPrint: Parsed ZED data, has_gps_time=True
2026-08-20 22:21:42,392 - gpsd_manager - INFO - [Converter] GPSPrint: Returning parsed result
2026-08-20 22:21:42,393 - gpsd_manager - INFO - [Converter] Error writing debug file: Object of type datetime is not JSON serializable
2026-08-20 22:21:42,393 - gpsd_manager - INFO - [Converter] [gps_print] Wrote debug info, buffer has 8 lines
2026-08-20 22:21:43,449 - gpsd_manager - INFO - [Converter] GPSPrint: Parsed ZED data, has_gps_time=True
2026-08-20 22:21:43,449 - gpsd_manager - INFO - [Converter] GPSPrint: Returning parsed result
2026-08-20 22:21:43,449 - gpsd_manager - INFO - [Converter] Error writing debug file: Object of type datetime is not JSON serializable
2026-08-20 22:21:43,450 - gpsd_manager - INFO - [Converter] [gps_print] Wrote debug info, buffer has 10 lines
2026-08-20 22:21:44,308 - gpsd_manager - INFO - [Converter] GPSPrint: Parsed ZED data, has_gps_time=True
2026-08-20 22:21:44,308 - gpsd_manager - INFO - [Converter] GPSPrint: Returning parsed result
2026-08-20 22:21:44,309 - gpsd_manager - INFO - [Converter] Error writing debug file: Object of type datetime is not JSON serializable
2026-08-20 22:21:44,309 - gpsd_manager - INFO - [Converter] [gps_print] Wrote debug info, buffer has 12 lines
2026-08-20 22:21:45,260 - gpsd_manager - INFO - [Converter] GPSPrint: Parsed ZED data, has_gps_time=True
2026-08-20 22:21:45,260 - gpsd_manager - INFO - [Converter] GPSPrint: Returning parsed result
2026-08-20 22:21:45,261 - gpsd_manager - INFO - [Converter] Error writing debug file: Object of type datetime is not JSON serializable
2026-08-20 22:21:45,261 - gpsd_manager - INFO - [Converter] [gps_print] Wrote debug info, buffer has 14 lines
2026-08-20 22:21:46,284 - gpsd_manager - INFO - [Converter] GPSPrint: Parsed ZED data, has_gps_time=True
2026-08-20 22:21:46,284 - gpsd_manager - INFO - [Converter] GPSPrint: Returning parsed result
2026-08-20 22:21:46,285 - gpsd_manager - INFO - [Converter] Error writing debug file: Object of type datetime is not JSON serializable
2026-08-20 22:21:46,285 - gpsd_manager - INFO - [Converter] [gps_print] Wrote debug info, buffer has 15 lines
2026-08-20 22:21:47,240 - gpsd_manager - INFO - [Converter] GPSPrint: Parsed ZED data, has_gps_time=True
2026-08-20 22:21:47,240 - gpsd_manager - INFO - [Converter] GPSPrint: Returning parsed result
2026-08-20 22:21:47,240 - gpsd_manager - INFO - [Converter] Error writing debug file: Object of type datetime is not JSON serializable
2026-08-20 22:21:47,240 - gpsd_manager - INFO - [Converter] [gps_print] Wrote debug info, buffer has 17 lines
2026-08-20 22:21:48,094 - gpsd_manager - INFO - [Converter] GPSPrint: Parsed ZED data, has_gps_time=True
2026-08-20 22:21:48,094 - gpsd_manager - INFO - [Converter] GPSPrint: Returning parsed result
2026-08-20 22:21:48,095 - gpsd_manager - INFO - [Converter] Error writing debug file: Object of type datetime is not JSON serializable
2026-08-20 22:21:48,095 - gpsd_manager - INFO - [Converter] [gps_print] Wrote debug info, buffer has 19 lines
2026-08-20 22:21:49,216 - gpsd_manager - INFO - [Converter] GPSPrint: Parsed ZED data, has_gps_time=True
2026-08-20 22:21:49,216 - gpsd_manager - INFO - [Converter] GPSPrint: Returning parsed result
2026-08-20 22:21:49,216 - gpsd_manager - INFO - [Converter] Error writing debug file: Object of type datetime is not JSON serializable
2026-08-20 22:21:49,217 - gpsd_manager - INFO - [Converter] [gps_print] Wrote debug info, buffer has 20 lines
2026-08-20 22:21:50,172 - gpsd_manager - INFO - [Converter] GPSPrint: Parsed ZED data, has_gps_time=True
2026-08-20 22:21:50,172 - gpsd_manager - INFO - [Converter] GPSPrint: Returning parsed result
2026-08-20 22:21:50,174 - gpsd_manager - INFO - [Converter] Error writing debug file: Object of type datetime is not JSON serializable
2026-08-20 22:21:50,174 - gpsd_manager - INFO - [Converter] [gps_print] Wrote debug info, buffer has 22 lines
2026-08-20 22:21:50,226 - gpsd_manager - INFO - Setting parser_type to: mcode
2026-08-20 22:21:50,227 - gpsd_manager - INFO - Parser type now: mcode
2026-08-20 22:21:52,215 - gpsd_manager - INFO - [Converter] GPSPrint: Parsed ZED data, has_gps_time=True
2026-08-20 22:21:52,215 - gpsd_manager - INFO - [Converter] GPSPrint: Returning parsed result
2026-08-20 22:21:52,216 - gpsd_manager - INFO - [Converter] Error writing debug file: Object of type datetime is not JSON serializable
2026-08-20 22:21:52,216 - gpsd_manager - INFO - [Converter] [gps_print] Wrote debug info, buffer has 24 lines
2026-08-20 22:21:53,070 - gpsd_manager - INFO - [Converter] GPSPrint: Parsed ZED data, has_gps_time=True
2026-08-20 22:21:53,070 - gpsd_manager - INFO - [Converter] GPSPrint: Returning parsed result
2026-08-20 22:21:53,071 - gpsd_manager - INFO - [Converter] Error writing debug file: Object of type datetime is not JSON serializable
2026-08-20 22:21:53,071 - gpsd_manager - INFO - [Converter] [gps_print] Wrote debug info, buffer has 26 lines
2026-08-20 22:21:54,130 - gpsd_manager - INFO - [Converter] GPSPrint: Parsed ZED data, has_gps_time=True
2026-08-20 22:21:54,130 - gpsd_manager - INFO - [Converter] GPSPrint: Returning parsed result
2026-08-20 22:21:54,130 - gpsd_manager - INFO - [Converter] Error writing debug file: Object of type datetime is not JSON serializable
2026-08-20 22:21:54,130 - gpsd_manager - INFO - [Converter] [gps_print] Wrote debug info, buffer has 28 lines
2026-08-20 22:21:55,251 - gpsd_manager - INFO - [Converter] GPSPrint: Parsed ZED data, has_gps_time=True
2026-08-20 22:21:55,252 - gpsd_manager - INFO - [Converter] GPSPrint: Returning parsed result
2026-08-20 22:21:55,252 - gpsd_manager - INFO - [Converter] Error writing debug file: Object of type datetime is not JSON serializable
2026-08-20 22:21:55,252 - gpsd_manager - INFO - [Converter] [gps_print] Wrote debug info, buffer has 29 lines
2026-08-20 22:21:56,203 - gpsd_manager - INFO - [Converter] GPSPrint: Parsed ZED data, has_gps_time=True
2026-08-20 22:21:56,203 - gpsd_manager - INFO - [Converter] GPSPrint: Returning parsed result
2026-08-20 22:21:56,204 - gpsd_manager - INFO - [Converter] Error writing debug file: Object of type datetime is not JSON serializable
2026-08-20 22:21:56,204 - gpsd_manager - INFO - [Converter] [gps_print] Wrote debug info, buffer has 31 lines
2026-08-20 22:21:57,528 - gpsd_manager - INFO - [Converter] GPSPrint: Parsed ZED data, has_gps_time=True
2026-08-20 22:21:57,528 - gpsd_manager - INFO - [Converter] GPSPrint: Returning parsed result
2026-08-20 22:21:57,529 - gpsd_manager - INFO - [Converter] Error writing debug file: Object of type datetime is not JSON serializable
2026-08-20 22:21:57,529 - gpsd_manager - INFO - [Converter] [gps_print] Wrote debug info, buffer has 32 lines
2026-08-20 22:21:58,486 - gpsd_manager - INFO - [Converter] GPSPrint: Parsed ZED data, has_gps_time=True
2026-08-20 22:21:58,486 - gpsd_manager - INFO - [Converter] GPSPrint: Returning parsed result
2026-08-20 22:21:58,486 - gpsd_manager - INFO - [Converter] Error writing debug file: Object of type datetime is not JSON serializable
2026-08-20 22:21:58,487 - gpsd_manager - INFO - [Converter] [gps_print] Wrote debug info, buffer has 34 lines
2026-08-20 22:21:59,340 - gpsd_manager - INFO - [Converter] GPSPrint: Parsed ZED data, has_gps_time=True
2026-08-20 22:21:59,340 - gpsd_manager - INFO - [Converter] GPSPrint: Returning parsed result
2026-08-20 22:21:59,340 - gpsd_manager - INFO - [Converter] Error writing debug file: Object of type datetime is not JSON serializable
2026-08-20 22:21:59,340 - gpsd_manager - INFO - [Converter] [gps_print] Wrote debug info, buffer has 36 lines
2026-08-20 22:22:00,290 - gpsd_manager - INFO - [Converter] GPSPrint: Parsed ZED data, has_gps_time=True
2026-08-20 22:22:00,290 - gpsd_manager - INFO - [Converter] GPSPrint: Returning parsed result
2026-08-20 22:22:00,290 - gpsd_manager - INFO - [Converter] Error writing debug file: Object of type datetime is not JSON serializable
2026-08-20 22:22:00,290 - gpsd_manager - INFO - [Converter] [gps_print] Wrote debug info, buffer has 38 lines
2026-08-20 22:22:01,448 - gpsd_manager - INFO - [Converter] GPSPrint: Parsed ZED data, has_gps_time=True
2026-08-20 22:22:01,449 - gpsd_manager - INFO - [Converter] GPSPrint: Returning parsed result
2026-08-20 22:22:01,449 - gpsd_manager - INFO - [Converter] Error writing debug file: Object of type datetime is not JSON serializable
2026-08-20 22:22:01,449 - gpsd_manager - INFO - [Converter] [gps_print] Wrote debug info, buffer has 40 lines
2026-08-20 22:22:02,501 - gpsd_manager - INFO - [Converter] GPSPrint: Parsed ZED data, has_gps_time=True
2026-08-20 22:22:02,501 - gpsd_manager - INFO - [Converter] GPSPrint: Returning parsed result
2026-08-20 22:22:02,502 - gpsd_manager - INFO - [Converter] Error writing debug file: Object of type datetime is not JSON serializable
2026-08-20 22:22:02,502 - gpsd_manager - INFO - [Converter] [gps_print] Wrote debug info, buffer has 43 lines
2026-08-20 22:22:03,251 - gpsd_manager - INFO - [Converter] GPSPrint: Parsed ZED data, has_gps_time=True
2026-08-20 22:22:03,252 - gpsd_manager - INFO - [Converter] GPSPrint: Returning parsed result
2026-08-20 22:22:03,253 - gpsd_manager - INFO - [Converter] Error writing debug file: Object of type datetime is not JSON serializable
2026-08-20 22:22:03,253 - gpsd_manager - INFO - [Converter] [gps_print] Wrote debug info, buffer has 45 lines
2026-08-20 22:22:04,302 - gpsd_manager - INFO - [Converter] GPSPrint: Parsed ZED data, has_gps_time=True
2026-08-20 22:22:04,302 - gpsd_manager - INFO - [Converter] GPSPrint: Returning parsed result
2026-08-20 22:22:04,303 - gpsd_manager - INFO - [Converter] Error writing debug file: Object of type datetime is not JSON serializable
2026-08-20 22:22:04,303 - gpsd_manager - INFO - [Converter] [gps_print] Wrote debug info, buffer has 47 lines
2026-08-20 22:22:05,464 - gpsd_manager - INFO - [Converter] GPSPrint: Parsed ZED data, has_gps_time=True
2026-08-20 22:22:05,464 - gpsd_manager - INFO - [Converter] GPSPrint: Returning parsed result
2026-08-20 22:22:05,464 - gpsd_manager - INFO - [Converter] Error writing debug file: Object of type datetime is not JSON serializable
2026-08-20 22:22:05,465 - gpsd_manager - INFO - [Converter] [gps_print] Wrote debug info, buffer has 49 lines
2026-08-20 22:22:06,417 - gpsd_manager - INFO - [Converter] GPSPrint: Parsed ZED data, has_gps_time=True
2026-08-20 22:22:06,417 - gpsd_manager - INFO - [Converter] GPSPrint: Returning parsed result
2026-08-20 22:22:06,417 - gpsd_manager - INFO - [Converter] Error writing debug file: Object of type datetime is not JSON serializable
2026-08-20 22:22:06,417 - gpsd_manager - INFO - [Converter] [gps_print] Wrote debug info, buffer has 51 lines
2026-08-20 22:22:07,167 - gpsd_manager - INFO - [Converter] GPSPrint: Parsed ZED data, has_gps_time=True
2026-08-20 22:22:07,167 - gpsd_manager - INFO - [Converter] GPSPrint: Returning parsed result
2026-08-20 22:22:07,168 - gpsd_manager - INFO - [Converter] Error writing debug file: Object of type datetime is not JSON serializable
2026-08-20 22:22:07,168 - gpsd_manager - INFO - [Converter] [gps_print] Wrote debug info, buffer has 53 lines
2026-08-20 22:22:08,297 - gpsd_manager - INFO - [Converter] GPSPrint: Parsed ZED data, has_gps_time=True
2026-08-20 22:22:08,297 - gpsd_manager - INFO - [Converter] GPSPrint: Returning parsed result
2026-08-20 22:22:08,298 - gpsd_manager - INFO - [Converter] Error writing debug file: Object of type datetime is not JSON serializable
2026-08-20 22:22:08,298 - gpsd_manager - INFO - [Converter] [gps_print] Wrote debug info, buffer has 54 lines
2026-08-20 22:22:09,246 - gpsd_manager - INFO - [Converter] GPSPrint: Parsed ZED data, has_gps_time=True
2026-08-20 22:22:09,246 - gpsd_manager - INFO - [Converter] GPSPrint: Returning parsed result
2026-08-20 22:22:09,246 - gpsd_manager - INFO - [Converter] Error writing debug file: Object of type datetime is not JSON serializable
2026-08-20 22:22:09,246 - gpsd_manager - INFO - [Converter] [gps_print] Wrote debug info, buffer has 56 lines
2026-08-20 22:22:10,272 - gpsd_manager - INFO - [Converter] GPSPrint: Parsed ZED data, has_gps_time=True
2026-08-20 22:22:10,273 - gpsd_manager - INFO - [Converter] GPSPrint: Returning parsed result
2026-08-20 22:22:10,274 - gpsd_manager - INFO - [Converter] Error writing debug file: Object of type datetime is not JSON serializable
2026-08-20 22:22:10,274 - gpsd_manager - INFO - [Converter] [gps_print] Wrote debug info, buffer has 57 lines
2026-08-20 22:22:11,230 - gpsd_manager - INFO - [Converter] GPSPrint: Parsed ZED data, has_gps_time=True
2026-08-20 22:22:11,230 - gpsd_manager - INFO - [Converter] GPSPrint: Returning parsed result
2026-08-20 22:22:11,232 - gpsd_manager - INFO - [Converter] Error writing debug file: Object of type datetime is not JSON serializable
2026-08-20 22:22:11,232 - gpsd_manager - INFO - [Converter] [gps_print] Wrote debug info, buffer has 59 lines
2026-08-20 22:22:12,385 - gpsd_manager - INFO - [Converter] GPSPrint: Parsed ZED data, has_gps_time=True
2026-08-20 22:22:12,385 - gpsd_manager - INFO - [Converter] GPSPrint: Returning parsed result
2026-08-20 22:22:12,385 - gpsd_manager - INFO - [Converter] Error writing debug file: Object of type datetime is not JSON serializable
2026-08-20 22:22:12,387 - gpsd_manager - INFO - [Converter] [gps_print] Wrote debug info, buffer has 61 lines
2026-08-20 22:22:13,332 - gpsd_manager - INFO - [Converter] GPSPrint: Parsed ZED data, has_gps_time=True
2026-08-20 22:22:13,332 - gpsd_manager - INFO - [Converter] GPSPrint: Returning parsed result
2026-08-20 22:22:13,333 - gpsd_manager - INFO - [Converter] Error writing debug file: Object of type datetime is not JSON serializable
2026-08-20 22:22:13,333 - gpsd_manager - INFO - [Converter] [gps_print] Wrote debug info, buffer has 63 lines
2026-08-20 22:22:14,194 - gpsd_manager - INFO - [Converter] GPSPrint: Parsed ZED data, has_gps_time=True
2026-08-20 22:22:14,194 - gpsd_manager - INFO - [Converter] GPSPrint: Returning parsed result
2026-08-20 22:22:14,194 - gpsd_manager - INFO - [Converter] Error writing debug file: Object of type datetime is not JSON serializable
2026-08-20 22:22:14,196 - gpsd_manager - INFO - [Converter] [gps_print] Wrote debug info, buffer has 65 lines
2026-08-20 22:22:21,533 - gpsd_manager - INFO - Setting parser_type to: gps_print
2026-08-20 22:22:21,536 - gpsd_manager - INFO - Parser type now: gps_print
2026-08-20 22:22:23,496 - gpsd_manager - INFO - Setting parser_type to: gps_print
2026-08-20 22:22:23,497 - gpsd_manager - INFO - Parser type now: gps_print
2026-08-20 22:22:23,504 - gpsd_manager - INFO - Starting converter with parser_type=gps_print
2026-08-20 22:22:23,504 - gpsd_manager - INFO - Command: C:\Users\me\AppData\Local\Programs\Python\Python312\python.exe c:\Users\me\app-gpsd_manager\mcode_converter.py --port COM9 --baudrate 9600 --mode tcp --parser gps_print
2026-08-20 22:22:23,510 - gpsd_manager - INFO - Converter process started with PID 62920
2026-08-20 22:22:25,012 - gpsd_manager - INFO - Converter running on port 2948 for gps_print format
2026-08-20 22:22:25,012 - gpsd_manager - INFO - [Converter] Sent disable command: mcode atak disable
2026-08-20 22:22:25,012 - gpsd_manager - INFO - [Converter] Sent enable command: gps print enable
2026-08-20 22:22:25,013 - gpsd_manager - INFO - [Converter] TCP server listening on port 2948
2026-08-20 22:22:25,013 - gpsd_manager - INFO - [Converter] MCODE converter: reading from COM9, streaming NMEA via TCP port 2948
2026-08-20 22:22:25,173 - gpsd_manager - INFO - [Converter] GPSPrint: Parsed ZED data, has_gps_time=True
2026-08-20 22:22:25,174 - gpsd_manager - INFO - [Converter] GPSPrint: Returning parsed result
2026-08-20 22:22:25,174 - gpsd_manager - INFO - [Converter] Error writing debug file: Object of type datetime is not JSON serializable
2026-08-20 22:22:25,174 - gpsd_manager - INFO - [Converter] [gps_print] Wrote debug info, buffer has 3 lines
2026-08-20 22:22:26,030 - gpsd_manager - INFO - [Converter] GPSPrint: Parsed ZED data, has_gps_time=True
2026-08-20 22:22:26,030 - gpsd_manager - INFO - [Converter] GPSPrint: Returning parsed result
2026-08-20 22:22:26,030 - gpsd_manager - INFO - [Converter] Error writing debug file: Object of type datetime is not JSON serializable
2026-08-20 22:22:26,030 - gpsd_manager - INFO - [Converter] [gps_print] Wrote debug info, buffer has 5 lines
2026-08-20 22:22:27,087 - gpsd_manager - INFO - [Converter] GPSPrint: Parsed ZED data, has_gps_time=True
2026-08-20 22:22:27,087 - gpsd_manager - INFO - [Converter] GPSPrint: Returning parsed result
2026-08-20 22:22:27,087 - gpsd_manager - INFO - [Converter] Error writing debug file: Object of type datetime is not JSON serializable
2026-08-20 22:22:27,088 - gpsd_manager - INFO - [Converter] [gps_print] Wrote debug info, buffer has 7 lines
2026-08-20 22:22:28,204 - gpsd_manager - INFO - [Converter] GPSPrint: Parsed ZED data, has_gps_time=True
2026-08-20 22:22:28,204 - gpsd_manager - INFO - [Converter] GPSPrint: Returning parsed result
2026-08-20 22:22:28,205 - gpsd_manager - INFO - [Converter] Error writing debug file: Object of type datetime is not JSON serializable
2026-08-20 22:22:28,205 - gpsd_manager - INFO - [Converter] [gps_print] Wrote debug info, buffer has 8 lines
2026-08-20 22:22:29,164 - gpsd_manager - INFO - [Converter] GPSPrint: Parsed ZED data, has_gps_time=True
2026-08-20 22:22:29,164 - gpsd_manager - INFO - [Converter] GPSPrint: Returning parsed result
2026-08-20 22:22:29,164 - gpsd_manager - INFO - [Converter] Error writing debug file: Object of type datetime is not JSON serializable
2026-08-20 22:22:29,165 - gpsd_manager - INFO - [Converter] [gps_print] Wrote debug info, buffer has 10 lines
2026-08-20 22:22:30,185 - gpsd_manager - INFO - [Converter] GPSPrint: Parsed ZED data, has_gps_time=True
2026-08-20 22:22:30,186 - gpsd_manager - INFO - [Converter] GPSPrint: Returning parsed result
2026-08-20 22:22:30,187 - gpsd_manager - INFO - [Converter] Error writing debug file: Object of type datetime is not JSON serializable
2026-08-20 22:22:30,187 - gpsd_manager - INFO - [Converter] [gps_print] Wrote debug info, buffer has 11 lines
2026-08-20 22:22:32,999 - gpsd_manager - INFO - [Converter] GPSPrint: Parsed ZED data, has_gps_time=True
2026-08-20 22:22:32,999 - gpsd_manager - INFO - [Converter] GPSPrint: Returning parsed result
2026-08-20 22:22:33,000 - gpsd_manager - INFO - [Converter] Error writing debug file: Object of type datetime is not JSON serializable
2026-08-20 22:22:33,000 - gpsd_manager - INFO - [Converter] [gps_print] Wrote debug info, buffer has 12 lines
2026-08-20 22:22:34,020 - gpsd_manager - INFO - [Converter] GPSPrint: Parsed ZED data, has_gps_time=True
2026-08-20 22:22:34,020 - gpsd_manager - INFO - [Converter] GPSPrint: Returning parsed result
2026-08-20 22:22:34,020 - gpsd_manager - INFO - [Converter] Error writing debug file: Object of type datetime is not JSON serializable
2026-08-20 22:22:34,020 - gpsd_manager - INFO - [Converter] [gps_print] Wrote debug info, buffer has 13 lines
2026-08-20 22:22:35,042 - gpsd_manager - INFO - [Converter] GPSPrint: Parsed ZED data, has_gps_time=True
2026-08-20 22:22:35,042 - gpsd_manager - INFO - [Converter] GPSPrint: Returning parsed result
2026-08-20 22:22:35,042 - gpsd_manager - INFO - [Converter] Error writing debug file: Object of type datetime is not JSON serializable
2026-08-20 22:22:35,043 - gpsd_manager - INFO - [Converter] [gps_print] Wrote debug info, buffer has 14 lines
2026-08-20 22:22:36,969 - gpsd_manager - INFO - [Converter] GPSPrint: Parsed ZED data, has_gps_time=True
2026-08-20 22:22:36,969 - gpsd_manager - INFO - [Converter] GPSPrint: Returning parsed result
2026-08-20 22:22:36,969 - gpsd_manager - INFO - [Converter] Error writing debug file: Object of type datetime is not JSON serializable
2026-08-20 22:22:36,969 - gpsd_manager - INFO - [Converter] [gps_print] Wrote debug info, buffer has 15 lines
2026-08-20 22:22:38,089 - gpsd_manager - INFO - [Converter] GPSPrint: Parsed ZED data, has_gps_time=True
2026-08-20 22:22:38,089 - gpsd_manager - INFO - [Converter] GPSPrint: Returning parsed result
2026-08-20 22:22:38,090 - gpsd_manager - INFO - [Converter] Error writing debug file: Object of type datetime is not JSON serializable
2026-08-20 22:22:38,090 - gpsd_manager - INFO - [Converter] [gps_print] Wrote debug info, buffer has 16 lines
2026-08-20 22:22:39,117 - gpsd_manager - INFO - [Converter] GPSPrint: Parsed ZED data, has_gps_time=True
2026-08-20 22:22:39,117 - gpsd_manager - INFO - [Converter] GPSPrint: Returning parsed result
2026-08-20 22:22:39,118 - gpsd_manager - INFO - [Converter] Error writing debug file: Object of type datetime is not JSON serializable
2026-08-20 22:22:39,118 - gpsd_manager - INFO - [Converter] [gps_print] Wrote debug info, buffer has 17 lines
2026-08-20 22:22:40,269 - gpsd_manager - INFO - [Converter] GPSPrint: Parsed ZED data, has_gps_time=True
2026-08-20 22:22:40,269 - gpsd_manager - INFO - [Converter] GPSPrint: Returning parsed result
2026-08-20 22:22:40,270 - gpsd_manager - INFO - [Converter] Error writing debug file: Object of type datetime is not JSON serializable
2026-08-20 22:22:40,270 - gpsd_manager - INFO - [Converter] [gps_print] Wrote debug info, buffer has 19 lines
2026-08-20 22:22:45,530 - gpsd_manager - INFO - Setting parser_type to: gps_print
2026-08-20 22:22:45,530 - gpsd_manager - INFO - Parser type now: gps_print
2026-08-20 22:22:45,542 - gpsd_manager - INFO - Starting converter with parser_type=gps_print
2026-08-20 22:22:45,543 - gpsd_manager - INFO - Command: C:\Users\me\AppData\Local\Programs\Python\Python312\python.exe c:\Users\me\app-gpsd_manager\mcode_converter.py --port COM9 --baudrate 9600 --mode tcp --parser gps_print
2026-08-20 22:22:45,549 - gpsd_manager - INFO - Converter process started with PID 45552
2026-08-20 22:22:47,050 - gpsd_manager - INFO - Converter running on port 2948 for gps_print format
2026-08-20 22:22:47,050 - gpsd_manager - INFO - [Converter] Sent disable command: mcode atak disable
2026-08-20 22:22:47,050 - gpsd_manager - INFO - [Converter] Sent enable command: gps print enable
2026-08-20 22:22:47,050 - gpsd_manager - INFO - [Converter] TCP server listening on port 2948
2026-08-20 22:22:47,050 - gpsd_manager - INFO - [Converter] MCODE converter: reading from COM9, streaming NMEA via TCP port 2948
2026-08-20 22:22:47,052 - gpsd_manager - INFO - [Converter] GPSPrint: Parsed ZED data, has_gps_time=False
2026-08-20 22:22:47,255 - gpsd_manager - INFO - [Converter] GPSPrint: Parsed ZED data, has_gps_time=True
2026-08-20 22:22:47,255 - gpsd_manager - INFO - [Converter] GPSPrint: Returning parsed result
2026-08-20 22:22:47,256 - gpsd_manager - INFO - [Converter] Error writing debug file: Object of type datetime is not JSON serializable
2026-08-20 22:22:47,256 - gpsd_manager - INFO - [Converter] [gps_print] Wrote debug info, buffer has 4 lines
2026-08-20 22:22:48,187 - gpsd_manager - INFO - [Converter] GPSPrint: Parsed ZED data, has_gps_time=True
2026-08-20 22:22:48,187 - gpsd_manager - INFO - [Converter] GPSPrint: Returning parsed result
2026-08-20 22:22:48,187 - gpsd_manager - INFO - [Converter] Error writing debug file: Object of type datetime is not JSON serializable
2026-08-20 22:22:48,188 - gpsd_manager - INFO - [Converter] [gps_print] Wrote debug info, buffer has 5 lines
2026-08-20 22:22:49,239 - gpsd_manager - INFO - [Converter] GPSPrint: Parsed ZED data, has_gps_time=True
2026-08-20 22:22:49,239 - gpsd_manager - INFO - [Converter] GPSPrint: Returning parsed result
2026-08-20 22:22:49,241 - gpsd_manager - INFO - [Converter] Error writing debug file: Object of type datetime is not JSON serializable
2026-08-20 22:22:49,241 - gpsd_manager - INFO - [Converter] [gps_print] Wrote debug info, buffer has 7 lines
2026-08-20 22:22:50,256 - gpsd_manager - INFO - [Converter] GPSPrint: Parsed ZED data, has_gps_time=True
2026-08-20 22:22:50,256 - gpsd_manager - INFO - [Converter] GPSPrint: Returning parsed result
2026-08-20 22:22:50,257 - gpsd_manager - INFO - [Converter] Error writing debug file: Object of type datetime is not JSON serializable
2026-08-20 22:22:50,257 - gpsd_manager - INFO - [Converter] [gps_print] Wrote debug info, buffer has 8 lines
2026-08-20 22:22:51,218 - gpsd_manager - INFO - [Converter] GPSPrint: Parsed ZED data, has_gps_time=True
2026-08-20 22:22:51,218 - gpsd_manager - INFO - [Converter] GPSPrint: Returning parsed result
2026-08-20 22:22:51,219 - gpsd_manager - INFO - [Converter] Error writing debug file: Object of type datetime is not JSON serializable
2026-08-20 22:22:51,219 - gpsd_manager - INFO - [Converter] [gps_print] Wrote debug info, buffer has 10 lines
2026-08-20 22:22:52,242 - gpsd_manager - INFO - [Converter] GPSPrint: Parsed ZED data, has_gps_time=True
2026-08-20 22:22:52,242 - gpsd_manager - INFO - [Converter] GPSPrint: Returning parsed result
2026-08-20 22:22:52,242 - gpsd_manager - INFO - [Converter] Error writing debug file: Object of type datetime is not JSON serializable
2026-08-20 22:22:52,242 - gpsd_manager - INFO - [Converter] [gps_print] Wrote debug info, buffer has 11 lines
2026-08-20 22:22:53,297 - gpsd_manager - INFO - [Converter] GPSPrint: Parsed ZED data, has_gps_time=True
2026-08-20 22:22:53,297 - gpsd_manager - INFO - [Converter] GPSPrint: Returning parsed result
2026-08-20 22:22:53,298 - gpsd_manager - INFO - [Converter] Error writing debug file: Object of type datetime is not JSON serializable
2026-08-20 22:22:53,298 - gpsd_manager - INFO - [Converter] [gps_print] Wrote debug info, buffer has 13 lines
2026-08-20 22:22:54,052 - gpsd_manager - INFO - [Converter] GPSPrint: Parsed ZED data, has_gps_time=True
2026-08-20 22:22:54,053 - gpsd_manager - INFO - [Converter] GPSPrint: Returning parsed result
2026-08-20 22:22:54,053 - gpsd_manager - INFO - [Converter] Error writing debug file: Object of type datetime is not JSON serializable
2026-08-20 22:22:54,053 - gpsd_manager - INFO - [Converter] [gps_print] Wrote debug info, buffer has 15 lines
2026-08-20 22:22:55,073 - gpsd_manager - INFO - [Converter] GPSPrint: Parsed ZED data, has_gps_time=True
2026-08-20 22:22:55,074 - gpsd_manager - INFO - [Converter] GPSPrint: Returning parsed result
2026-08-20 22:22:55,075 - gpsd_manager - INFO - [Converter] Error writing debug file: Object of type datetime is not JSON serializable
2026-08-20 22:22:55,075 - gpsd_manager - INFO - [Converter] [gps_print] Wrote debug info, buffer has 16 lines
2026-08-20 22:22:56,221 - gpsd_manager - INFO - [Converter] GPSPrint: Parsed ZED data, has_gps_time=True
2026-08-20 22:22:56,221 - gpsd_manager - INFO - [Converter] GPSPrint: Returning parsed result
2026-08-20 22:22:56,222 - gpsd_manager - INFO - [Converter] Error writing debug file: Object of type datetime is not JSON serializable
2026-08-20 22:22:56,222 - gpsd_manager - INFO - [Converter] [gps_print] Wrote debug info, buffer has 18 lines
2026-08-20 22:22:58,968 - gpsd_manager - INFO - [Converter] GPSPrint: Parsed ZED data, has_gps_time=True
2026-08-20 22:22:58,968 - gpsd_manager - INFO - [Converter] GPSPrint: Returning parsed result
2026-08-20 22:22:58,970 - gpsd_manager - INFO - [Converter] Error writing debug file: Object of type datetime is not JSON serializable
2026-08-20 22:22:58,970 - gpsd_manager - INFO - [Converter] [gps_print] Wrote debug info, buffer has 20 lines
2026-08-20 22:23:00,124 - gpsd_manager - INFO - [Converter] GPSPrint: Parsed ZED data, has_gps_time=True
2026-08-20 22:23:00,124 - gpsd_manager - INFO - [Converter] GPSPrint: Returning parsed result
2026-08-20 22:23:00,125 - gpsd_manager - INFO - [Converter] Error writing debug file: Object of type datetime is not JSON serializable
2026-08-20 22:23:00,125 - gpsd_manager - INFO - [Converter] [gps_print] Wrote debug info, buffer has 22 lines
2026-08-20 22:23:01,171 - gpsd_manager - INFO - [Converter] GPSPrint: Parsed ZED data, has_gps_time=True
2026-08-20 22:23:01,171 - gpsd_manager - INFO - [Converter] GPSPrint: Returning parsed result
2026-08-20 22:23:01,171 - gpsd_manager - INFO - [Converter] Error writing debug file: Object of type datetime is not JSON serializable
2026-08-20 22:23:01,172 - gpsd_manager - INFO - [Converter] [gps_print] Wrote debug info, buffer has 24 lines
2026-08-20 22:23:02,197 - gpsd_manager - INFO - [Converter] GPSPrint: Parsed ZED data, has_gps_time=True
2026-08-20 22:23:02,198 - gpsd_manager - INFO - [Converter] GPSPrint: Returning parsed result
2026-08-20 22:23:02,198 - gpsd_manager - INFO - [Converter] Error writing debug file: Object of type datetime is not JSON serializable
2026-08-20 22:23:02,198 - gpsd_manager - INFO - [Converter] [gps_print] Wrote debug info, buffer has 25 lines
2026-08-20 22:23:03,149 - gpsd_manager - INFO - [Converter] GPSPrint: Parsed ZED data, has_gps_time=True
2026-08-20 22:23:03,149 - gpsd_manager - INFO - [Converter] GPSPrint: Returning parsed result
2026-08-20 22:23:03,149 - gpsd_manager - INFO - [Converter] Error writing debug file: Object of type datetime is not JSON serializable
2026-08-20 22:23:03,149 - gpsd_manager - INFO - [Converter] [gps_print] Wrote debug info, buffer has 27 lines
2026-08-20 22:23:04,183 - gpsd_manager - INFO - [Converter] GPSPrint: Parsed ZED data, has_gps_time=True
2026-08-20 22:23:04,183 - gpsd_manager - INFO - [Converter] GPSPrint: Returning parsed result
2026-08-20 22:23:04,184 - gpsd_manager - INFO - [Converter] Error writing debug file: Object of type datetime is not JSON serializable
2026-08-20 22:23:04,185 - gpsd_manager - INFO - [Converter] [gps_print] Wrote debug info, buffer has 28 lines
2026-08-20 22:23:05,230 - gpsd_manager - INFO - [Converter] GPSPrint: Parsed ZED data, has_gps_time=True
2026-08-20 22:23:05,230 - gpsd_manager - INFO - [Converter] GPSPrint: Returning parsed result
2026-08-20 22:23:05,231 - gpsd_manager - INFO - [Converter] Error writing debug file: Object of type datetime is not JSON serializable
2026-08-20 22:23:05,231 - gpsd_manager - INFO - [Converter] [gps_print] Wrote debug info, buffer has 30 lines
2026-08-20 22:23:06,387 - gpsd_manager - INFO - [Converter] GPSPrint: Parsed ZED data, has_gps_time=True
2026-08-20 22:23:06,387 - gpsd_manager - INFO - [Converter] GPSPrint: Returning parsed result
2026-08-20 22:23:06,387 - gpsd_manager - INFO - [Converter] Error writing debug file: Object of type datetime is not JSON serializable
2026-08-20 22:23:06,387 - gpsd_manager - INFO - [Converter] [gps_print] Wrote debug info, buffer has 32 lines
2026-08-20 22:23:07,311 - gpsd_manager - INFO - [Converter] GPSPrint: Parsed ZED data, has_gps_time=True
2026-08-20 22:23:07,311 - gpsd_manager - INFO - [Converter] GPSPrint: Returning parsed result
2026-08-20 22:23:07,312 - gpsd_manager - INFO - [Converter] Error writing debug file: Object of type datetime is not JSON serializable
2026-08-20 22:23:07,312 - gpsd_manager - INFO - [Converter] [gps_print] Wrote debug info, buffer has 33 lines
2026-08-20 22:23:08,066 - gpsd_manager - INFO - [Converter] GPSPrint: Parsed ZED data, has_gps_time=True
2026-08-20 22:23:08,066 - gpsd_manager - INFO - [Converter] GPSPrint: Returning parsed result
2026-08-20 22:23:08,066 - gpsd_manager - INFO - [Converter] Error writing debug file: Object of type datetime is not JSON serializable
2026-08-20 22:23:08,066 - gpsd_manager - INFO - [Converter] [gps_print] Wrote debug info, buffer has 35 lines
2026-08-20 22:23:09,223 - gpsd_manager - INFO - [Converter] GPSPrint: Parsed ZED data, has_gps_time=True
2026-08-20 22:23:09,224 - gpsd_manager - INFO - [Converter] GPSPrint: Returning parsed result
2026-08-20 22:23:09,226 - gpsd_manager - INFO - [Converter] Error writing debug file: Object of type datetime is not JSON serializable
2026-08-20 22:23:09,226 - gpsd_manager - INFO - [Converter] [gps_print] Wrote debug info, buffer has 37 lines
2026-08-20 22:23:10,242 - gpsd_manager - INFO - [Converter] GPSPrint: Parsed ZED data, has_gps_time=True
2026-08-20 22:23:10,242 - gpsd_manager - INFO - [Converter] GPSPrint: Returning parsed result
2026-08-20 22:23:10,242 - gpsd_manager - INFO - [Converter] Error writing debug file: Object of type datetime is not JSON serializable
2026-08-20 22:23:10,243 - gpsd_manager - INFO - [Converter] [gps_print] Wrote debug info, buffer has 38 lines
2026-08-20 22:23:11,295 - gpsd_manager - INFO - [Converter] GPSPrint: Parsed ZED data, has_gps_time=True
2026-08-20 22:23:11,296 - gpsd_manager - INFO - [Converter] GPSPrint: Returning parsed result
2026-08-20 22:23:11,296 - gpsd_manager - INFO - [Converter] Error writing debug file: Object of type datetime is not JSON serializable
2026-08-20 22:23:11,296 - gpsd_manager - INFO - [Converter] [gps_print] Wrote debug info, buffer has 40 lines
2026-08-20 22:23:12,217 - gpsd_manager - INFO - [Converter] GPSPrint: Parsed ZED data, has_gps_time=True
2026-08-20 22:23:12,218 - gpsd_manager - INFO - [Converter] GPSPrint: Returning parsed result
2026-08-20 22:23:12,218 - gpsd_manager - INFO - [Converter] Error writing debug file: Object of type datetime is not JSON serializable
2026-08-20 22:23:12,218 - gpsd_manager - INFO - [Converter] [gps_print] Wrote debug info, buffer has 41 lines
2026-08-20 22:23:13,147 - gpsd_manager - INFO - [Converter] GPSPrint: Parsed ZED data, has_gps_time=True
2026-08-20 22:23:13,147 - gpsd_manager - INFO - [Converter] GPSPrint: Returning parsed result
2026-08-20 22:23:13,147 - gpsd_manager - INFO - [Converter] Error writing debug file: Object of type datetime is not JSON serializable
2026-08-20 22:23:13,147 - gpsd_manager - INFO - [Converter] [gps_print] Wrote debug info, buffer has 42 lines
2026-08-20 22:23:13,995 - gpsd_manager - INFO - [Converter] GPSPrint: Parsed ZED data, has_gps_time=True
2026-08-20 22:23:13,995 - gpsd_manager - INFO - [Converter] GPSPrint: Returning parsed result
2026-08-20 22:23:13,995 - gpsd_manager - INFO - [Converter] Error writing debug file: Object of type datetime is not JSON serializable
2026-08-20 22:23:13,995 - gpsd_manager - INFO - [Converter] [gps_print] Wrote debug info, buffer has 44 lines
2026-08-20 22:23:15,154 - gpsd_manager - INFO - [Converter] GPSPrint: Parsed ZED data, has_gps_time=True
2026-08-20 22:23:15,155 - gpsd_manager - INFO - [Converter] GPSPrint: Returning parsed result
2026-08-20 22:23:15,155 - gpsd_manager - INFO - [Converter] Error writing debug file: Object of type datetime is not JSON serializable
2026-08-20 22:23:15,155 - gpsd_manager - INFO - [Converter] [gps_print] Wrote debug info, buffer has 46 lines
2026-08-20 22:23:16,209 - gpsd_manager - INFO - [Converter] GPSPrint: Parsed ZED data, has_gps_time=True
2026-08-20 22:23:16,209 - gpsd_manager - INFO - [Converter] GPSPrint: Returning parsed result
2026-08-20 22:23:16,209 - gpsd_manager - INFO - [Converter] Error writing debug file: Object of type datetime is not JSON serializable
2026-08-20 22:23:16,209 - gpsd_manager - INFO - [Converter] [gps_print] Wrote debug info, buffer has 48 lines
2026-08-20 22:23:17,229 - gpsd_manager - INFO - [Converter] GPSPrint: Parsed ZED data, has_gps_time=True
2026-08-20 22:23:17,230 - gpsd_manager - INFO - [Converter] GPSPrint: Returning parsed result
2026-08-20 22:23:17,230 - gpsd_manager - INFO - [Converter] Error writing debug file: Object of type datetime is not JSON serializable
2026-08-20 22:23:17,230 - gpsd_manager - INFO - [Converter] [gps_print] Wrote debug info, buffer has 49 lines
2026-08-20 22:23:18,288 - gpsd_manager - INFO - [Converter] GPSPrint: Parsed ZED data, has_gps_time=True
2026-08-20 22:23:18,288 - gpsd_manager - INFO - [Converter] GPSPrint: Returning parsed result
2026-08-20 22:23:18,289 - gpsd_manager - INFO - [Converter] Error writing debug file: Object of type datetime is not JSON serializable
2026-08-20 22:23:18,289 - gpsd_manager - INFO - [Converter] [gps_print] Wrote debug info, buffer has 51 lines
2026-08-20 22:23:20,236 - gpsd_manager - INFO - [Converter] GPSPrint: Parsed ZED data, has_gps_time=True
2026-08-20 22:23:20,236 - gpsd_manager - INFO - [Converter] GPSPrint: Returning parsed result
2026-08-20 22:23:20,236 - gpsd_manager - INFO - [Converter] Error writing debug file: Object of type datetime is not JSON serializable
2026-08-20 22:23:20,236 - gpsd_manager - INFO - [Converter] [gps_print] Wrote debug info, buffer has 53 lines
2026-08-20 22:23:20,986 - gpsd_manager - INFO - [Converter] GPSPrint: Parsed ZED data, has_gps_time=True
2026-08-20 22:23:20,987 - gpsd_manager - INFO - [Converter] GPSPrint: Returning parsed result
2026-08-20 22:23:20,987 - gpsd_manager - INFO - [Converter] Error writing debug file: Object of type datetime is not JSON serializable
2026-08-20 22:23:20,987 - gpsd_manager - INFO - [Converter] [gps_print] Wrote debug info, buffer has 55 lines
2026-08-20 22:23:22,138 - gpsd_manager - INFO - [Converter] GPSPrint: Parsed ZED data, has_gps_time=True
2026-08-20 22:23:22,138 - gpsd_manager - INFO - [Converter] GPSPrint: Returning parsed result
2026-08-20 22:23:22,138 - gpsd_manager - INFO - [Converter] Error writing debug file: Object of type datetime is not JSON serializable
2026-08-20 22:23:22,139 - gpsd_manager - INFO - [Converter] [gps_print] Wrote debug info, buffer has 57 lines
2026-08-20 22:23:23,190 - gpsd_manager - INFO - [Converter] GPSPrint: Parsed ZED data, has_gps_time=True
2026-08-20 22:23:23,190 - gpsd_manager - INFO - [Converter] GPSPrint: Returning parsed result
2026-08-20 22:23:23,192 - gpsd_manager - INFO - [Converter] Error writing debug file: Object of type datetime is not JSON serializable
2026-08-20 22:23:23,192 - gpsd_manager - INFO - [Converter] [gps_print] Wrote debug info, buffer has 59 lines
2026-08-20 22:23:24,215 - gpsd_manager - INFO - [Converter] GPSPrint: Parsed ZED data, has_gps_time=True
2026-08-20 22:23:24,215 - gpsd_manager - INFO - [Converter] GPSPrint: Returning parsed result
2026-08-20 22:23:24,215 - gpsd_manager - INFO - [Converter] Error writing debug file: Object of type datetime is not JSON serializable
2026-08-20 22:23:24,215 - gpsd_manager - INFO - [Converter] [gps_print] Wrote debug info, buffer has 60 lines
2026-08-20 22:23:25,277 - gpsd_manager - INFO - [Converter] GPSPrint: Parsed ZED data, has_gps_time=True
2026-08-20 22:23:25,277 - gpsd_manager - INFO - [Converter] GPSPrint: Returning parsed result
2026-08-20 22:23:25,279 - gpsd_manager - INFO - [Converter] Error writing debug file: Object of type datetime is not JSON serializable
2026-08-20 22:23:25,279 - gpsd_manager - INFO - [Converter] [gps_print] Wrote debug info, buffer has 62 lines
2026-08-20 22:23:27,218 - gpsd_manager - INFO - [Converter] GPSPrint: Parsed ZED data, has_gps_time=True
2026-08-20 22:23:27,218 - gpsd_manager - INFO - [Converter] GPSPrint: Returning parsed result
2026-08-20 22:23:27,218 - gpsd_manager - INFO - [Converter] Error writing debug file: Object of type datetime is not JSON serializable
2026-08-20 22:23:27,218 - gpsd_manager - INFO - [Converter] [gps_print] Wrote debug info, buffer has 64 lines
2026-08-20 22:23:28,078 - gpsd_manager - INFO - [Converter] GPSPrint: Parsed ZED data, has_gps_time=True
2026-08-20 22:23:28,078 - gpsd_manager - INFO - [Converter] GPSPrint: Returning parsed result
2026-08-20 22:23:28,078 - gpsd_manager - INFO - [Converter] Error writing debug file: Object of type datetime is not JSON serializable
2026-08-20 22:23:28,078 - gpsd_manager - INFO - [Converter] [gps_print] Wrote debug info, buffer has 66 lines
2026-08-20 22:23:29,197 - gpsd_manager - INFO - [Converter] GPSPrint: Parsed ZED data, has_gps_time=True
2026-08-20 22:23:29,197 - gpsd_manager - INFO - [Converter] GPSPrint: Returning parsed result
2026-08-20 22:23:29,198 - gpsd_manager - INFO - [Converter] Error writing debug file: Object of type datetime is not JSON serializable
2026-08-20 22:23:29,199 - gpsd_manager - INFO - [Converter] [gps_print] Wrote debug info, buffer has 67 lines
2026-08-20 22:23:30,155 - gpsd_manager - INFO - [Converter] GPSPrint: Parsed ZED data, has_gps_time=True
2026-08-20 22:23:30,155 - gpsd_manager - INFO - [Converter] GPSPrint: Returning parsed result
2026-08-20 22:23:30,156 - gpsd_manager - INFO - [Converter] Error writing debug file: Object of type datetime is not JSON serializable
2026-08-20 22:23:30,156 - gpsd_manager - INFO - [Converter] [gps_print] Wrote debug info, buffer has 69 lines
2026-08-20 22:23:31,177 - gpsd_manager - INFO - [Converter] GPSPrint: Parsed ZED data, has_gps_time=True
2026-08-20 22:23:31,177 - gpsd_manager - INFO - [Converter] GPSPrint: Returning parsed result
2026-08-20 22:23:31,178 - gpsd_manager - INFO - [Converter] Error writing debug file: Object of type datetime is not JSON serializable
2026-08-20 22:23:31,178 - gpsd_manager - INFO - [Converter] [gps_print] Wrote debug info, buffer has 70 lines
2026-08-20 22:24:34,460 - gpsd_manager - INFO - Setting parser_type to: gps_print
2026-08-20 22:24:34,462 - gpsd_manager - INFO - Parser type now: gps_print
2026-08-20 22:24:34,473 - gpsd_manager - INFO - Starting converter with parser_type=gps_print
2026-08-20 22:24:34,473 - gpsd_manager - INFO - Command: C:\Users\me\AppData\Local\Programs\Python\Python312\python.exe c:\Users\me\app-gpsd_manager\mcode_converter.py --port COM9 --baudrate 9600 --mode tcp --parser gps_print
2026-08-20 22:24:34,483 - gpsd_manager - INFO - Converter process started with PID 45276
2026-08-20 22:24:35,984 - gpsd_manager - INFO - Converter running on port 2948 for gps_print format
2026-08-20 22:24:35,984 - gpsd_manager - INFO - [Converter] Sent disable command: mcode atak disable
2026-08-20 22:24:35,985 - gpsd_manager - INFO - [Converter] Sent enable command: gps print enable
2026-08-20 22:24:35,985 - gpsd_manager - INFO - [Converter] TCP server listening on port 2948
2026-08-20 22:24:35,986 - gpsd_manager - INFO - [Converter] MCODE converter: reading from COM9, streaming NMEA via TCP port 2948
2026-08-20 22:24:35,986 - gpsd_manager - INFO - [Converter] GPSPrint: Parsed ZED data, has_gps_time=True
2026-08-20 22:24:35,986 - gpsd_manager - INFO - [Converter] GPSPrint: Returning parsed result
2026-08-20 22:24:35,986 - gpsd_manager - INFO - [Converter] Error writing debug file: Object of type datetime is not JSON serializable
2026-08-20 22:24:35,987 - gpsd_manager - INFO - [Converter] [gps_print] Wrote debug info, buffer has 3 lines
2026-08-20 22:24:36,387 - gpsd_manager - INFO - [Converter] GPSPrint: Parsed ZED data, has_gps_time=True
2026-08-20 22:24:36,387 - gpsd_manager - INFO - [Converter] GPSPrint: Returning parsed result
2026-08-20 22:24:36,387 - gpsd_manager - INFO - [Converter] Error writing debug file: Object of type datetime is not JSON serializable
2026-08-20 22:24:36,388 - gpsd_manager - INFO - [Converter] [gps_print] Wrote debug info, buffer has 5 lines
2026-08-20 22:24:37,436 - gpsd_manager - INFO - [Converter] GPSPrint: Parsed ZED data, has_gps_time=True
2026-08-20 22:24:37,436 - gpsd_manager - INFO - [Converter] GPSPrint: Returning parsed result
2026-08-20 22:24:37,437 - gpsd_manager - INFO - [Converter] Error writing debug file: Object of type datetime is not JSON serializable
2026-08-20 22:24:37,437 - gpsd_manager - INFO - [Converter] [gps_print] Wrote debug info, buffer has 7 lines
2026-08-20 22:24:38,292 - gpsd_manager - INFO - [Converter] GPSPrint: Parsed ZED data, has_gps_time=True
2026-08-20 22:24:38,292 - gpsd_manager - INFO - [Converter] GPSPrint: Returning parsed result
2026-08-20 22:24:38,293 - gpsd_manager - INFO - [Converter] Error writing debug file: Object of type datetime is not JSON serializable
2026-08-20 22:24:38,293 - gpsd_manager - INFO - [Converter] [gps_print] Wrote debug info, buffer has 9 lines
2026-08-20 22:24:39,245 - gpsd_manager - INFO - [Converter] GPSPrint: Parsed ZED data, has_gps_time=True
2026-08-20 22:24:39,245 - gpsd_manager - INFO - [Converter] GPSPrint: Returning parsed result
2026-08-20 22:24:39,246 - gpsd_manager - INFO - [Converter] Error writing debug file: Object of type datetime is not JSON serializable
2026-08-20 22:24:39,247 - gpsd_manager - INFO - [Converter] [gps_print] Wrote debug info, buffer has 11 lines
2026-08-20 22:24:40,496 - gpsd_manager - INFO - [Converter] GPSPrint: Parsed ZED data, has_gps_time=True
2026-08-20 22:24:40,497 - gpsd_manager - INFO - [Converter] GPSPrint: Returning parsed result
2026-08-20 22:24:40,497 - gpsd_manager - INFO - [Converter] Error writing debug file: Object of type datetime is not JSON serializable
2026-08-20 22:24:40,498 - gpsd_manager - INFO - [Converter] [gps_print] Wrote debug info, buffer has 13 lines
2026-08-20 22:24:41,457 - gpsd_manager - INFO - [Converter] GPSPrint: Parsed ZED data, has_gps_time=True
2026-08-20 22:24:41,457 - gpsd_manager - INFO - [Converter] GPSPrint: Returning parsed result
2026-08-20 22:24:41,458 - gpsd_manager - INFO - [Converter] Error writing debug file: Object of type datetime is not JSON serializable
2026-08-20 22:24:41,458 - gpsd_manager - INFO - [Converter] [gps_print] Wrote debug info, buffer has 15 lines
2026-08-20 22:24:42,315 - gpsd_manager - INFO - [Converter] GPSPrint: Parsed ZED data, has_gps_time=True
2026-08-20 22:24:42,315 - gpsd_manager - INFO - [Converter] GPSPrint: Returning parsed result
2026-08-20 22:24:42,316 - gpsd_manager - INFO - [Converter] Error writing debug file: Object of type datetime is not JSON serializable
2026-08-20 22:24:42,317 - gpsd_manager - INFO - [Converter] [gps_print] Wrote debug info, buffer has 17 lines
2026-08-20 22:24:43,365 - gpsd_manager - INFO - [Converter] GPSPrint: Parsed ZED data, has_gps_time=True
2026-08-20 22:24:43,366 - gpsd_manager - INFO - [Converter] GPSPrint: Returning parsed result
2026-08-20 22:24:43,366 - gpsd_manager - INFO - [Converter] Error writing debug file: Object of type datetime is not JSON serializable
2026-08-20 22:24:43,366 - gpsd_manager - INFO - [Converter] [gps_print] Wrote debug info, buffer has 19 lines
2026-08-20 22:24:44,422 - gpsd_manager - INFO - [Converter] GPSPrint: Parsed ZED data, has_gps_time=True
2026-08-20 22:24:44,422 - gpsd_manager - INFO - [Converter] GPSPrint: Returning parsed result
2026-08-20 22:24:44,423 - gpsd_manager - INFO - [Converter] Error writing debug file: Object of type datetime is not JSON serializable
2026-08-20 22:24:44,423 - gpsd_manager - INFO - [Converter] [gps_print] Wrote debug info, buffer has 21 lines
2026-08-20 22:24:45,380 - gpsd_manager - INFO - [Converter] GPSPrint: Parsed ZED data, has_gps_time=True
2026-08-20 22:24:45,380 - gpsd_manager - INFO - [Converter] GPSPrint: Returning parsed result
2026-08-20 22:24:45,381 - gpsd_manager - INFO - [Converter] Error writing debug file: Object of type datetime is not JSON serializable
2026-08-20 22:24:45,381 - gpsd_manager - INFO - [Converter] [gps_print] Wrote debug info, buffer has 23 lines
2026-08-20 22:24:46,330 - gpsd_manager - INFO - [Converter] GPSPrint: Parsed ZED data, has_gps_time=True
2026-08-20 22:24:46,330 - gpsd_manager - INFO - [Converter] GPSPrint: Returning parsed result
2026-08-20 22:24:46,330 - gpsd_manager - INFO - [Converter] Error writing debug file: Object of type datetime is not JSON serializable
2026-08-20 22:24:46,330 - gpsd_manager - INFO - [Converter] [gps_print] Wrote debug info, buffer has 25 lines
2026-08-20 22:24:47,482 - gpsd_manager - INFO - [Converter] GPSPrint: Parsed ZED data, has_gps_time=True
2026-08-20 22:24:47,482 - gpsd_manager - INFO - [Converter] GPSPrint: Returning parsed result
2026-08-20 22:24:47,483 - gpsd_manager - INFO - [Converter] Error writing debug file: Object of type datetime is not JSON serializable
2026-08-20 22:24:47,483 - gpsd_manager - INFO - [Converter] [gps_print] Wrote debug info, buffer has 27 lines
2026-08-20 22:24:48,438 - gpsd_manager - INFO - [Converter] GPSPrint: Parsed ZED data, has_gps_time=True
2026-08-20 22:24:48,438 - gpsd_manager - INFO - [Converter] GPSPrint: Returning parsed result
2026-08-20 22:24:48,439 - gpsd_manager - INFO - [Converter] Error writing debug file: Object of type datetime is not JSON serializable
2026-08-20 22:24:48,439 - gpsd_manager - INFO - [Converter] [gps_print] Wrote debug info, buffer has 29 lines
2026-08-20 22:24:49,296 - gpsd_manager - INFO - [Converter] GPSPrint: Parsed ZED data, has_gps_time=True
2026-08-20 22:24:49,296 - gpsd_manager - INFO - [Converter] GPSPrint: Returning parsed result
2026-08-20 22:24:49,297 - gpsd_manager - INFO - [Converter] Error writing debug file: Object of type datetime is not JSON serializable
2026-08-20 22:24:49,297 - gpsd_manager - INFO - [Converter] [gps_print] Wrote debug info, buffer has 31 lines
2026-08-20 22:24:50,249 - gpsd_manager - INFO - [Converter] GPSPrint: Parsed ZED data, has_gps_time=True
2026-08-20 22:24:50,249 - gpsd_manager - INFO - [Converter] GPSPrint: Returning parsed result
2026-08-20 22:24:50,250 - gpsd_manager - INFO - [Converter] Error writing debug file: Object of type datetime is not JSON serializable
2026-08-20 22:24:50,250 - gpsd_manager - INFO - [Converter] [gps_print] Wrote debug info, buffer has 33 lines
2026-08-20 22:24:51,505 - gpsd_manager - INFO - [Converter] GPSPrint: Parsed ZED data, has_gps_time=True
2026-08-20 22:24:51,505 - gpsd_manager - INFO - [Converter] GPSPrint: Returning parsed result
2026-08-20 22:24:51,506 - gpsd_manager - INFO - [Converter] Error writing debug file: Object of type datetime is not JSON serializable
2026-08-20 22:24:51,506 - gpsd_manager - INFO - [Converter] [gps_print] Wrote debug info, buffer has 35 lines
2026-08-20 22:24:52,457 - gpsd_manager - INFO - [Converter] GPSPrint: Parsed ZED data, has_gps_time=True
2026-08-20 22:24:52,458 - gpsd_manager - INFO - [Converter] GPSPrint: Returning parsed result
2026-08-20 22:24:52,459 - gpsd_manager - INFO - [Converter] Error writing debug file: Object of type datetime is not JSON serializable
2026-08-20 22:24:52,459 - gpsd_manager - INFO - [Converter] [gps_print] Wrote debug info, buffer has 37 lines
2026-08-20 22:24:53,311 - gpsd_manager - INFO - [Converter] GPSPrint: Parsed ZED data, has_gps_time=True
2026-08-20 22:24:53,311 - gpsd_manager - INFO - [Converter] GPSPrint: Returning parsed result
2026-08-20 22:24:53,312 - gpsd_manager - INFO - [Converter] Error writing debug file: Object of type datetime is not JSON serializable
2026-08-20 22:24:53,312 - gpsd_manager - INFO - [Converter] [gps_print] Wrote debug info, buffer has 39 lines
2026-08-20 22:24:54,269 - gpsd_manager - INFO - [Converter] GPSPrint: Parsed ZED data, has_gps_time=True
2026-08-20 22:24:54,269 - gpsd_manager - INFO - [Converter] GPSPrint: Returning parsed result
2026-08-20 22:24:54,270 - gpsd_manager - INFO - [Converter] Error writing debug file: Object of type datetime is not JSON serializable
2026-08-20 22:24:54,270 - gpsd_manager - INFO - [Converter] [gps_print] Wrote debug info, buffer has 41 lines
2026-08-20 22:24:55,419 - gpsd_manager - INFO - [Converter] GPSPrint: Parsed ZED data, has_gps_time=True
2026-08-20 22:24:55,419 - gpsd_manager - INFO - [Converter] GPSPrint: Returning parsed result
2026-08-20 22:24:55,419 - gpsd_manager - INFO - [Converter] Error writing debug file: Object of type datetime is not JSON serializable
2026-08-20 22:24:55,420 - gpsd_manager - INFO - [Converter] [gps_print] Wrote debug info, buffer has 43 lines
2026-08-20 22:24:56,375 - gpsd_manager - INFO - [Converter] GPSPrint: Parsed ZED data, has_gps_time=True
2026-08-20 22:24:56,376 - gpsd_manager - INFO - [Converter] GPSPrint: Returning parsed result
2026-08-20 22:24:56,377 - gpsd_manager - INFO - [Converter] Error writing debug file: Object of type datetime is not JSON serializable
2026-08-20 22:24:56,377 - gpsd_manager - INFO - [Converter] [gps_print] Wrote debug info, buffer has 45 lines
2026-08-20 22:24:57,231 - gpsd_manager - INFO - [Converter] GPSPrint: Parsed ZED data, has_gps_time=True
2026-08-20 22:24:57,231 - gpsd_manager - INFO - [Converter] GPSPrint: Returning parsed result
2026-08-20 22:24:57,232 - gpsd_manager - INFO - [Converter] Error writing debug file: Object of type datetime is not JSON serializable
2026-08-20 22:24:57,232 - gpsd_manager - INFO - [Converter] [gps_print] Wrote debug info, buffer has 47 lines
2026-08-20 22:24:58,383 - gpsd_manager - INFO - [Converter] GPSPrint: Parsed ZED data, has_gps_time=True
2026-08-20 22:24:58,383 - gpsd_manager - INFO - [Converter] GPSPrint: Returning parsed result
2026-08-20 22:24:58,383 - gpsd_manager - INFO - [Converter] Error writing debug file: Object of type datetime is not JSON serializable
2026-08-20 22:24:58,384 - gpsd_manager - INFO - [Converter] [gps_print] Wrote debug info, buffer has 49 lines
2026-08-20 22:24:59,441 - gpsd_manager - INFO - [Converter] GPSPrint: Parsed ZED data, has_gps_time=True
2026-08-20 22:24:59,442 - gpsd_manager - INFO - [Converter] GPSPrint: Returning parsed result
2026-08-20 22:24:59,442 - gpsd_manager - INFO - [Converter] Error writing debug file: Object of type datetime is not JSON serializable
2026-08-20 22:24:59,442 - gpsd_manager - INFO - [Converter] [gps_print] Wrote debug info, buffer has 51 lines
2026-08-20 22:25:00,390 - gpsd_manager - INFO - [Converter] GPSPrint: Parsed ZED data, has_gps_time=True
2026-08-20 22:25:00,390 - gpsd_manager - INFO - [Converter] GPSPrint: Returning parsed result
2026-08-20 22:25:00,390 - gpsd_manager - INFO - [Converter] Error writing debug file: Object of type datetime is not JSON serializable
2026-08-20 22:25:00,390 - gpsd_manager - INFO - [Converter] [gps_print] Wrote debug info, buffer has 53 lines
2026-08-20 22:25:05,222 - gpsd_manager - INFO - Setting parser_type to: mcode
2026-08-20 22:25:05,224 - gpsd_manager - INFO - Parser type now: mcode
2026-08-20 22:25:06,618 - gpsd_manager - INFO - Setting parser_type to: mcode
2026-08-20 22:25:06,619 - gpsd_manager - INFO - Parser type now: mcode
2026-08-20 22:25:06,628 - gpsd_manager - INFO - Starting converter with parser_type=mcode
2026-08-20 22:25:06,629 - gpsd_manager - INFO - Command: C:\Users\me\AppData\Local\Programs\Python\Python312\python.exe c:\Users\me\app-gpsd_manager\mcode_converter.py --port COM9 --baudrate 9600 --mode tcp --parser mcode
2026-08-20 22:25:06,640 - gpsd_manager - INFO - Converter process started with PID 41932
2026-08-20 22:25:08,142 - gpsd_manager - INFO - Converter running on port 2948 for mcode format
2026-08-20 22:25:08,143 - gpsd_manager - INFO - [Converter] Sent disable command: gps print disable
2026-08-20 22:25:08,143 - gpsd_manager - INFO - [Converter] Sent enable command: mcode atak enable
2026-08-20 22:25:08,143 - gpsd_manager - INFO - [Converter] TCP server listening on port 2948
2026-08-20 22:25:08,145 - gpsd_manager - INFO - [Converter] MCODE converter: reading from COM9, streaming NMEA via TCP port 2948
2026-08-20 22:25:08,145 - gpsd_manager - INFO - [Converter] [mcode] Wrote debug info, buffer has 14 lines
2026-08-20 22:25:08,320 - gpsd_manager - INFO - [Converter] [mcode] Wrote debug info, buffer has 18 lines
2026-08-20 22:25:09,334 - gpsd_manager - INFO - [Converter] [mcode] Wrote debug info, buffer has 22 lines
2026-08-20 22:25:11,140 - gpsd_manager - INFO - [Converter] [mcode] Wrote debug info, buffer has 26 lines
2026-08-20 22:25:16,144 - gpsd_manager - INFO - Setting parser_type to: gps_print
2026-08-20 22:25:16,145 - gpsd_manager - INFO - Parser type now: gps_print
2026-08-20 22:25:17,741 - gpsd_manager - INFO - Setting parser_type to: gps_print
2026-08-20 22:25:17,742 - gpsd_manager - INFO - Parser type now: gps_print
2026-08-20 22:25:17,748 - gpsd_manager - INFO - Starting converter with parser_type=gps_print
2026-08-20 22:25:17,749 - gpsd_manager - INFO - Command: C:\Users\me\AppData\Local\Programs\Python\Python312\python.exe c:\Users\me\app-gpsd_manager\mcode_converter.py --port COM9 --baudrate 9600 --mode tcp --parser gps_print
2026-08-20 22:25:17,755 - gpsd_manager - INFO - Converter process started with PID 59352
2026-08-20 22:25:19,257 - gpsd_manager - INFO - Converter running on port 2948 for gps_print format
2026-08-20 22:25:19,257 - gpsd_manager - INFO - [Converter] Sent disable command: mcode atak disable
2026-08-20 22:25:19,257 - gpsd_manager - INFO - [Converter] Sent enable command: gps print enable
2026-08-20 22:25:19,257 - gpsd_manager - INFO - [Converter] TCP server listening on port 2948
2026-08-20 22:25:19,258 - gpsd_manager - INFO - [Converter] MCODE converter: reading from COM9, streaming NMEA via TCP port 2948
2026-08-20 22:25:19,272 - gpsd_manager - INFO - [Converter] GPSPrint: Parsed ZED data, has_gps_time=False
2026-08-20 22:25:20,219 - gpsd_manager - INFO - [Converter] GPSPrint: Parsed ZED data, has_gps_time=True
2026-08-20 22:25:20,219 - gpsd_manager - INFO - [Converter] GPSPrint: Returning parsed result
2026-08-20 22:25:20,220 - gpsd_manager - INFO - [Converter] Error writing debug file: Object of type datetime is not JSON serializable
2026-08-20 22:25:20,220 - gpsd_manager - INFO - [Converter] [gps_print] Wrote debug info, buffer has 15 lines
2026-08-20 22:25:21,480 - gpsd_manager - INFO - [Converter] GPSPrint: Parsed ZED data, has_gps_time=True
2026-08-20 22:25:21,480 - gpsd_manager - INFO - [Converter] GPSPrint: Returning parsed result
2026-08-20 22:25:21,480 - gpsd_manager - INFO - [Converter] Error writing debug file: Object of type datetime is not JSON serializable
2026-08-20 22:25:21,481 - gpsd_manager - INFO - [Converter] [gps_print] Wrote debug info, buffer has 17 lines
2026-08-20 22:25:22,298 - gpsd_manager - INFO - [Converter] GPSPrint: Parsed ZED data, has_gps_time=True
2026-08-20 22:25:22,299 - gpsd_manager - INFO - [Converter] GPSPrint: Returning parsed result
2026-08-20 22:25:22,299 - gpsd_manager - INFO - [Converter] Error writing debug file: Object of type datetime is not JSON serializable
2026-08-20 22:25:22,299 - gpsd_manager - INFO - [Converter] [gps_print] Wrote debug info, buffer has 18 lines
2026-08-20 22:25:23,153 - gpsd_manager - INFO - [Converter] GPSPrint: Parsed ZED data, has_gps_time=True
2026-08-20 22:25:23,153 - gpsd_manager - INFO - [Converter] GPSPrint: Returning parsed result
2026-08-20 22:25:23,155 - gpsd_manager - INFO - [Converter] Error writing debug file: Object of type datetime is not JSON serializable
2026-08-20 22:25:23,155 - gpsd_manager - INFO - [Converter] [gps_print] Wrote debug info, buffer has 20 lines
2026-08-20 22:25:24,115 - gpsd_manager - INFO - [Converter] GPSPrint: Parsed ZED data, has_gps_time=True
2026-08-20 22:25:24,116 - gpsd_manager - INFO - [Converter] GPSPrint: Returning parsed result
2026-08-20 22:25:24,117 - gpsd_manager - INFO - [Converter] Error writing debug file: Object of type datetime is not JSON serializable
2026-08-20 22:25:24,117 - gpsd_manager - INFO - [Converter] [gps_print] Wrote debug info, buffer has 22 lines
2026-08-20 22:25:25,263 - gpsd_manager - INFO - [Converter] GPSPrint: Parsed ZED data, has_gps_time=True
2026-08-20 22:25:25,263 - gpsd_manager - INFO - [Converter] GPSPrint: Returning parsed result
2026-08-20 22:25:25,264 - gpsd_manager - INFO - [Converter] Error writing debug file: Object of type datetime is not JSON serializable
2026-08-20 22:25:25,264 - gpsd_manager - INFO - [Converter] [gps_print] Wrote debug info, buffer has 24 lines
2026-08-20 22:25:26,422 - gpsd_manager - INFO - [Converter] GPSPrint: Parsed ZED data, has_gps_time=True
2026-08-20 22:25:26,422 - gpsd_manager - INFO - [Converter] GPSPrint: Returning parsed result
2026-08-20 22:25:26,422 - gpsd_manager - INFO - [Converter] Error writing debug file: Object of type datetime is not JSON serializable
2026-08-20 22:25:26,423 - gpsd_manager - INFO - [Converter] [gps_print] Wrote debug info, buffer has 26 lines
2026-08-20 22:25:27,470 - gpsd_manager - INFO - [Converter] GPSPrint: Parsed ZED data, has_gps_time=True
2026-08-20 22:25:27,470 - gpsd_manager - INFO - [Converter] GPSPrint: Returning parsed result
2026-08-20 22:25:27,470 - gpsd_manager - INFO - [Converter] Error writing debug file: Object of type datetime is not JSON serializable
2026-08-20 22:25:27,472 - gpsd_manager - INFO - [Converter] [gps_print] Wrote debug info, buffer has 28 lines
2026-08-20 22:25:28,223 - gpsd_manager - INFO - [Converter] GPSPrint: Parsed ZED data, has_gps_time=True
2026-08-20 22:25:28,223 - gpsd_manager - INFO - [Converter] GPSPrint: Returning parsed result
2026-08-20 22:25:28,224 - gpsd_manager - INFO - [Converter] Error writing debug file: Object of type datetime is not JSON serializable
2026-08-20 22:25:28,224 - gpsd_manager - INFO - [Converter] [gps_print] Wrote debug info, buffer has 30 lines
2026-08-20 22:25:29,280 - gpsd_manager - INFO - [Converter] GPSPrint: Parsed ZED data, has_gps_time=True
2026-08-20 22:25:29,280 - gpsd_manager - INFO - [Converter] GPSPrint: Returning parsed result
2026-08-20 22:25:29,281 - gpsd_manager - INFO - [Converter] Error writing debug file: Object of type datetime is not JSON serializable
2026-08-20 22:25:29,281 - gpsd_manager - INFO - [Converter] [gps_print] Wrote debug info, buffer has 32 lines
2026-08-20 22:25:30,438 - gpsd_manager - INFO - [Converter] GPSPrint: Parsed ZED data, has_gps_time=True
2026-08-20 22:25:30,438 - gpsd_manager - INFO - [Converter] GPSPrint: Returning parsed result
2026-08-20 22:25:30,439 - gpsd_manager - INFO - [Converter] Error writing debug file: Object of type datetime is not JSON serializable
2026-08-20 22:25:30,439 - gpsd_manager - INFO - [Converter] [gps_print] Wrote debug info, buffer has 34 lines
2026-08-20 22:25:31,392 - gpsd_manager - INFO - [Converter] GPSPrint: Parsed ZED data, has_gps_time=True
2026-08-20 22:25:31,392 - gpsd_manager - INFO - [Converter] GPSPrint: Returning parsed result
2026-08-20 22:25:31,392 - gpsd_manager - INFO - [Converter] Error writing debug file: Object of type datetime is not JSON serializable
2026-08-20 22:25:31,392 - gpsd_manager - INFO - [Converter] [gps_print] Wrote debug info, buffer has 36 lines
2026-08-20 22:25:32,242 - gpsd_manager - INFO - [Converter] GPSPrint: Parsed ZED data, has_gps_time=True
2026-08-20 22:25:32,242 - gpsd_manager - INFO - [Converter] GPSPrint: Returning parsed result
2026-08-20 22:25:32,242 - gpsd_manager - INFO - [Converter] Error writing debug file: Object of type datetime is not JSON serializable
2026-08-20 22:25:32,243 - gpsd_manager - INFO - [Converter] [gps_print] Wrote debug info, buffer has 38 lines
2026-08-20 22:25:33,405 - gpsd_manager - INFO - [Converter] GPSPrint: Parsed ZED data, has_gps_time=True
2026-08-20 22:25:33,405 - gpsd_manager - INFO - [Converter] GPSPrint: Returning parsed result
2026-08-20 22:25:33,406 - gpsd_manager - INFO - [Converter] Error writing debug file: Object of type datetime is not JSON serializable
2026-08-20 22:25:33,406 - gpsd_manager - INFO - [Converter] [gps_print] Wrote debug info, buffer has 40 lines
2026-08-20 22:25:34,456 - gpsd_manager - INFO - [Converter] GPSPrint: Parsed ZED data, has_gps_time=True
2026-08-20 22:25:34,457 - gpsd_manager - INFO - [Converter] GPSPrint: Returning parsed result
2026-08-20 22:25:34,457 - gpsd_manager - INFO - [Converter] Error writing debug file: Object of type datetime is not JSON serializable
2026-08-20 22:25:34,457 - gpsd_manager - INFO - [Converter] [gps_print] Wrote debug info, buffer has 42 lines
2026-08-20 22:25:35,407 - gpsd_manager - INFO - [Converter] GPSPrint: Parsed ZED data, has_gps_time=True
2026-08-20 22:25:35,408 - gpsd_manager - INFO - [Converter] GPSPrint: Returning parsed result
2026-08-20 22:25:35,408 - gpsd_manager - INFO - [Converter] Error writing debug file: Object of type datetime is not JSON serializable
2026-08-20 22:25:35,408 - gpsd_manager - INFO - [Converter] [gps_print] Wrote debug info, buffer has 44 lines
2026-08-20 22:25:36,267 - gpsd_manager - INFO - [Converter] GPSPrint: Parsed ZED data, has_gps_time=True
2026-08-20 22:25:36,267 - gpsd_manager - INFO - [Converter] GPSPrint: Returning parsed result
2026-08-20 22:25:36,267 - gpsd_manager - INFO - [Converter] Error writing debug file: Object of type datetime is not JSON serializable
2026-08-20 22:25:36,267 - gpsd_manager - INFO - [Converter] [gps_print] Wrote debug info, buffer has 46 lines
2026-08-20 22:25:37,194 - gpsd_manager - INFO - [Converter] GPSPrint: Parsed ZED data, has_gps_time=True
2026-08-20 22:25:37,194 - gpsd_manager - INFO - [Converter] GPSPrint: Returning parsed result
2026-08-20 22:25:37,197 - gpsd_manager - INFO - [Converter] Error writing debug file: Object of type datetime is not JSON serializable
2026-08-20 22:25:37,197 - gpsd_manager - INFO - [Converter] [gps_print] Wrote debug info, buffer has 47 lines
2026-08-20 22:25:38,244 - gpsd_manager - INFO - [Converter] GPSPrint: Parsed ZED data, has_gps_time=True
2026-08-20 22:25:38,244 - gpsd_manager - INFO - [Converter] GPSPrint: Returning parsed result
2026-08-20 22:25:38,244 - gpsd_manager - INFO - [Converter] Error writing debug file: Object of type datetime is not JSON serializable
2026-08-20 22:25:38,244 - gpsd_manager - INFO - [Converter] [gps_print] Wrote debug info, buffer has 49 lines
2026-08-20 22:25:39,268 - gpsd_manager - INFO - [Converter] GPSPrint: Parsed ZED data, has_gps_time=True
2026-08-20 22:25:39,268 - gpsd_manager - INFO - [Converter] GPSPrint: Returning parsed result
2026-08-20 22:25:39,268 - gpsd_manager - INFO - [Converter] Error writing debug file: Object of type datetime is not JSON serializable
2026-08-20 22:25:39,268 - gpsd_manager - INFO - [Converter] [gps_print] Wrote debug info, buffer has 50 lines
2026-08-20 22:25:40,220 - gpsd_manager - INFO - [Converter] GPSPrint: Parsed ZED data, has_gps_time=True
2026-08-20 22:25:40,220 - gpsd_manager - INFO - [Converter] GPSPrint: Returning parsed result
2026-08-20 22:25:40,220 - gpsd_manager - INFO - [Converter] Error writing debug file: Object of type datetime is not JSON serializable
2026-08-20 22:25:40,222 - gpsd_manager - INFO - [Converter] [gps_print] Wrote debug info, buffer has 52 lines
2026-08-20 22:25:41,143 - gpsd_manager - INFO - [Converter] GPSPrint: Parsed ZED data, has_gps_time=True
2026-08-20 22:25:41,143 - gpsd_manager - INFO - [Converter] GPSPrint: Returning parsed result
2026-08-20 22:25:41,143 - gpsd_manager - INFO - [Converter] Error writing debug file: Object of type datetime is not JSON serializable
2026-08-20 22:25:41,143 - gpsd_manager - INFO - [Converter] [gps_print] Wrote debug info, buffer has 53 lines
2026-08-20 22:25:41,972 - gpsd_manager - INFO - [Converter] GPSPrint: Parsed ZED data, has_gps_time=True
2026-08-20 22:25:41,972 - gpsd_manager - INFO - [Converter] GPSPrint: Returning parsed result
2026-08-20 22:25:41,972 - gpsd_manager - INFO - [Converter] Error writing debug file: Object of type datetime is not JSON serializable
2026-08-20 22:25:41,972 - gpsd_manager - INFO - [Converter] [gps_print] Wrote debug info, buffer has 54 lines
2026-08-20 22:25:43,223 - gpsd_manager - INFO - [Converter] GPSPrint: Parsed ZED data, has_gps_time=True
2026-08-20 22:25:43,223 - gpsd_manager - INFO - [Converter] GPSPrint: Returning parsed result
2026-08-20 22:25:43,225 - gpsd_manager - INFO - [Converter] Error writing debug file: Object of type datetime is not JSON serializable
2026-08-20 22:25:43,225 - gpsd_manager - INFO - [Converter] [gps_print] Wrote debug info, buffer has 56 lines
2026-08-20 22:25:44,254 - gpsd_manager - INFO - [Converter] GPSPrint: Parsed ZED data, has_gps_time=True
2026-08-20 22:25:44,254 - gpsd_manager - INFO - [Converter] GPSPrint: Returning parsed result
2026-08-20 22:25:44,254 - gpsd_manager - INFO - [Converter] Error writing debug file: Object of type datetime is not JSON serializable
2026-08-20 22:25:44,255 - gpsd_manager - INFO - [Converter] [gps_print] Wrote debug info, buffer has 57 lines
2026-08-20 22:25:45,077 - gpsd_manager - INFO - [Converter] GPSPrint: Parsed ZED data, has_gps_time=True
2026-08-20 22:25:45,077 - gpsd_manager - INFO - [Converter] GPSPrint: Returning parsed result
2026-08-20 22:25:45,077 - gpsd_manager - INFO - [Converter] Error writing debug file: Object of type datetime is not JSON serializable
2026-08-20 22:25:45,078 - gpsd_manager - INFO - [Converter] [gps_print] Wrote debug info, buffer has 58 lines
2026-08-20 22:25:45,935 - gpsd_manager - INFO - [Converter] GPSPrint: Parsed ZED data, has_gps_time=True
2026-08-20 22:25:45,935 - gpsd_manager - INFO - [Converter] GPSPrint: Returning parsed result
2026-08-20 22:25:45,935 - gpsd_manager - INFO - [Converter] Error writing debug file: Object of type datetime is not JSON serializable
2026-08-20 22:25:45,936 - gpsd_manager - INFO - [Converter] [gps_print] Wrote debug info, buffer has 60 lines
2026-08-20 22:25:47,084 - gpsd_manager - INFO - [Converter] GPSPrint: Parsed ZED data, has_gps_time=True
2026-08-20 22:25:47,084 - gpsd_manager - INFO - [Converter] GPSPrint: Returning parsed result
2026-08-20 22:25:47,085 - gpsd_manager - INFO - [Converter] Error writing debug file: Object of type datetime is not JSON serializable
2026-08-20 22:25:47,085 - gpsd_manager - INFO - [Converter] [gps_print] Wrote debug info, buffer has 62 lines
2026-08-20 22:25:48,305 - gpsd_manager - INFO - [Converter] GPSPrint: Parsed ZED data, has_gps_time=True
2026-08-20 22:25:48,305 - gpsd_manager - INFO - [Converter] GPSPrint: Returning parsed result
2026-08-20 22:25:48,305 - gpsd_manager - INFO - [Converter] Error writing debug file: Object of type datetime is not JSON serializable
2026-08-20 22:25:48,306 - gpsd_manager - INFO - [Converter] [gps_print] Wrote debug info, buffer has 63 lines
2026-08-20 22:25:49,264 - gpsd_manager - INFO - [Converter] GPSPrint: Parsed ZED data, has_gps_time=True
2026-08-20 22:25:49,264 - gpsd_manager - INFO - [Converter] GPSPrint: Returning parsed result
2026-08-20 22:25:49,264 - gpsd_manager - INFO - [Converter] Error writing debug file: Object of type datetime is not JSON serializable
2026-08-20 22:25:49,265 - gpsd_manager - INFO - [Converter] [gps_print] Wrote debug info, buffer has 65 lines
2026-08-20 22:25:50,413 - gpsd_manager - INFO - [Converter] GPSPrint: Parsed ZED data, has_gps_time=True
2026-08-20 22:25:50,413 - gpsd_manager - INFO - [Converter] GPSPrint: Returning parsed result
2026-08-20 22:25:50,414 - gpsd_manager - INFO - [Converter] Error writing debug file: Object of type datetime is not JSON serializable
2026-08-20 22:25:50,414 - gpsd_manager - INFO - [Converter] [gps_print] Wrote debug info, buffer has 67 lines
2026-08-20 22:25:51,470 - gpsd_manager - INFO - [Converter] GPSPrint: Parsed ZED data, has_gps_time=True
2026-08-20 22:25:51,470 - gpsd_manager - INFO - [Converter] GPSPrint: Returning parsed result
2026-08-20 22:25:51,470 - gpsd_manager - INFO - [Converter] Error writing debug file: Object of type datetime is not JSON serializable
2026-08-20 22:25:51,472 - gpsd_manager - INFO - [Converter] [gps_print] Wrote debug info, buffer has 69 lines
2026-08-20 22:25:52,320 - gpsd_manager - INFO - [Converter] GPSPrint: Parsed ZED data, has_gps_time=True
2026-08-20 22:25:52,320 - gpsd_manager - INFO - [Converter] GPSPrint: Returning parsed result
2026-08-20 22:25:52,320 - gpsd_manager - INFO - [Converter] Error writing debug file: Object of type datetime is not JSON serializable
2026-08-20 22:25:52,320 - gpsd_manager - INFO - [Converter] [gps_print] Wrote debug info, buffer has 71 lines
2026-08-20 22:25:53,282 - gpsd_manager - INFO - [Converter] GPSPrint: Parsed ZED data, has_gps_time=True
2026-08-20 22:25:53,282 - gpsd_manager - INFO - [Converter] GPSPrint: Returning parsed result
2026-08-20 22:25:53,282 - gpsd_manager - INFO - [Converter] Error writing debug file: Object of type datetime is not JSON serializable
2026-08-20 22:25:53,282 - gpsd_manager - INFO - [Converter] [gps_print] Wrote debug info, buffer has 73 lines
2026-08-20 22:25:54,433 - gpsd_manager - INFO - [Converter] GPSPrint: Parsed ZED data, has_gps_time=True
2026-08-20 22:25:54,433 - gpsd_manager - INFO - [Converter] GPSPrint: Returning parsed result
2026-08-20 22:25:54,433 - gpsd_manager - INFO - [Converter] Error writing debug file: Object of type datetime is not JSON serializable
2026-08-20 22:25:54,433 - gpsd_manager - INFO - [Converter] [gps_print] Wrote debug info, buffer has 75 lines
2026-08-20 22:25:55,387 - gpsd_manager - INFO - [Converter] GPSPrint: Parsed ZED data, has_gps_time=True
2026-08-20 22:25:55,388 - gpsd_manager - INFO - [Converter] GPSPrint: Returning parsed result
2026-08-20 22:25:55,388 - gpsd_manager - INFO - [Converter] Error writing debug file: Object of type datetime is not JSON serializable
2026-08-20 22:25:55,388 - gpsd_manager - INFO - [Converter] [gps_print] Wrote debug info, buffer has 77 lines
2026-08-20 22:25:56,247 - gpsd_manager - INFO - [Converter] GPSPrint: Parsed ZED data, has_gps_time=True
2026-08-20 22:25:56,247 - gpsd_manager - INFO - [Converter] GPSPrint: Returning parsed result
2026-08-20 22:25:56,248 - gpsd_manager - INFO - [Converter] Error writing debug file: Object of type datetime is not JSON serializable
2026-08-20 22:25:56,248 - gpsd_manager - INFO - [Converter] [gps_print] Wrote debug info, buffer has 79 lines
2026-08-20 22:25:57,300 - gpsd_manager - INFO - [Converter] GPSPrint: Parsed ZED data, has_gps_time=True
2026-08-20 22:25:57,300 - gpsd_manager - INFO - [Converter] GPSPrint: Returning parsed result
2026-08-20 22:25:57,300 - gpsd_manager - INFO - [Converter] Error writing debug file: Object of type datetime is not JSON serializable
2026-08-20 22:25:57,300 - gpsd_manager - INFO - [Converter] [gps_print] Wrote debug info, buffer has 81 lines
2026-08-20 22:25:58,447 - gpsd_manager - INFO - [Converter] GPSPrint: Parsed ZED data, has_gps_time=True
2026-08-20 22:25:58,447 - gpsd_manager - INFO - [Converter] GPSPrint: Returning parsed result
2026-08-20 22:25:58,448 - gpsd_manager - INFO - [Converter] Error writing debug file: Object of type datetime is not JSON serializable
2026-08-20 22:25:58,448 - gpsd_manager - INFO - [Converter] [gps_print] Wrote debug info, buffer has 83 lines
2026-08-20 22:25:59,401 - gpsd_manager - INFO - [Converter] GPSPrint: Parsed ZED data, has_gps_time=True
2026-08-20 22:25:59,401 - gpsd_manager - INFO - [Converter] GPSPrint: Returning parsed result
2026-08-20 22:25:59,402 - gpsd_manager - INFO - [Converter] Error writing debug file: Object of type datetime is not JSON serializable
2026-08-20 22:25:59,402 - gpsd_manager - INFO - [Converter] [gps_print] Wrote debug info, buffer has 85 lines
2026-08-20 22:26:01,052 - gpsd_manager - INFO - [Converter] GPSPrint: Parsed ZED data, has_gps_time=True
2026-08-20 22:26:01,053 - gpsd_manager - INFO - [Converter] GPSPrint: Returning parsed result
2026-08-20 22:26:01,053 - gpsd_manager - INFO - [Converter] Error writing debug file: Object of type datetime is not JSON serializable
2026-08-20 22:26:01,053 - gpsd_manager - INFO - [Converter] [gps_print] Wrote debug info, buffer has 87 lines
2026-08-20 22:26:02,282 - gpsd_manager - INFO - [Converter] GPSPrint: Parsed ZED data, has_gps_time=True
2026-08-20 22:26:02,282 - gpsd_manager - INFO - [Converter] GPSPrint: Returning parsed result
2026-08-20 22:26:02,282 - gpsd_manager - INFO - [Converter] Error writing debug file: Object of type datetime is not JSON serializable
2026-08-20 22:26:02,283 - gpsd_manager - INFO - [Converter] [gps_print] Wrote debug info, buffer has 88 lines
2026-08-20 22:26:03,230 - gpsd_manager - INFO - [Converter] GPSPrint: Parsed ZED data, has_gps_time=True
2026-08-20 22:26:03,230 - gpsd_manager - INFO - [Converter] GPSPrint: Returning parsed result
2026-08-20 22:26:03,230 - gpsd_manager - INFO - [Converter] Error writing debug file: Object of type datetime is not JSON serializable
2026-08-20 22:26:03,230 - gpsd_manager - INFO - [Converter] [gps_print] Wrote debug info, buffer has 90 lines
2026-08-20 22:26:04,387 - gpsd_manager - INFO - [Converter] GPSPrint: Parsed ZED data, has_gps_time=True
2026-08-20 22:26:04,387 - gpsd_manager - INFO - [Converter] GPSPrint: Returning parsed result
2026-08-20 22:26:04,387 - gpsd_manager - INFO - [Converter] Error writing debug file: Object of type datetime is not JSON serializable
2026-08-20 22:26:04,388 - gpsd_manager - INFO - [Converter] [gps_print] Wrote debug info, buffer has 92 lines
2026-08-20 22:26:05,342 - gpsd_manager - INFO - [Converter] GPSPrint: Parsed ZED data, has_gps_time=True
2026-08-20 22:26:05,342 - gpsd_manager - INFO - [Converter] GPSPrint: Returning parsed result
2026-08-20 22:26:05,342 - gpsd_manager - INFO - [Converter] Error writing debug file: Object of type datetime is not JSON serializable
2026-08-20 22:26:05,342 - gpsd_manager - INFO - [Converter] [gps_print] Wrote debug info, buffer has 94 lines
2026-08-20 22:26:06,399 - gpsd_manager - INFO - [Converter] GPSPrint: Parsed ZED data, has_gps_time=True
2026-08-20 22:26:06,399 - gpsd_manager - INFO - [Converter] GPSPrint: Returning parsed result
2026-08-20 22:26:06,399 - gpsd_manager - INFO - [Converter] Error writing debug file: Object of type datetime is not JSON serializable
2026-08-20 22:26:06,400 - gpsd_manager - INFO - [Converter] [gps_print] Wrote debug info, buffer has 96 lines
2026-08-20 22:26:07,451 - gpsd_manager - INFO - [Converter] GPSPrint: Parsed ZED data, has_gps_time=True
2026-08-20 22:26:07,451 - gpsd_manager - INFO - [Converter] GPSPrint: Returning parsed result
2026-08-20 22:26:07,452 - gpsd_manager - INFO - [Converter] Error writing debug file: Object of type datetime is not JSON serializable
2026-08-20 22:26:07,452 - gpsd_manager - INFO - [Converter] [gps_print] Wrote debug info, buffer has 98 lines
2026-08-20 22:26:08,203 - gpsd_manager - INFO - [Converter] GPSPrint: Parsed ZED data, has_gps_time=True
2026-08-20 22:26:08,203 - gpsd_manager - INFO - [Converter] GPSPrint: Returning parsed result
2026-08-20 22:26:08,203 - gpsd_manager - INFO - [Converter] Error writing debug file: Object of type datetime is not JSON serializable
2026-08-20 22:26:08,203 - gpsd_manager - INFO - [Converter] [gps_print] Wrote debug info, buffer has 100 lines
2026-08-20 22:26:09,257 - gpsd_manager - INFO - [Converter] GPSPrint: Parsed ZED data, has_gps_time=True
2026-08-20 22:26:09,257 - gpsd_manager - INFO - [Converter] GPSPrint: Returning parsed result
2026-08-20 22:26:09,258 - gpsd_manager - INFO - [Converter] Error writing debug file: Object of type datetime is not JSON serializable
2026-08-20 22:26:09,258 - gpsd_manager - INFO - [Converter] [gps_print] Wrote debug info, buffer has 102 lines
2026-08-20 22:26:10,419 - gpsd_manager - INFO - [Converter] GPSPrint: Parsed ZED data, has_gps_time=True
2026-08-20 22:26:10,420 - gpsd_manager - INFO - [Converter] GPSPrint: Returning parsed result
2026-08-20 22:26:10,420 - gpsd_manager - INFO - [Converter] Error writing debug file: Object of type datetime is not JSON serializable
2026-08-20 22:26:10,420 - gpsd_manager - INFO - [Converter] [gps_print] Wrote debug info, buffer has 104 lines
2026-08-20 22:26:11,372 - gpsd_manager - INFO - [Converter] GPSPrint: Parsed ZED data, has_gps_time=True
2026-08-20 22:26:11,372 - gpsd_manager - INFO - [Converter] GPSPrint: Returning parsed result
2026-08-20 22:26:11,373 - gpsd_manager - INFO - [Converter] Error writing debug file: Object of type datetime is not JSON serializable
2026-08-20 22:26:11,374 - gpsd_manager - INFO - [Converter] [gps_print] Wrote debug info, buffer has 106 lines
2026-08-20 22:26:12,228 - gpsd_manager - INFO - [Converter] GPSPrint: Parsed ZED data, has_gps_time=True
2026-08-20 22:26:12,228 - gpsd_manager - INFO - [Converter] GPSPrint: Returning parsed result
2026-08-20 22:26:12,228 - gpsd_manager - INFO - [Converter] Error writing debug file: Object of type datetime is not JSON serializable
2026-08-20 22:26:12,228 - gpsd_manager - INFO - [Converter] [gps_print] Wrote debug info, buffer has 108 lines
2026-08-20 22:26:13,281 - gpsd_manager - INFO - [Converter] GPSPrint: Parsed ZED data, has_gps_time=True
2026-08-20 22:26:13,282 - gpsd_manager - INFO - [Converter] GPSPrint: Returning parsed result
2026-08-20 22:26:13,282 - gpsd_manager - INFO - [Converter] Error writing debug file: Object of type datetime is not JSON serializable
2026-08-20 22:26:13,282 - gpsd_manager - INFO - [Converter] [gps_print] Wrote debug info, buffer has 110 lines
2026-08-20 22:26:14,435 - gpsd_manager - INFO - [Converter] GPSPrint: Parsed ZED data, has_gps_time=True
2026-08-20 22:26:14,435 - gpsd_manager - INFO - [Converter] GPSPrint: Returning parsed result
2026-08-20 22:26:14,436 - gpsd_manager - INFO - [Converter] Error writing debug file: Object of type datetime is not JSON serializable
2026-08-20 22:26:14,436 - gpsd_manager - INFO - [Converter] [gps_print] Wrote debug info, buffer has 112 lines
2026-08-20 22:26:15,383 - gpsd_manager - INFO - [Converter] GPSPrint: Parsed ZED data, has_gps_time=True
2026-08-20 22:26:15,383 - gpsd_manager - INFO - [Converter] GPSPrint: Returning parsed result
2026-08-20 22:26:15,384 - gpsd_manager - INFO - [Converter] Error writing debug file: Object of type datetime is not JSON serializable
2026-08-20 22:26:15,384 - gpsd_manager - INFO - [Converter] [gps_print] Wrote debug info, buffer has 114 lines
2026-08-20 22:26:16,339 - gpsd_manager - INFO - [Converter] GPSPrint: Parsed ZED data, has_gps_time=True
2026-08-20 22:26:16,339 - gpsd_manager - INFO - [Converter] GPSPrint: Returning parsed result
2026-08-20 22:26:16,339 - gpsd_manager - INFO - [Converter] Error writing debug file: Object of type datetime is not JSON serializable
2026-08-20 22:26:16,340 - gpsd_manager - INFO - [Converter] [gps_print] Wrote debug info, buffer has 116 lines
2026-08-20 22:26:17,294 - gpsd_manager - INFO - [Converter] GPSPrint: Parsed ZED data, has_gps_time=True
2026-08-20 22:26:17,294 - gpsd_manager - INFO - [Converter] GPSPrint: Returning parsed result
2026-08-20 22:26:17,294 - gpsd_manager - INFO - [Converter] Error writing debug file: Object of type datetime is not JSON serializable
2026-08-20 22:26:17,296 - gpsd_manager - INFO - [Converter] [gps_print] Wrote debug info, buffer has 118 lines
2026-08-20 22:26:18,448 - gpsd_manager - INFO - [Converter] GPSPrint: Parsed ZED data, has_gps_time=True
2026-08-20 22:26:18,448 - gpsd_manager - INFO - [Converter] GPSPrint: Returning parsed result
2026-08-20 22:26:18,449 - gpsd_manager - INFO - [Converter] Error writing debug file: Object of type datetime is not JSON serializable
2026-08-20 22:26:18,449 - gpsd_manager - INFO - [Converter] [gps_print] Wrote debug info, buffer has 120 lines
2026-08-20 22:26:19,498 - gpsd_manager - INFO - [Converter] GPSPrint: Parsed ZED data, has_gps_time=True
2026-08-20 22:26:19,498 - gpsd_manager - INFO - [Converter] GPSPrint: Returning parsed result
2026-08-20 22:26:19,498 - gpsd_manager - INFO - [Converter] Error writing debug file: Object of type datetime is not JSON serializable
2026-08-20 22:26:19,498 - gpsd_manager - INFO - [Converter] [gps_print] Wrote debug info, buffer has 122 lines
2026-08-20 22:26:20,257 - gpsd_manager - INFO - [Converter] GPSPrint: Parsed ZED data, has_gps_time=True
2026-08-20 22:26:20,257 - gpsd_manager - INFO - [Converter] GPSPrint: Returning parsed result
2026-08-20 22:26:20,258 - gpsd_manager - INFO - [Converter] Error writing debug file: Object of type datetime is not JSON serializable
2026-08-20 22:26:20,258 - gpsd_manager - INFO - [Converter] [gps_print] Wrote debug info, buffer has 124 lines
2026-08-20 22:26:21,317 - gpsd_manager - INFO - [Converter] GPSPrint: Parsed ZED data, has_gps_time=True
2026-08-20 22:26:21,317 - gpsd_manager - INFO - [Converter] GPSPrint: Returning parsed result
2026-08-20 22:26:21,317 - gpsd_manager - INFO - [Converter] Error writing debug file: Object of type datetime is not JSON serializable
2026-08-20 22:26:21,317 - gpsd_manager - INFO - [Converter] [gps_print] Wrote debug info, buffer has 126 lines
2026-08-20 22:26:22,470 - gpsd_manager - INFO - [Converter] GPSPrint: Parsed ZED data, has_gps_time=True
2026-08-20 22:26:22,470 - gpsd_manager - INFO - [Converter] GPSPrint: Returning parsed result
2026-08-20 22:26:22,471 - gpsd_manager - INFO - [Converter] Error writing debug file: Object of type datetime is not JSON serializable
2026-08-20 22:26:22,471 - gpsd_manager - INFO - [Converter] [gps_print] Wrote debug info, buffer has 128 lines
2026-08-20 22:26:24,019 - gpsd_manager - INFO - [Converter] GPSPrint: Parsed ZED data, has_gps_time=True
2026-08-20 22:26:24,019 - gpsd_manager - INFO - [Converter] GPSPrint: Returning parsed result
2026-08-20 22:26:24,019 - gpsd_manager - INFO - [Converter] Error writing debug file: Object of type datetime is not JSON serializable
2026-08-20 22:26:24,020 - gpsd_manager - INFO - [Converter] [gps_print] Wrote debug info, buffer has 130 lines
2026-08-20 22:26:24,977 - gpsd_manager - INFO - [Converter] GPSPrint: Parsed ZED data, has_gps_time=True
2026-08-20 22:26:24,977 - gpsd_manager - INFO - [Converter] GPSPrint: Returning parsed result
2026-08-20 22:26:24,978 - gpsd_manager - INFO - [Converter] Error writing debug file: Object of type datetime is not JSON serializable
2026-08-20 22:26:24,978 - gpsd_manager - INFO - [Converter] [gps_print] Wrote debug info, buffer has 132 lines
2026-08-20 22:26:26,123 - gpsd_manager - INFO - [Converter] GPSPrint: Parsed ZED data, has_gps_time=True
2026-08-20 22:26:26,123 - gpsd_manager - INFO - [Converter] GPSPrint: Returning parsed result
2026-08-20 22:26:26,123 - gpsd_manager - INFO - [Converter] Error writing debug file: Object of type datetime is not JSON serializable
2026-08-20 22:26:26,125 - gpsd_manager - INFO - [Converter] [gps_print] Wrote debug info, buffer has 134 lines
2026-08-20 22:26:27,146 - gpsd_manager - INFO - [Converter] GPSPrint: Parsed ZED data, has_gps_time=True
2026-08-20 22:26:27,146 - gpsd_manager - INFO - [Converter] GPSPrint: Returning parsed result
2026-08-20 22:26:27,147 - gpsd_manager - INFO - [Converter] Error writing debug file: Object of type datetime is not JSON serializable
2026-08-20 22:26:27,149 - gpsd_manager - INFO - [Converter] [gps_print] Wrote debug info, buffer has 135 lines
2026-08-20 22:26:28,200 - gpsd_manager - INFO - [Converter] GPSPrint: Parsed ZED data, has_gps_time=True
2026-08-20 22:26:28,200 - gpsd_manager - INFO - [Converter] GPSPrint: Returning parsed result
2026-08-20 22:26:28,200 - gpsd_manager - INFO - [Converter] Error writing debug file: Object of type datetime is not JSON serializable
2026-08-20 22:26:28,201 - gpsd_manager - INFO - [Converter] [gps_print] Wrote debug info, buffer has 137 lines
2026-08-20 22:26:30,257 - gpsd_manager - INFO - [Converter] GPSPrint: Parsed ZED data, has_gps_time=True
2026-08-20 22:26:30,257 - gpsd_manager - INFO - [Converter] GPSPrint: Returning parsed result
2026-08-20 22:26:30,258 - gpsd_manager - INFO - [Converter] Error writing debug file: Object of type datetime is not JSON serializable
2026-08-20 22:26:30,258 - gpsd_manager - INFO - [Converter] [gps_print] Wrote debug info, buffer has 139 lines
2026-08-20 22:26:31,109 - gpsd_manager - INFO - [Converter] GPSPrint: Parsed ZED data, has_gps_time=True
2026-08-20 22:26:31,109 - gpsd_manager - INFO - [Converter] GPSPrint: Returning parsed result
2026-08-20 22:26:31,109 - gpsd_manager - INFO - [Converter] Error writing debug file: Object of type datetime is not JSON serializable
2026-08-20 22:26:31,110 - gpsd_manager - INFO - [Converter] [gps_print] Wrote debug info, buffer has 141 lines
2026-08-20 22:26:32,164 - gpsd_manager - INFO - [Converter] GPSPrint: Parsed ZED data, has_gps_time=True
2026-08-20 22:26:32,164 - gpsd_manager - INFO - [Converter] GPSPrint: Returning parsed result
2026-08-20 22:26:32,165 - gpsd_manager - INFO - [Converter] Error writing debug file: Object of type datetime is not JSON serializable
2026-08-20 22:26:32,165 - gpsd_manager - INFO - [Converter] [gps_print] Wrote debug info, buffer has 143 lines
2026-08-20 22:26:33,415 - gpsd_manager - INFO - [Converter] GPSPrint: Parsed ZED data, has_gps_time=True
2026-08-20 22:26:33,415 - gpsd_manager - INFO - [Converter] GPSPrint: Returning parsed result
2026-08-20 22:26:33,415 - gpsd_manager - INFO - [Converter] Error writing debug file: Object of type datetime is not JSON serializable
2026-08-20 22:26:33,416 - gpsd_manager - INFO - [Converter] [gps_print] Wrote debug info, buffer has 145 lines
2026-08-20 22:26:34,369 - gpsd_manager - INFO - [Converter] GPSPrint: Parsed ZED data, has_gps_time=True
2026-08-20 22:26:34,369 - gpsd_manager - INFO - [Converter] GPSPrint: Returning parsed result
2026-08-20 22:26:34,369 - gpsd_manager - INFO - [Converter] Error writing debug file: Object of type datetime is not JSON serializable
2026-08-20 22:26:34,369 - gpsd_manager - INFO - [Converter] [gps_print] Wrote debug info, buffer has 147 lines
2026-08-20 22:26:35,191 - gpsd_manager - INFO - [Converter] GPSPrint: Parsed ZED data, has_gps_time=True
2026-08-20 22:26:35,191 - gpsd_manager - INFO - [Converter] GPSPrint: Returning parsed result
2026-08-20 22:26:35,193 - gpsd_manager - INFO - [Converter] Error writing debug file: Object of type datetime is not JSON serializable
2026-08-20 22:26:35,193 - gpsd_manager - INFO - [Converter] [gps_print] Wrote debug info, buffer has 148 lines
2026-08-20 22:26:36,045 - gpsd_manager - INFO - [Converter] GPSPrint: Parsed ZED data, has_gps_time=True
2026-08-20 22:26:36,045 - gpsd_manager - INFO - [Converter] GPSPrint: Returning parsed result
2026-08-20 22:26:36,045 - gpsd_manager - INFO - [Converter] Error writing debug file: Object of type datetime is not JSON serializable
2026-08-20 22:26:36,045 - gpsd_manager - INFO - [Converter] [gps_print] Wrote debug info, buffer has 150 lines
2026-08-20 22:26:37,305 - gpsd_manager - INFO - [Converter] GPSPrint: Parsed ZED data, has_gps_time=True
2026-08-20 22:26:37,305 - gpsd_manager - INFO - [Converter] GPSPrint: Returning parsed result
2026-08-20 22:26:37,305 - gpsd_manager - INFO - [Converter] Error writing debug file: Object of type datetime is not JSON serializable
2026-08-20 22:26:37,306 - gpsd_manager - INFO - [Converter] [gps_print] Wrote debug info, buffer has 152 lines
2026-08-20 22:26:38,451 - gpsd_manager - INFO - [Converter] GPSPrint: Parsed ZED data, has_gps_time=True
2026-08-20 22:26:38,451 - gpsd_manager - INFO - [Converter] GPSPrint: Returning parsed result
2026-08-20 22:26:38,452 - gpsd_manager - INFO - [Converter] Error writing debug file: Object of type datetime is not JSON serializable
2026-08-20 22:26:38,452 - gpsd_manager - INFO - [Converter] [gps_print] Wrote debug info, buffer has 154 lines
2026-08-20 22:26:39,415 - gpsd_manager - INFO - [Converter] GPSPrint: Parsed ZED data, has_gps_time=True
2026-08-20 22:26:39,415 - gpsd_manager - INFO - [Converter] GPSPrint: Returning parsed result
2026-08-20 22:26:39,415 - gpsd_manager - INFO - [Converter] Error writing debug file: Object of type datetime is not JSON serializable
2026-08-20 22:26:39,415 - gpsd_manager - INFO - [Converter] [gps_print] Wrote debug info, buffer has 156 lines
2026-08-20 22:26:40,164 - gpsd_manager - INFO - [Converter] GPSPrint: Parsed ZED data, has_gps_time=True
2026-08-20 22:26:40,164 - gpsd_manager - INFO - [Converter] GPSPrint: Returning parsed result
2026-08-20 22:26:40,164 - gpsd_manager - INFO - [Converter] Error writing debug file: Object of type datetime is not JSON serializable
2026-08-20 22:26:40,164 - gpsd_manager - INFO - [Converter] [gps_print] Wrote debug info, buffer has 158 lines
2026-08-20 22:26:55,373 - gpsd_manager - INFO - Setting parser_type to: gps_print
2026-08-20 22:26:55,374 - gpsd_manager - INFO - Parser type now: gps_print
2026-08-20 22:26:55,383 - gpsd_manager - INFO - Starting converter with parser_type=gps_print
2026-08-20 22:26:55,383 - gpsd_manager - INFO - Command: C:\Users\me\AppData\Local\Programs\Python\Python312\python.exe c:\Users\me\app-gpsd_manager\mcode_converter.py --port COM9 --baudrate 9600 --mode tcp --parser gps_print
2026-08-20 22:26:55,395 - gpsd_manager - INFO - Converter process started with PID 58128
2026-08-20 22:26:56,896 - gpsd_manager - INFO - Converter running on port 2948 for gps_print format
2026-08-20 22:26:56,897 - gpsd_manager - INFO - [Converter] Sent disable command: mcode atak disable
2026-08-20 22:26:56,897 - gpsd_manager - INFO - [Converter] Sent enable command: gps print enable
2026-08-20 22:26:56,898 - gpsd_manager - INFO - [Converter] TCP server listening on port 2948
2026-08-20 22:26:56,899 - gpsd_manager - INFO - [Converter] MCODE converter: reading from COM9, streaming NMEA via TCP port 2948
2026-08-20 22:26:56,899 - gpsd_manager - INFO - [Converter] GPSPrint: Parsed ZED data, has_gps_time=True
2026-08-20 22:26:56,899 - gpsd_manager - INFO - [Converter] GPSPrint: Returning parsed result
2026-08-20 22:26:56,900 - gpsd_manager - INFO - [Converter] Error writing debug file: Object of type datetime is not JSON serializable
2026-08-20 22:26:56,900 - gpsd_manager - INFO - [Converter] [gps_print] Wrote debug info, buffer has 3 lines
2026-08-20 22:26:57,058 - gpsd_manager - INFO - [Converter] GPSPrint: Parsed ZED data, has_gps_time=True
2026-08-20 22:26:57,058 - gpsd_manager - INFO - [Converter] GPSPrint: Returning parsed result
2026-08-20 22:26:57,058 - gpsd_manager - INFO - [Converter] Error writing debug file: Object of type datetime is not JSON serializable
2026-08-20 22:26:57,058 - gpsd_manager - INFO - [Converter] [gps_print] Wrote debug info, buffer has 5 lines
2026-08-20 22:26:58,185 - gpsd_manager - INFO - [Converter] GPSPrint: Parsed ZED data, has_gps_time=True
2026-08-20 22:26:58,185 - gpsd_manager - INFO - [Converter] GPSPrint: Returning parsed result
2026-08-20 22:26:58,186 - gpsd_manager - INFO - [Converter] Error writing debug file: Object of type datetime is not JSON serializable
2026-08-20 22:26:58,186 - gpsd_manager - INFO - [Converter] [gps_print] Wrote debug info, buffer has 6 lines
2026-08-20 22:26:59,309 - gpsd_manager - INFO - [Converter] GPSPrint: Parsed ZED data, has_gps_time=True
2026-08-20 22:26:59,310 - gpsd_manager - INFO - [Converter] GPSPrint: Returning parsed result
2026-08-20 22:26:59,311 - gpsd_manager - INFO - [Converter] Error writing debug file: Object of type datetime is not JSON serializable
2026-08-20 22:26:59,311 - gpsd_manager - INFO - [Converter] [gps_print] Wrote debug info, buffer has 7 lines
2026-08-20 22:27:01,251 - gpsd_manager - INFO - [Converter] GPSPrint: Parsed ZED data, has_gps_time=True
2026-08-20 22:27:01,251 - gpsd_manager - INFO - [Converter] GPSPrint: Returning parsed result
2026-08-20 22:27:01,252 - gpsd_manager - INFO - [Converter] Error writing debug file: Object of type datetime is not JSON serializable
2026-08-20 22:27:01,252 - gpsd_manager - INFO - [Converter] [gps_print] Wrote debug info, buffer has 9 lines
2026-08-20 22:27:02,513 - gpsd_manager - INFO - [Converter] GPSPrint: Parsed ZED data, has_gps_time=True
2026-08-20 22:27:02,513 - gpsd_manager - INFO - [Converter] GPSPrint: Returning parsed result
2026-08-20 22:27:02,514 - gpsd_manager - INFO - [Converter] Error writing debug file: Object of type datetime is not JSON serializable
2026-08-20 22:27:02,514 - gpsd_manager - INFO - [Converter] [gps_print] Wrote debug info, buffer has 11 lines
2026-08-20 22:27:03,658 - gpsd_manager - INFO - [Converter] GPSPrint: Parsed ZED data, has_gps_time=True
2026-08-20 22:27:03,658 - gpsd_manager - INFO - [Converter] GPSPrint: Returning parsed result
2026-08-20 22:27:03,658 - gpsd_manager - INFO - [Converter] Error writing debug file: Object of type datetime is not JSON serializable
2026-08-20 22:27:03,659 - gpsd_manager - INFO - [Converter] [gps_print] Wrote debug info, buffer has 13 lines
2026-08-20 22:27:04,880 - gpsd_manager - INFO - [Converter] GPSPrint: Parsed ZED data, has_gps_time=True
2026-08-20 22:27:04,880 - gpsd_manager - INFO - [Converter] GPSPrint: Returning parsed result
2026-08-20 22:27:04,880 - gpsd_manager - INFO - [Converter] Error writing debug file: Object of type datetime is not JSON serializable
2026-08-20 22:27:04,880 - gpsd_manager - INFO - [Converter] [gps_print] Wrote debug info, buffer has 14 lines
2026-08-20 22:27:06,005 - gpsd_manager - INFO - [Converter] GPSPrint: Parsed ZED data, has_gps_time=True
2026-08-20 22:27:06,005 - gpsd_manager - INFO - [Converter] GPSPrint: Returning parsed result
2026-08-20 22:27:06,005 - gpsd_manager - INFO - [Converter] Error writing debug file: Object of type datetime is not JSON serializable
2026-08-20 22:27:06,006 - gpsd_manager - INFO - [Converter] [gps_print] Wrote debug info, buffer has 15 lines
2026-08-20 22:27:07,262 - gpsd_manager - INFO - [Converter] GPSPrint: Parsed ZED data, has_gps_time=True
2026-08-20 22:27:07,262 - gpsd_manager - INFO - [Converter] GPSPrint: Returning parsed result
2026-08-20 22:27:07,262 - gpsd_manager - INFO - [Converter] Error writing debug file: Object of type datetime is not JSON serializable
2026-08-20 22:27:07,262 - gpsd_manager - INFO - [Converter] [gps_print] Wrote debug info, buffer has 17 lines
2026-08-20 22:27:08,516 - gpsd_manager - INFO - [Converter] GPSPrint: Parsed ZED data, has_gps_time=True
2026-08-20 22:27:08,516 - gpsd_manager - INFO - [Converter] GPSPrint: Returning parsed result
2026-08-20 22:27:08,517 - gpsd_manager - INFO - [Converter] Error writing debug file: Object of type datetime is not JSON serializable
2026-08-20 22:27:08,517 - gpsd_manager - INFO - [Converter] [gps_print] Wrote debug info, buffer has 20 lines
2026-08-20 22:27:09,468 - gpsd_manager - INFO - [Converter] GPSPrint: Parsed ZED data, has_gps_time=True
2026-08-20 22:27:09,469 - gpsd_manager - INFO - [Converter] GPSPrint: Returning parsed result
2026-08-20 22:27:09,469 - gpsd_manager - INFO - [Converter] Error writing debug file: Object of type datetime is not JSON serializable
2026-08-20 22:27:09,470 - gpsd_manager - INFO - [Converter] [gps_print] Wrote debug info, buffer has 22 lines
2026-08-20 22:27:10,090 - gpsd_manager - INFO - [Converter] GPSPrint: Parsed ZED data, has_gps_time=True
2026-08-20 22:27:10,090 - gpsd_manager - INFO - [Converter] GPSPrint: Returning parsed result
2026-08-20 22:27:10,091 - gpsd_manager - INFO - [Converter] Error writing debug file: Object of type datetime is not JSON serializable
2026-08-20 22:27:10,091 - gpsd_manager - INFO - [Converter] [gps_print] Wrote debug info, buffer has 23 lines
2026-08-20 22:27:11,147 - gpsd_manager - INFO - [Converter] GPSPrint: Parsed ZED data, has_gps_time=True
2026-08-20 22:27:11,147 - gpsd_manager - INFO - [Converter] GPSPrint: Returning parsed result
2026-08-20 22:27:11,147 - gpsd_manager - INFO - [Converter] Error writing debug file: Object of type datetime is not JSON serializable
2026-08-20 22:27:11,148 - gpsd_manager - INFO - [Converter] [gps_print] Wrote debug info, buffer has 25 lines
2026-08-20 22:27:12,276 - gpsd_manager - INFO - [Converter] GPSPrint: Parsed ZED data, has_gps_time=True
2026-08-20 22:27:12,276 - gpsd_manager - INFO - [Converter] GPSPrint: Returning parsed result
2026-08-20 22:27:12,276 - gpsd_manager - INFO - [Converter] Error writing debug file: Object of type datetime is not JSON serializable
2026-08-20 22:27:12,276 - gpsd_manager - INFO - [Converter] [gps_print] Wrote debug info, buffer has 26 lines
2026-08-20 22:27:13,225 - gpsd_manager - INFO - [Converter] GPSPrint: Parsed ZED data, has_gps_time=True
2026-08-20 22:27:13,225 - gpsd_manager - INFO - [Converter] GPSPrint: Returning parsed result
2026-08-20 22:27:13,225 - gpsd_manager - INFO - [Converter] Error writing debug file: Object of type datetime is not JSON serializable
2026-08-20 22:27:13,225 - gpsd_manager - INFO - [Converter] [gps_print] Wrote debug info, buffer has 28 lines
2026-08-20 22:27:14,384 - gpsd_manager - INFO - [Converter] GPSPrint: Parsed ZED data, has_gps_time=True
2026-08-20 22:27:14,384 - gpsd_manager - INFO - [Converter] GPSPrint: Returning parsed result
2026-08-20 22:27:14,384 - gpsd_manager - INFO - [Converter] Error writing debug file: Object of type datetime is not JSON serializable
2026-08-20 22:27:14,385 - gpsd_manager - INFO - [Converter] [gps_print] Wrote debug info, buffer has 30 lines
2026-08-20 22:27:15,437 - gpsd_manager - INFO - [Converter] GPSPrint: Parsed ZED data, has_gps_time=True
2026-08-20 22:27:15,437 - gpsd_manager - INFO - [Converter] GPSPrint: Returning parsed result
2026-08-20 22:27:15,437 - gpsd_manager - INFO - [Converter] Error writing debug file: Object of type datetime is not JSON serializable
2026-08-20 22:27:15,437 - gpsd_manager - INFO - [Converter] [gps_print] Wrote debug info, buffer has 32 lines
2026-08-20 22:27:16,289 - gpsd_manager - INFO - [Converter] GPSPrint: Parsed ZED data, has_gps_time=True
2026-08-20 22:27:16,289 - gpsd_manager - INFO - [Converter] GPSPrint: Returning parsed result
2026-08-20 22:27:16,290 - gpsd_manager - INFO - [Converter] Error writing debug file: Object of type datetime is not JSON serializable
2026-08-20 22:27:16,290 - gpsd_manager - INFO - [Converter] [gps_print] Wrote debug info, buffer has 34 lines
2026-08-20 22:27:17,147 - gpsd_manager - INFO - [Converter] GPSPrint: Parsed ZED data, has_gps_time=True
2026-08-20 22:27:17,147 - gpsd_manager - INFO - [Converter] GPSPrint: Returning parsed result
2026-08-20 22:27:17,147 - gpsd_manager - INFO - [Converter] Error writing debug file: Object of type datetime is not JSON serializable
2026-08-20 22:27:17,147 - gpsd_manager - INFO - [Converter] [gps_print] Wrote debug info, buffer has 36 lines
2026-08-20 22:27:19,887 - gpsd_manager - INFO - [Converter] GPSPrint: Parsed ZED data, has_gps_time=True
2026-08-20 22:27:19,888 - gpsd_manager - INFO - [Converter] GPSPrint: Returning parsed result
2026-08-20 22:27:19,888 - gpsd_manager - INFO - [Converter] Error writing debug file: Object of type datetime is not JSON serializable
2026-08-20 22:27:19,888 - gpsd_manager - INFO - [Converter] [gps_print] Wrote debug info, buffer has 38 lines
2026-08-20 22:27:21,006 - gpsd_manager - INFO - [Converter] GPSPrint: Parsed ZED data, has_gps_time=True
2026-08-20 22:27:21,006 - gpsd_manager - INFO - [Converter] GPSPrint: Returning parsed result
2026-08-20 22:27:21,006 - gpsd_manager - INFO - [Converter] Error writing debug file: Object of type datetime is not JSON serializable
2026-08-20 22:27:21,008 - gpsd_manager - INFO - [Converter] [gps_print] Wrote debug info, buffer has 39 lines
2026-08-20 22:27:22,169 - gpsd_manager - INFO - [Converter] GPSPrint: Parsed ZED data, has_gps_time=True
2026-08-20 22:27:22,169 - gpsd_manager - INFO - [Converter] GPSPrint: Returning parsed result
2026-08-20 22:27:22,169 - gpsd_manager - INFO - [Converter] Error writing debug file: Object of type datetime is not JSON serializable
2026-08-20 22:27:22,170 - gpsd_manager - INFO - [Converter] [gps_print] Wrote debug info, buffer has 41 lines
2026-08-20 22:27:23,412 - gpsd_manager - INFO - [Converter] GPSPrint: Parsed ZED data, has_gps_time=True
2026-08-20 22:27:23,412 - gpsd_manager - INFO - [Converter] GPSPrint: Returning parsed result
2026-08-20 22:27:23,412 - gpsd_manager - INFO - [Converter] Error writing debug file: Object of type datetime is not JSON serializable
2026-08-20 22:27:23,412 - gpsd_manager - INFO - [Converter] [gps_print] Wrote debug info, buffer has 43 lines
2026-08-20 22:27:24,471 - gpsd_manager - INFO - [Converter] GPSPrint: Parsed ZED data, has_gps_time=True
2026-08-20 22:27:24,471 - gpsd_manager - INFO - [Converter] GPSPrint: Returning parsed result
2026-08-20 22:27:24,471 - gpsd_manager - INFO - [Converter] Error writing debug file: Object of type datetime is not JSON serializable
2026-08-20 22:27:24,472 - gpsd_manager - INFO - [Converter] [gps_print] Wrote debug info, buffer has 45 lines
2026-08-20 22:27:25,221 - gpsd_manager - INFO - [Converter] GPSPrint: Parsed ZED data, has_gps_time=True
2026-08-20 22:27:25,222 - gpsd_manager - INFO - [Converter] GPSPrint: Returning parsed result
2026-08-20 22:27:25,222 - gpsd_manager - INFO - [Converter] Error writing debug file: Object of type datetime is not JSON serializable
2026-08-20 22:27:25,222 - gpsd_manager - INFO - [Converter] [gps_print] Wrote debug info, buffer has 47 lines
2026-08-20 22:27:26,284 - gpsd_manager - INFO - [Converter] GPSPrint: Parsed ZED data, has_gps_time=True
2026-08-20 22:27:26,285 - gpsd_manager - INFO - [Converter] GPSPrint: Returning parsed result
2026-08-20 22:27:26,285 - gpsd_manager - INFO - [Converter] Error writing debug file: Object of type datetime is not JSON serializable
2026-08-20 22:27:26,285 - gpsd_manager - INFO - [Converter] [gps_print] Wrote debug info, buffer has 49 lines
2026-08-20 22:27:27,429 - gpsd_manager - INFO - [Converter] GPSPrint: Parsed ZED data, has_gps_time=True
2026-08-20 22:27:27,429 - gpsd_manager - INFO - [Converter] GPSPrint: Returning parsed result
2026-08-20 22:27:27,429 - gpsd_manager - INFO - [Converter] Error writing debug file: Object of type datetime is not JSON serializable
2026-08-20 22:27:27,429 - gpsd_manager - INFO - [Converter] [gps_print] Wrote debug info, buffer has 51 lines
2026-08-20 22:27:28,389 - gpsd_manager - INFO - [Converter] GPSPrint: Parsed ZED data, has_gps_time=True
2026-08-20 22:27:28,389 - gpsd_manager - INFO - [Converter] GPSPrint: Returning parsed result
2026-08-20 22:27:28,390 - gpsd_manager - INFO - [Converter] Error writing debug file: Object of type datetime is not JSON serializable
2026-08-20 22:27:28,390 - gpsd_manager - INFO - [Converter] [gps_print] Wrote debug info, buffer has 53 lines
2026-08-20 22:27:29,240 - gpsd_manager - INFO - [Converter] GPSPrint: Parsed ZED data, has_gps_time=True
2026-08-20 22:27:29,240 - gpsd_manager - INFO - [Converter] GPSPrint: Returning parsed result
2026-08-20 22:27:29,240 - gpsd_manager - INFO - [Converter] Error writing debug file: Object of type datetime is not JSON serializable
2026-08-20 22:27:29,240 - gpsd_manager - INFO - [Converter] [gps_print] Wrote debug info, buffer has 55 lines
2026-08-20 22:27:30,300 - gpsd_manager - INFO - [Converter] GPSPrint: Parsed ZED data, has_gps_time=True
2026-08-20 22:27:30,300 - gpsd_manager - INFO - [Converter] GPSPrint: Returning parsed result
2026-08-20 22:27:30,301 - gpsd_manager - INFO - [Converter] Error writing debug file: Object of type datetime is not JSON serializable
2026-08-20 22:27:30,301 - gpsd_manager - INFO - [Converter] [gps_print] Wrote debug info, buffer has 57 lines
2026-08-20 22:27:31,450 - gpsd_manager - INFO - [Converter] GPSPrint: Parsed ZED data, has_gps_time=True
2026-08-20 22:27:31,450 - gpsd_manager - INFO - [Converter] GPSPrint: Returning parsed result
2026-08-20 22:27:31,450 - gpsd_manager - INFO - [Converter] Error writing debug file: Object of type datetime is not JSON serializable
2026-08-20 22:27:31,450 - gpsd_manager - INFO - [Converter] [gps_print] Wrote debug info, buffer has 59 lines
2026-08-20 22:27:32,400 - gpsd_manager - INFO - [Converter] GPSPrint: Parsed ZED data, has_gps_time=True
2026-08-20 22:27:32,400 - gpsd_manager - INFO - [Converter] GPSPrint: Returning parsed result
2026-08-20 22:27:32,400 - gpsd_manager - INFO - [Converter] Error writing debug file: Object of type datetime is not JSON serializable
2026-08-20 22:27:32,402 - gpsd_manager - INFO - [Converter] [gps_print] Wrote debug info, buffer has 61 lines
2026-08-20 22:27:33,264 - gpsd_manager - INFO - [Converter] GPSPrint: Parsed ZED data, has_gps_time=True
2026-08-20 22:27:33,264 - gpsd_manager - INFO - [Converter] GPSPrint: Returning parsed result
2026-08-20 22:27:33,264 - gpsd_manager - INFO - [Converter] Error writing debug file: Object of type datetime is not JSON serializable
2026-08-20 22:27:33,265 - gpsd_manager - INFO - [Converter] [gps_print] Wrote debug info, buffer has 63 lines
2026-08-20 22:27:35,208 - gpsd_manager - INFO - [Converter] GPSPrint: Parsed ZED data, has_gps_time=True
2026-08-20 22:27:35,208 - gpsd_manager - INFO - [Converter] GPSPrint: Returning parsed result
2026-08-20 22:27:35,208 - gpsd_manager - INFO - [Converter] Error writing debug file: Object of type datetime is not JSON serializable
2026-08-20 22:27:35,209 - gpsd_manager - INFO - [Converter] [gps_print] Wrote debug info, buffer has 65 lines
2026-08-20 22:27:36,463 - gpsd_manager - INFO - [Converter] GPSPrint: Parsed ZED data, has_gps_time=True
2026-08-20 22:27:36,463 - gpsd_manager - INFO - [Converter] GPSPrint: Returning parsed result
2026-08-20 22:27:36,464 - gpsd_manager - INFO - [Converter] Error writing debug file: Object of type datetime is not JSON serializable
2026-08-20 22:27:36,464 - gpsd_manager - INFO - [Converter] [gps_print] Wrote debug info, buffer has 67 lines
2026-08-20 22:27:37,414 - gpsd_manager - INFO - [Converter] GPSPrint: Parsed ZED data, has_gps_time=True
2026-08-20 22:27:37,414 - gpsd_manager - INFO - [Converter] GPSPrint: Returning parsed result
2026-08-20 22:27:37,415 - gpsd_manager - INFO - [Converter] Error writing debug file: Object of type datetime is not JSON serializable
2026-08-20 22:27:37,415 - gpsd_manager - INFO - [Converter] [gps_print] Wrote debug info, buffer has 69 lines
2026-08-20 22:27:38,146 - gpsd_manager - INFO - [Converter] GPSPrint: Parsed ZED data, has_gps_time=True
2026-08-20 22:27:38,146 - gpsd_manager - INFO - [Converter] GPSPrint: Returning parsed result
2026-08-20 22:27:38,146 - gpsd_manager - INFO - [Converter] Error writing debug file: Object of type datetime is not JSON serializable
2026-08-20 22:27:38,146 - gpsd_manager - INFO - [Converter] [gps_print] Wrote debug info, buffer has 70 lines
2026-08-20 22:27:39,093 - gpsd_manager - INFO - [Converter] GPSPrint: Parsed ZED data, has_gps_time=True
2026-08-20 22:27:39,093 - gpsd_manager - INFO - [Converter] GPSPrint: Returning parsed result
2026-08-20 22:27:39,093 - gpsd_manager - INFO - [Converter] Error writing debug file: Object of type datetime is not JSON serializable
2026-08-20 22:27:39,093 - gpsd_manager - INFO - [Converter] [gps_print] Wrote debug info, buffer has 72 lines
2026-08-20 22:27:40,220 - gpsd_manager - INFO - [Converter] GPSPrint: Parsed ZED data, has_gps_time=True
2026-08-20 22:27:40,220 - gpsd_manager - INFO - [Converter] GPSPrint: Returning parsed result
2026-08-20 22:27:40,220 - gpsd_manager - INFO - [Converter] Error writing debug file: Object of type datetime is not JSON serializable
2026-08-20 22:27:40,220 - gpsd_manager - INFO - [Converter] [gps_print] Wrote debug info, buffer has 73 lines
2026-08-20 22:27:41,271 - gpsd_manager - INFO - [Converter] GPSPrint: Parsed ZED data, has_gps_time=True
2026-08-20 22:27:41,271 - gpsd_manager - INFO - [Converter] GPSPrint: Returning parsed result
2026-08-20 22:27:41,271 - gpsd_manager - INFO - [Converter] Error writing debug file: Object of type datetime is not JSON serializable
2026-08-20 22:27:41,271 - gpsd_manager - INFO - [Converter] [gps_print] Wrote debug info, buffer has 75 lines
2026-08-20 22:27:42,423 - gpsd_manager - INFO - [Converter] GPSPrint: Parsed ZED data, has_gps_time=True
2026-08-20 22:27:42,423 - gpsd_manager - INFO - [Converter] GPSPrint: Returning parsed result
2026-08-20 22:27:42,424 - gpsd_manager - INFO - [Converter] Error writing debug file: Object of type datetime is not JSON serializable
2026-08-20 22:27:42,424 - gpsd_manager - INFO - [Converter] [gps_print] Wrote debug info, buffer has 77 lines
2026-08-20 22:27:43,476 - gpsd_manager - INFO - [Converter] GPSPrint: Parsed ZED data, has_gps_time=True
2026-08-20 22:27:43,476 - gpsd_manager - INFO - [Converter] GPSPrint: Returning parsed result
2026-08-20 22:27:43,476 - gpsd_manager - INFO - [Converter] Error writing debug file: Object of type datetime is not JSON serializable
2026-08-20 22:27:43,477 - gpsd_manager - INFO - [Converter] [gps_print] Wrote debug info, buffer has 79 lines
2026-08-20 22:27:44,230 - gpsd_manager - INFO - [Converter] GPSPrint: Parsed ZED data, has_gps_time=True
2026-08-20 22:27:44,230 - gpsd_manager - INFO - [Converter] GPSPrint: Returning parsed result
2026-08-20 22:27:44,230 - gpsd_manager - INFO - [Converter] Error writing debug file: Object of type datetime is not JSON serializable
2026-08-20 22:27:44,230 - gpsd_manager - INFO - [Converter] [gps_print] Wrote debug info, buffer has 81 lines
2026-08-20 22:27:45,286 - gpsd_manager - INFO - [Converter] GPSPrint: Parsed ZED data, has_gps_time=True
2026-08-20 22:27:45,286 - gpsd_manager - INFO - [Converter] GPSPrint: Returning parsed result
2026-08-20 22:27:45,286 - gpsd_manager - INFO - [Converter] Error writing debug file: Object of type datetime is not JSON serializable
2026-08-20 22:27:45,286 - gpsd_manager - INFO - [Converter] [gps_print] Wrote debug info, buffer has 83 lines
2026-08-20 22:27:46,439 - gpsd_manager - INFO - [Converter] GPSPrint: Parsed ZED data, has_gps_time=True
2026-08-20 22:27:46,439 - gpsd_manager - INFO - [Converter] GPSPrint: Returning parsed result
2026-08-20 22:27:46,440 - gpsd_manager - INFO - [Converter] Error writing debug file: Object of type datetime is not JSON serializable
2026-08-20 22:27:46,440 - gpsd_manager - INFO - [Converter] [gps_print] Wrote debug info, buffer has 85 lines
2026-08-20 22:27:47,402 - gpsd_manager - INFO - [Converter] GPSPrint: Parsed ZED data, has_gps_time=True
2026-08-20 22:27:47,402 - gpsd_manager - INFO - [Converter] GPSPrint: Returning parsed result
2026-08-20 22:27:47,402 - gpsd_manager - INFO - [Converter] Error writing debug file: Object of type datetime is not JSON serializable
2026-08-20 22:27:47,402 - gpsd_manager - INFO - [Converter] [gps_print] Wrote debug info, buffer has 87 lines
2026-08-20 22:27:48,255 - gpsd_manager - INFO - [Converter] GPSPrint: Parsed ZED data, has_gps_time=True
2026-08-20 22:27:48,255 - gpsd_manager - INFO - [Converter] GPSPrint: Returning parsed result
2026-08-20 22:27:48,256 - gpsd_manager - INFO - [Converter] Error writing debug file: Object of type datetime is not JSON serializable
2026-08-20 22:27:48,256 - gpsd_manager - INFO - [Converter] [gps_print] Wrote debug info, buffer has 89 lines
2026-08-20 22:27:49,201 - gpsd_manager - INFO - [Converter] GPSPrint: Parsed ZED data, has_gps_time=True
2026-08-20 22:27:49,201 - gpsd_manager - INFO - [Converter] GPSPrint: Returning parsed result
2026-08-20 22:27:49,202 - gpsd_manager - INFO - [Converter] Error writing debug file: Object of type datetime is not JSON serializable
2026-08-20 22:27:49,202 - gpsd_manager - INFO - [Converter] [gps_print] Wrote debug info, buffer has 91 lines
2026-08-20 22:27:50,456 - gpsd_manager - INFO - [Converter] GPSPrint: Parsed ZED data, has_gps_time=True
2026-08-20 22:27:50,456 - gpsd_manager - INFO - [Converter] GPSPrint: Returning parsed result
2026-08-20 22:27:50,456 - gpsd_manager - INFO - [Converter] Error writing debug file: Object of type datetime is not JSON serializable
2026-08-20 22:27:50,456 - gpsd_manager - INFO - [Converter] [gps_print] Wrote debug info, buffer has 93 lines
2026-08-20 22:27:51,415 - gpsd_manager - INFO - [Converter] GPSPrint: Parsed ZED data, has_gps_time=True
2026-08-20 22:27:51,415 - gpsd_manager - INFO - [Converter] GPSPrint: Returning parsed result
2026-08-20 22:27:51,415 - gpsd_manager - INFO - [Converter] Error writing debug file: Object of type datetime is not JSON serializable
2026-08-20 22:27:51,416 - gpsd_manager - INFO - [Converter] [gps_print] Wrote debug info, buffer has 95 lines
2026-08-20 22:27:52,271 - gpsd_manager - INFO - [Converter] GPSPrint: Parsed ZED data, has_gps_time=True
2026-08-20 22:27:52,271 - gpsd_manager - INFO - [Converter] GPSPrint: Returning parsed result
2026-08-20 22:27:52,271 - gpsd_manager - INFO - [Converter] Error writing debug file: Object of type datetime is not JSON serializable
2026-08-20 22:27:52,272 - gpsd_manager - INFO - [Converter] [gps_print] Wrote debug info, buffer has 97 lines
2026-08-20 22:27:53,222 - gpsd_manager - INFO - [Converter] GPSPrint: Parsed ZED data, has_gps_time=True
2026-08-20 22:27:53,222 - gpsd_manager - INFO - [Converter] GPSPrint: Returning parsed result
2026-08-20 22:27:53,222 - gpsd_manager - INFO - [Converter] Error writing debug file: Object of type datetime is not JSON serializable
2026-08-20 22:27:53,223 - gpsd_manager - INFO - [Converter] [gps_print] Wrote debug info, buffer has 99 lines
2026-08-20 22:27:54,372 - gpsd_manager - INFO - [Converter] GPSPrint: Parsed ZED data, has_gps_time=True
2026-08-20 22:27:54,372 - gpsd_manager - INFO - [Converter] GPSPrint: Returning parsed result
2026-08-20 22:27:54,373 - gpsd_manager - INFO - [Converter] Error writing debug file: Object of type datetime is not JSON serializable
2026-08-20 22:27:54,373 - gpsd_manager - INFO - [Converter] [gps_print] Wrote debug info, buffer has 101 lines
2026-08-20 22:27:55,424 - gpsd_manager - INFO - [Converter] GPSPrint: Parsed ZED data, has_gps_time=True
2026-08-20 22:27:55,424 - gpsd_manager - INFO - [Converter] GPSPrint: Returning parsed result
2026-08-20 22:27:55,425 - gpsd_manager - INFO - [Converter] Error writing debug file: Object of type datetime is not JSON serializable
2026-08-20 22:27:55,425 - gpsd_manager - INFO - [Converter] [gps_print] Wrote debug info, buffer has 103 lines
2026-08-20 22:27:56,279 - gpsd_manager - INFO - [Converter] GPSPrint: Parsed ZED data, has_gps_time=True
2026-08-20 22:27:56,280 - gpsd_manager - INFO - [Converter] GPSPrint: Returning parsed result
2026-08-20 22:27:56,280 - gpsd_manager - INFO - [Converter] Error writing debug file: Object of type datetime is not JSON serializable
2026-08-20 22:27:56,280 - gpsd_manager - INFO - [Converter] [gps_print] Wrote debug info, buffer has 105 lines
2026-08-20 22:27:57,309 - gpsd_manager - INFO - [Converter] GPSPrint: Parsed ZED data, has_gps_time=True
2026-08-20 22:27:57,309 - gpsd_manager - INFO - [Converter] GPSPrint: Returning parsed result
2026-08-20 22:27:57,309 - gpsd_manager - INFO - [Converter] Error writing debug file: Object of type datetime is not JSON serializable
2026-08-20 22:27:57,309 - gpsd_manager - INFO - [Converter] [gps_print] Wrote debug info, buffer has 106 lines
2026-08-20 22:27:58,458 - gpsd_manager - INFO - [Converter] GPSPrint: Parsed ZED data, has_gps_time=True
2026-08-20 22:27:58,458 - gpsd_manager - INFO - [Converter] GPSPrint: Returning parsed result
2026-08-20 22:27:58,458 - gpsd_manager - INFO - [Converter] Error writing debug file: Object of type datetime is not JSON serializable
2026-08-20 22:27:58,458 - gpsd_manager - INFO - [Converter] [gps_print] Wrote debug info, buffer has 108 lines
2026-08-20 22:27:59,416 - gpsd_manager - INFO - [Converter] GPSPrint: Parsed ZED data, has_gps_time=True
2026-08-20 22:27:59,416 - gpsd_manager - INFO - [Converter] GPSPrint: Returning parsed result
2026-08-20 22:27:59,417 - gpsd_manager - INFO - [Converter] Error writing debug file: Object of type datetime is not JSON serializable
2026-08-20 22:27:59,417 - gpsd_manager - INFO - [Converter] [gps_print] Wrote debug info, buffer has 110 lines
2026-08-20 22:28:00,273 - gpsd_manager - INFO - [Converter] GPSPrint: Parsed ZED data, has_gps_time=True
2026-08-20 22:28:00,273 - gpsd_manager - INFO - [Converter] GPSPrint: Returning parsed result
2026-08-20 22:28:00,274 - gpsd_manager - INFO - [Converter] Error writing debug file: Object of type datetime is not JSON serializable
2026-08-20 22:28:00,274 - gpsd_manager - INFO - [Converter] [gps_print] Wrote debug info, buffer has 112 lines
2026-08-20 22:28:01,419 - gpsd_manager - INFO - [Converter] GPSPrint: Parsed ZED data, has_gps_time=True
2026-08-20 22:28:01,419 - gpsd_manager - INFO - [Converter] GPSPrint: Returning parsed result
2026-08-20 22:28:01,420 - gpsd_manager - INFO - [Converter] Error writing debug file: Object of type datetime is not JSON serializable
2026-08-20 22:28:01,420 - gpsd_manager - INFO - [Converter] [gps_print] Wrote debug info, buffer has 114 lines
2026-08-20 22:32:06,040 - gpsd_manager - INFO - Starting converter: C:\Users\me\AppData\Local\Programs\Python\Python312\python.exe c:\Users\me\app-gpsd_manager\mcode_converter.py --port COM9 --baudrate 9600 --mode tcp --parser gps_print
2026-08-20 22:32:06,050 - gpsd_manager - INFO - Converter process started with PID 59376
2026-08-20 22:32:07,552 - gpsd_manager - INFO - Converter running on port 2948 for gps_print format
2026-08-20 22:32:07,552 - gpsd_manager - INFO - [Converter] Sent disable command: mcode atak disable
2026-08-20 22:32:07,553 - gpsd_manager - INFO - [Converter] Sent enable command: gps print enable
2026-08-20 22:32:07,553 - gpsd_manager - INFO - [Converter] TCP server listening on port 2948
2026-08-20 22:32:07,553 - gpsd_manager - INFO - [Converter] MCODE converter: reading from COM9, streaming NMEA via TCP port 2948
2026-08-20 22:32:07,553 - gpsd_manager - INFO - [Converter] GPSPrint: Parsed ZED data, has_gps_time=False
2026-08-20 22:32:08,218 - gpsd_manager - INFO - [Converter] GPSPrint: Parsed ZED data, has_gps_time=True
2026-08-20 22:32:08,218 - gpsd_manager - INFO - [Converter] GPSPrint: Returning parsed result
2026-08-20 22:32:09,371 - gpsd_manager - INFO - [Converter] GPSPrint: Parsed ZED data, has_gps_time=True
2026-08-20 22:32:09,371 - gpsd_manager - INFO - [Converter] GPSPrint: Returning parsed result
2026-08-20 22:32:10,425 - gpsd_manager - INFO - [Converter] GPSPrint: Parsed ZED data, has_gps_time=True
2026-08-20 22:32:10,425 - gpsd_manager - INFO - [Converter] GPSPrint: Returning parsed result
2026-08-20 22:32:11,257 - gpsd_manager - INFO - [Converter] GPSPrint: Parsed ZED data, has_gps_time=True
2026-08-20 22:32:11,258 - gpsd_manager - INFO - [Converter] GPSPrint: Returning parsed result
2026-08-20 22:32:12,009 - gpsd_manager - INFO - [Converter] GPSPrint: Parsed ZED data, has_gps_time=True
2026-08-20 22:32:12,009 - gpsd_manager - INFO - [Converter] GPSPrint: Returning parsed result
2026-08-20 22:32:13,228 - gpsd_manager - INFO - [Converter] GPSPrint: Parsed ZED data, has_gps_time=True
2026-08-20 22:32:13,228 - gpsd_manager - INFO - [Converter] GPSPrint: Returning parsed result
2026-08-20 22:32:14,154 - gpsd_manager - INFO - [Converter] GPSPrint: Parsed ZED data, has_gps_time=True
2026-08-20 22:32:14,154 - gpsd_manager - INFO - [Converter] GPSPrint: Returning parsed result
2026-08-20 22:32:15,315 - gpsd_manager - INFO - [Converter] GPSPrint: Parsed ZED data, has_gps_time=True
2026-08-20 22:32:15,316 - gpsd_manager - INFO - [Converter] GPSPrint: Returning parsed result
2026-08-20 22:32:16,465 - gpsd_manager - INFO - [Converter] GPSPrint: Parsed ZED data, has_gps_time=True
2026-08-20 22:32:16,466 - gpsd_manager - INFO - [Converter] GPSPrint: Returning parsed result
2026-08-20 22:32:18,010 - gpsd_manager - INFO - [Converter] GPSPrint: Parsed ZED data, has_gps_time=True
2026-08-20 22:32:18,010 - gpsd_manager - INFO - [Converter] GPSPrint: Returning parsed result
2026-08-20 22:32:19,070 - gpsd_manager - INFO - [Converter] GPSPrint: Parsed ZED data, has_gps_time=True
2026-08-20 22:32:19,070 - gpsd_manager - INFO - [Converter] GPSPrint: Returning parsed result
2026-08-20 22:32:20,121 - gpsd_manager - INFO - [Converter] GPSPrint: Parsed ZED data, has_gps_time=True
2026-08-20 22:32:20,121 - gpsd_manager - INFO - [Converter] GPSPrint: Returning parsed result
2026-08-20 22:32:21,251 - gpsd_manager - INFO - [Converter] GPSPrint: Parsed ZED data, has_gps_time=True
2026-08-20 22:32:21,252 - gpsd_manager - INFO - [Converter] GPSPrint: Returning parsed result
2026-08-20 22:32:22,198 - gpsd_manager - INFO - [Converter] GPSPrint: Parsed ZED data, has_gps_time=True
2026-08-20 22:32:22,198 - gpsd_manager - INFO - [Converter] GPSPrint: Returning parsed result
2026-08-20 22:32:23,458 - gpsd_manager - INFO - [Converter] GPSPrint: Parsed ZED data, has_gps_time=True
2026-08-20 22:32:23,459 - gpsd_manager - INFO - [Converter] GPSPrint: Returning parsed result
2026-08-20 22:32:24,406 - gpsd_manager - INFO - [Converter] GPSPrint: Parsed ZED data, has_gps_time=True
2026-08-20 22:32:24,407 - gpsd_manager - INFO - [Converter] GPSPrint: Returning parsed result
2026-08-20 22:32:25,131 - gpsd_manager - INFO - [Converter] GPSPrint: Parsed ZED data, has_gps_time=True
2026-08-20 22:32:25,132 - gpsd_manager - INFO - [Converter] GPSPrint: Returning parsed result
2026-08-20 22:32:26,083 - gpsd_manager - INFO - [Converter] GPSPrint: Parsed ZED data, has_gps_time=True
2026-08-20 22:32:26,083 - gpsd_manager - INFO - [Converter] GPSPrint: Returning parsed result
2026-08-20 22:32:27,215 - gpsd_manager - INFO - [Converter] GPSPrint: Parsed ZED data, has_gps_time=True
2026-08-20 22:32:27,215 - gpsd_manager - INFO - [Converter] GPSPrint: Returning parsed result
2026-08-20 22:32:28,271 - gpsd_manager - INFO - [Converter] GPSPrint: Parsed ZED data, has_gps_time=True
2026-08-20 22:32:28,272 - gpsd_manager - INFO - [Converter] GPSPrint: Returning parsed result
2026-08-20 22:32:29,418 - gpsd_manager - INFO - [Converter] GPSPrint: Parsed ZED data, has_gps_time=True
2026-08-20 22:32:29,418 - gpsd_manager - INFO - [Converter] GPSPrint: Returning parsed result
2026-08-20 22:32:30,473 - gpsd_manager - INFO - [Converter] GPSPrint: Parsed ZED data, has_gps_time=True
2026-08-20 22:32:30,473 - gpsd_manager - INFO - [Converter] GPSPrint: Returning parsed result
2026-08-20 22:32:31,227 - gpsd_manager - INFO - [Converter] GPSPrint: Parsed ZED data, has_gps_time=True
2026-08-20 22:32:31,227 - gpsd_manager - INFO - [Converter] GPSPrint: Returning parsed result
2026-08-20 22:32:32,278 - gpsd_manager - INFO - [Converter] GPSPrint: Parsed ZED data, has_gps_time=True
2026-08-20 22:32:32,278 - gpsd_manager - INFO - [Converter] GPSPrint: Returning parsed result
2026-08-20 22:32:33,435 - gpsd_manager - INFO - [Converter] GPSPrint: Parsed ZED data, has_gps_time=True
2026-08-20 22:32:33,435 - gpsd_manager - INFO - [Converter] GPSPrint: Returning parsed result
2026-08-20 22:32:34,494 - gpsd_manager - INFO - [Converter] GPSPrint: Parsed ZED data, has_gps_time=True
2026-08-20 22:32:34,494 - gpsd_manager - INFO - [Converter] GPSPrint: Returning parsed result
2026-08-20 22:32:35,346 - gpsd_manager - INFO - [Converter] GPSPrint: Parsed ZED data, has_gps_time=True
2026-08-20 22:32:35,346 - gpsd_manager - INFO - [Converter] GPSPrint: Returning parsed result
2026-08-20 22:32:36,295 - gpsd_manager - INFO - [Converter] GPSPrint: Parsed ZED data, has_gps_time=True
2026-08-20 22:32:36,295 - gpsd_manager - INFO - [Converter] GPSPrint: Returning parsed result
2026-08-20 22:32:37,457 - gpsd_manager - INFO - [Converter] GPSPrint: Parsed ZED data, has_gps_time=True
2026-08-20 22:32:37,457 - gpsd_manager - INFO - [Converter] GPSPrint: Returning parsed result
2026-08-20 22:32:38,403 - gpsd_manager - INFO - [Converter] GPSPrint: Parsed ZED data, has_gps_time=True
2026-08-20 22:32:38,403 - gpsd_manager - INFO - [Converter] GPSPrint: Returning parsed result
2026-08-20 22:32:39,260 - gpsd_manager - INFO - [Converter] GPSPrint: Parsed ZED data, has_gps_time=True
2026-08-20 22:32:39,260 - gpsd_manager - INFO - [Converter] GPSPrint: Returning parsed result
2026-08-20 22:32:40,216 - gpsd_manager - INFO - [Converter] GPSPrint: Parsed ZED data, has_gps_time=True
2026-08-20 22:32:40,216 - gpsd_manager - INFO - [Converter] GPSPrint: Returning parsed result
2026-08-20 22:32:41,463 - gpsd_manager - INFO - [Converter] GPSPrint: Parsed ZED data, has_gps_time=True
2026-08-20 22:32:41,463 - gpsd_manager - INFO - [Converter] GPSPrint: Returning parsed result
2026-08-20 22:32:42,419 - gpsd_manager - INFO - [Converter] GPSPrint: Parsed ZED data, has_gps_time=True
2026-08-20 22:32:42,419 - gpsd_manager - INFO - [Converter] GPSPrint: Returning parsed result
2026-08-20 22:32:43,277 - gpsd_manager - INFO - [Converter] GPSPrint: Parsed ZED data, has_gps_time=True
2026-08-20 22:32:43,277 - gpsd_manager - INFO - [Converter] GPSPrint: Returning parsed result
2026-08-20 22:32:44,233 - gpsd_manager - INFO - [Converter] GPSPrint: Parsed ZED data, has_gps_time=True
2026-08-20 22:32:44,233 - gpsd_manager - INFO - [Converter] GPSPrint: Returning parsed result
2026-08-20 22:32:45,487 - gpsd_manager - INFO - [Converter] GPSPrint: Parsed ZED data, has_gps_time=True
2026-08-20 22:32:45,487 - gpsd_manager - INFO - [Converter] GPSPrint: Returning parsed result
2026-08-20 22:32:46,434 - gpsd_manager - INFO - [Converter] GPSPrint: Parsed ZED data, has_gps_time=True
2026-08-20 22:32:46,434 - gpsd_manager - INFO - [Converter] GPSPrint: Returning parsed result
2026-08-20 22:32:47,291 - gpsd_manager - INFO - [Converter] GPSPrint: Parsed ZED data, has_gps_time=True
2026-08-20 22:32:47,292 - gpsd_manager - INFO - [Converter] GPSPrint: Returning parsed result
2026-08-20 22:32:48,249 - gpsd_manager - INFO - [Converter] GPSPrint: Parsed ZED data, has_gps_time=True
2026-08-20 22:32:48,250 - gpsd_manager - INFO - [Converter] GPSPrint: Returning parsed result
2026-08-20 22:32:50,297 - gpsd_manager - INFO - [Converter] GPSPrint: Parsed ZED data, has_gps_time=True
2026-08-20 22:32:50,297 - gpsd_manager - INFO - [Converter] GPSPrint: Returning parsed result
2026-08-20 22:32:51,049 - gpsd_manager - INFO - [Converter] GPSPrint: Parsed ZED data, has_gps_time=True
2026-08-20 22:32:51,050 - gpsd_manager - INFO - [Converter] GPSPrint: Returning parsed result
2026-08-20 22:32:52,177 - gpsd_manager - INFO - [Converter] GPSPrint: Parsed ZED data, has_gps_time=True
2026-08-20 22:32:52,178 - gpsd_manager - INFO - [Converter] GPSPrint: Returning parsed result
2026-08-20 22:32:53,234 - gpsd_manager - INFO - [Converter] GPSPrint: Parsed ZED data, has_gps_time=True
2026-08-20 22:32:53,234 - gpsd_manager - INFO - [Converter] GPSPrint: Returning parsed result
2026-08-20 22:32:54,381 - gpsd_manager - INFO - [Converter] GPSPrint: Parsed ZED data, has_gps_time=True
2026-08-20 22:32:54,382 - gpsd_manager - INFO - [Converter] GPSPrint: Returning parsed result
2026-08-20 22:32:55,442 - gpsd_manager - INFO - [Converter] GPSPrint: Parsed ZED data, has_gps_time=True
2026-08-20 22:32:55,443 - gpsd_manager - INFO - [Converter] GPSPrint: Returning parsed result
2026-08-20 22:32:56,290 - gpsd_manager - INFO - [Converter] GPSPrint: Parsed ZED data, has_gps_time=True
2026-08-20 22:32:56,290 - gpsd_manager - INFO - [Converter] GPSPrint: Returning parsed result
2026-08-20 22:32:58,011 - gpsd_manager - INFO - [Converter] GPSPrint: Parsed ZED data, has_gps_time=True
2026-08-20 22:32:58,012 - gpsd_manager - INFO - [Converter] GPSPrint: Returning parsed result
2026-08-20 22:32:59,261 - gpsd_manager - INFO - [Converter] GPSPrint: Parsed ZED data, has_gps_time=True
2026-08-20 22:32:59,261 - gpsd_manager - INFO - [Converter] GPSPrint: Returning parsed result
2026-08-20 22:33:00,419 - gpsd_manager - INFO - [Converter] GPSPrint: Parsed ZED data, has_gps_time=True
2026-08-20 22:33:00,419 - gpsd_manager - INFO - [Converter] GPSPrint: Returning parsed result
2026-08-20 22:33:01,473 - gpsd_manager - INFO - [Converter] GPSPrint: Parsed ZED data, has_gps_time=True
2026-08-20 22:33:01,473 - gpsd_manager - INFO - [Converter] GPSPrint: Returning parsed result
2026-08-20 22:33:02,226 - gpsd_manager - INFO - [Converter] GPSPrint: Parsed ZED data, has_gps_time=True
2026-08-20 22:33:02,227 - gpsd_manager - INFO - [Converter] GPSPrint: Returning parsed result
2026-08-20 22:33:03,280 - gpsd_manager - INFO - [Converter] GPSPrint: Parsed ZED data, has_gps_time=True
2026-08-20 22:33:03,280 - gpsd_manager - INFO - [Converter] GPSPrint: Returning parsed result
2026-08-20 22:33:05,237 - gpsd_manager - INFO - [Converter] GPSPrint: Parsed ZED data, has_gps_time=True
2026-08-20 22:33:05,237 - gpsd_manager - INFO - [Converter] GPSPrint: Returning parsed result
2026-08-20 22:33:06,289 - gpsd_manager - INFO - [Converter] GPSPrint: Parsed ZED data, has_gps_time=True
2026-08-20 22:33:06,289 - gpsd_manager - INFO - [Converter] GPSPrint: Returning parsed result
2026-08-20 22:33:07,441 - gpsd_manager - INFO - [Converter] GPSPrint: Parsed ZED data, has_gps_time=True
2026-08-20 22:33:07,441 - gpsd_manager - INFO - [Converter] GPSPrint: Returning parsed result
2026-08-20 22:33:08,689 - gpsd_manager - INFO - [Converter] GPSPrint: Parsed ZED data, has_gps_time=True
2026-08-20 22:33:08,689 - gpsd_manager - INFO - [Converter] GPSPrint: Returning parsed result
2026-08-20 22:33:09,915 - gpsd_manager - INFO - [Converter] GPSPrint: Parsed ZED data, has_gps_time=True
2026-08-20 22:33:09,915 - gpsd_manager - INFO - [Converter] GPSPrint: Returning parsed result
2026-08-20 22:33:11,039 - gpsd_manager - INFO - [Converter] GPSPrint: Parsed ZED data, has_gps_time=True
2026-08-20 22:33:11,040 - gpsd_manager - INFO - [Converter] GPSPrint: Returning parsed result
2026-08-20 22:33:12,295 - gpsd_manager - INFO - [Converter] GPSPrint: Parsed ZED data, has_gps_time=True
2026-08-20 22:33:12,295 - gpsd_manager - INFO - [Converter] GPSPrint: Returning parsed result
2026-08-20 22:33:13,442 - gpsd_manager - INFO - [Converter] GPSPrint: Parsed ZED data, has_gps_time=True
2026-08-20 22:33:13,442 - gpsd_manager - INFO - [Converter] GPSPrint: Returning parsed result
2026-08-20 22:33:14,504 - gpsd_manager - INFO - [Converter] GPSPrint: Parsed ZED data, has_gps_time=True
2026-08-20 22:33:14,504 - gpsd_manager - INFO - [Converter] GPSPrint: Returning parsed result
2026-08-20 22:33:15,256 - gpsd_manager - INFO - [Converter] GPSPrint: Parsed ZED data, has_gps_time=True
2026-08-20 22:33:15,256 - gpsd_manager - INFO - [Converter] GPSPrint: Returning parsed result
2026-08-20 22:33:16,315 - gpsd_manager - INFO - [Converter] GPSPrint: Parsed ZED data, has_gps_time=True
2026-08-20 22:33:16,315 - gpsd_manager - INFO - [Converter] GPSPrint: Returning parsed result
2026-08-20 22:33:17,334 - gpsd_manager - INFO - [Converter] GPSPrint: Parsed ZED data, has_gps_time=True
2026-08-20 22:33:17,334 - gpsd_manager - INFO - [Converter] GPSPrint: Returning parsed result
2026-08-20 22:33:18,162 - gpsd_manager - INFO - [Converter] GPSPrint: Parsed ZED data, has_gps_time=True
2026-08-20 22:33:18,162 - gpsd_manager - INFO - [Converter] GPSPrint: Returning parsed result
2026-08-20 22:33:18,917 - gpsd_manager - INFO - [Converter] GPSPrint: Parsed ZED data, has_gps_time=True
2026-08-20 22:33:18,917 - gpsd_manager - INFO - [Converter] GPSPrint: Returning parsed result
2026-08-20 22:33:20,172 - gpsd_manager - INFO - [Converter] GPSPrint: Parsed ZED data, has_gps_time=True
2026-08-20 22:33:20,172 - gpsd_manager - INFO - [Converter] GPSPrint: Returning parsed result
2026-08-20 22:33:20,989 - gpsd_manager - INFO - [Converter] GPSPrint: Parsed ZED data, has_gps_time=True
2026-08-20 22:33:20,989 - gpsd_manager - INFO - [Converter] GPSPrint: Returning parsed result
2026-08-20 22:33:22,115 - gpsd_manager - INFO - [Converter] GPSPrint: Parsed ZED data, has_gps_time=True
2026-08-20 22:33:22,115 - gpsd_manager - INFO - [Converter] GPSPrint: Returning parsed result
2026-08-20 22:33:23,269 - gpsd_manager - INFO - [Converter] GPSPrint: Parsed ZED data, has_gps_time=True
2026-08-20 22:33:23,270 - gpsd_manager - INFO - [Converter] GPSPrint: Returning parsed result
2026-08-20 22:33:24,422 - gpsd_manager - INFO - [Converter] GPSPrint: Parsed ZED data, has_gps_time=True
2026-08-20 22:33:24,422 - gpsd_manager - INFO - [Converter] GPSPrint: Returning parsed result
2026-08-20 22:33:25,382 - gpsd_manager - INFO - [Converter] GPSPrint: Parsed ZED data, has_gps_time=True
2026-08-20 22:33:25,382 - gpsd_manager - INFO - [Converter] GPSPrint: Returning parsed result
2026-08-20 22:33:26,334 - gpsd_manager - INFO - [Converter] GPSPrint: Parsed ZED data, has_gps_time=True
2026-08-20 22:33:26,334 - gpsd_manager - INFO - [Converter] GPSPrint: Returning parsed result
2026-08-20 22:33:27,291 - gpsd_manager - INFO - [Converter] GPSPrint: Parsed ZED data, has_gps_time=True
2026-08-20 22:33:27,291 - gpsd_manager - INFO - [Converter] GPSPrint: Returning parsed result
2026-08-20 22:33:28,438 - gpsd_manager - INFO - [Converter] GPSPrint: Parsed ZED data, has_gps_time=True
2026-08-20 22:33:28,438 - gpsd_manager - INFO - [Converter] GPSPrint: Returning parsed result
2026-08-20 22:33:30,294 - gpsd_manager - INFO - [Converter] GPSPrint: Parsed ZED data, has_gps_time=True
2026-08-20 22:33:30,294 - gpsd_manager - INFO - [Converter] GPSPrint: Returning parsed result
2026-08-20 22:33:31,443 - gpsd_manager - INFO - [Converter] GPSPrint: Parsed ZED data, has_gps_time=True
2026-08-20 22:33:31,443 - gpsd_manager - INFO - [Converter] GPSPrint: Returning parsed result
2026-08-20 22:33:32,702 - gpsd_manager - INFO - [Converter] GPSPrint: Parsed ZED data, has_gps_time=True
2026-08-20 22:33:32,702 - gpsd_manager - INFO - [Converter] GPSPrint: Returning parsed result
2026-08-20 22:33:33,847 - gpsd_manager - INFO - [Converter] GPSPrint: Parsed ZED data, has_gps_time=True
2026-08-20 22:33:33,848 - gpsd_manager - INFO - [Converter] GPSPrint: Returning parsed result
2026-08-20 22:33:34,973 - gpsd_manager - INFO - [Converter] GPSPrint: Parsed ZED data, has_gps_time=True
2026-08-20 22:33:34,973 - gpsd_manager - INFO - [Converter] GPSPrint: Returning parsed result
2026-08-20 22:33:36,104 - gpsd_manager - INFO - [Converter] GPSPrint: Parsed ZED data, has_gps_time=True
2026-08-20 22:33:36,104 - gpsd_manager - INFO - [Converter] GPSPrint: Returning parsed result
2026-08-20 22:33:37,247 - gpsd_manager - INFO - [Converter] GPSPrint: Parsed ZED data, has_gps_time=True
2026-08-20 22:33:37,247 - gpsd_manager - INFO - [Converter] GPSPrint: Returning parsed result
2026-08-20 22:33:38,405 - gpsd_manager - INFO - [Converter] GPSPrint: Parsed ZED data, has_gps_time=True
2026-08-20 22:33:38,405 - gpsd_manager - INFO - [Converter] GPSPrint: Returning parsed result
2026-08-20 22:33:39,459 - gpsd_manager - INFO - [Converter] GPSPrint: Parsed ZED data, has_gps_time=True
2026-08-20 22:33:39,459 - gpsd_manager - INFO - [Converter] GPSPrint: Returning parsed result
2026-08-20 22:33:40,220 - gpsd_manager - INFO - [Converter] GPSPrint: Parsed ZED data, has_gps_time=True
2026-08-20 22:33:40,220 - gpsd_manager - INFO - [Converter] GPSPrint: Returning parsed result
2026-08-20 22:33:41,268 - gpsd_manager - INFO - [Converter] GPSPrint: Parsed ZED data, has_gps_time=True
2026-08-20 22:33:41,268 - gpsd_manager - INFO - [Converter] GPSPrint: Returning parsed result
2026-08-20 22:33:42,423 - gpsd_manager - INFO - [Converter] GPSPrint: Parsed ZED data, has_gps_time=True
2026-08-20 22:33:42,423 - gpsd_manager - INFO - [Converter] GPSPrint: Returning parsed result
2026-08-20 22:33:43,473 - gpsd_manager - INFO - [Converter] GPSPrint: Parsed ZED data, has_gps_time=True
2026-08-20 22:33:43,473 - gpsd_manager - INFO - [Converter] GPSPrint: Returning parsed result
2026-08-20 22:33:44,233 - gpsd_manager - INFO - [Converter] GPSPrint: Parsed ZED data, has_gps_time=True
2026-08-20 22:33:44,233 - gpsd_manager - INFO - [Converter] GPSPrint: Returning parsed result
2026-08-20 22:33:45,283 - gpsd_manager - INFO - [Converter] GPSPrint: Parsed ZED data, has_gps_time=True
2026-08-20 22:33:45,283 - gpsd_manager - INFO - [Converter] GPSPrint: Returning parsed result
2026-08-20 22:33:46,342 - gpsd_manager - INFO - [Converter] GPSPrint: Parsed ZED data, has_gps_time=True
2026-08-20 22:33:46,342 - gpsd_manager - INFO - [Converter] GPSPrint: Returning parsed result
2026-08-20 22:33:47,301 - gpsd_manager - INFO - [Converter] GPSPrint: Parsed ZED data, has_gps_time=True
2026-08-20 22:33:47,302 - gpsd_manager - INFO - [Converter] GPSPrint: Returning parsed result
2026-08-20 22:33:48,348 - gpsd_manager - INFO - [Converter] GPSPrint: Parsed ZED data, has_gps_time=True
2026-08-20 22:33:48,349 - gpsd_manager - INFO - [Converter] GPSPrint: Returning parsed result
2026-08-20 22:33:49,405 - gpsd_manager - INFO - [Converter] GPSPrint: Parsed ZED data, has_gps_time=True
2026-08-20 22:33:49,405 - gpsd_manager - INFO - [Converter] GPSPrint: Returning parsed result
2026-08-20 22:33:50,457 - gpsd_manager - INFO - [Converter] GPSPrint: Parsed ZED data, has_gps_time=True
2026-08-20 22:33:50,457 - gpsd_manager - INFO - [Converter] GPSPrint: Returning parsed result
2026-08-20 22:33:51,212 - gpsd_manager - INFO - [Converter] GPSPrint: Parsed ZED data, has_gps_time=True
2026-08-20 22:33:51,212 - gpsd_manager - INFO - [Converter] GPSPrint: Returning parsed result
2026-08-20 22:33:52,274 - gpsd_manager - INFO - [Converter] GPSPrint: Parsed ZED data, has_gps_time=True
2026-08-20 22:33:52,274 - gpsd_manager - INFO - [Converter] GPSPrint: Returning parsed result
2026-08-20 22:33:53,424 - gpsd_manager - INFO - [Converter] GPSPrint: Parsed ZED data, has_gps_time=True
2026-08-20 22:33:53,424 - gpsd_manager - INFO - [Converter] GPSPrint: Returning parsed result
2026-08-20 22:33:54,476 - gpsd_manager - INFO - [Converter] GPSPrint: Parsed ZED data, has_gps_time=True
2026-08-20 22:33:54,476 - gpsd_manager - INFO - [Converter] GPSPrint: Returning parsed result
2026-08-20 22:33:55,234 - gpsd_manager - INFO - [Converter] GPSPrint: Parsed ZED data, has_gps_time=True
2026-08-20 22:33:55,235 - gpsd_manager - INFO - [Converter] GPSPrint: Returning parsed result
2026-08-20 22:33:57,053 - gpsd_manager - INFO - [Converter] GPSPrint: Parsed ZED data, has_gps_time=True
2026-08-20 22:33:57,053 - gpsd_manager - INFO - [Converter] GPSPrint: Returning parsed result
2026-08-20 22:33:59,195 - gpsd_manager - INFO - [Converter] GPSPrint: Parsed ZED data, has_gps_time=True
2026-08-20 22:33:59,195 - gpsd_manager - INFO - [Converter] GPSPrint: Returning parsed result
2026-08-20 22:34:00,453 - gpsd_manager - INFO - [Converter] GPSPrint: Parsed ZED data, has_gps_time=True
2026-08-20 22:34:00,453 - gpsd_manager - INFO - [Converter] GPSPrint: Returning parsed result
2026-08-20 22:34:01,405 - gpsd_manager - INFO - [Converter] GPSPrint: Parsed ZED data, has_gps_time=True
2026-08-20 22:34:01,405 - gpsd_manager - INFO - [Converter] GPSPrint: Returning parsed result
2026-08-20 22:34:02,358 - gpsd_manager - INFO - [Converter] GPSPrint: Parsed ZED data, has_gps_time=True
2026-08-20 22:34:02,359 - gpsd_manager - INFO - [Converter] GPSPrint: Returning parsed result
2026-08-20 22:34:03,221 - gpsd_manager - INFO - [Converter] GPSPrint: Parsed ZED data, has_gps_time=True
2026-08-20 22:34:03,222 - gpsd_manager - INFO - [Converter] GPSPrint: Returning parsed result
2026-08-20 22:34:04,467 - gpsd_manager - INFO - [Converter] GPSPrint: Parsed ZED data, has_gps_time=True
2026-08-20 22:34:04,467 - gpsd_manager - INFO - [Converter] GPSPrint: Returning parsed result
2026-08-20 22:34:05,420 - gpsd_manager - INFO - [Converter] GPSPrint: Parsed ZED data, has_gps_time=True
2026-08-20 22:34:05,420 - gpsd_manager - INFO - [Converter] GPSPrint: Returning parsed result
2026-08-20 22:34:06,278 - gpsd_manager - INFO - [Converter] GPSPrint: Parsed ZED data, has_gps_time=True
2026-08-20 22:34:06,278 - gpsd_manager - INFO - [Converter] GPSPrint: Returning parsed result
2026-08-20 22:34:07,238 - gpsd_manager - INFO - [Converter] GPSPrint: Parsed ZED data, has_gps_time=True
2026-08-20 22:34:07,238 - gpsd_manager - INFO - [Converter] GPSPrint: Returning parsed result
2026-08-20 22:34:08,489 - gpsd_manager - INFO - [Converter] GPSPrint: Parsed ZED data, has_gps_time=True
2026-08-20 22:34:08,489 - gpsd_manager - INFO - [Converter] GPSPrint: Returning parsed result
2026-08-20 22:34:09,439 - gpsd_manager - INFO - [Converter] GPSPrint: Parsed ZED data, has_gps_time=True
2026-08-20 22:34:09,439 - gpsd_manager - INFO - [Converter] GPSPrint: Returning parsed result
2026-08-20 22:34:10,296 - gpsd_manager - INFO - [Converter] GPSPrint: Parsed ZED data, has_gps_time=True
2026-08-20 22:34:10,296 - gpsd_manager - INFO - [Converter] GPSPrint: Returning parsed result
2026-08-20 22:34:11,250 - gpsd_manager - INFO - [Converter] GPSPrint: Parsed ZED data, has_gps_time=True
2026-08-20 22:34:11,250 - gpsd_manager - INFO - [Converter] GPSPrint: Returning parsed result
2026-08-20 22:34:12,404 - gpsd_manager - INFO - [Converter] GPSPrint: Parsed ZED data, has_gps_time=True
2026-08-20 22:34:12,404 - gpsd_manager - INFO - [Converter] GPSPrint: Returning parsed result
2026-08-20 22:34:13,464 - gpsd_manager - INFO - [Converter] GPSPrint: Parsed ZED data, has_gps_time=True
2026-08-20 22:34:13,464 - gpsd_manager - INFO - [Converter] GPSPrint: Returning parsed result
2026-08-20 22:34:14,414 - gpsd_manager - INFO - [Converter] GPSPrint: Parsed ZED data, has_gps_time=True
2026-08-20 22:34:14,414 - gpsd_manager - INFO - [Converter] GPSPrint: Returning parsed result
2026-08-20 22:34:15,268 - gpsd_manager - INFO - [Converter] GPSPrint: Parsed ZED data, has_gps_time=True
2026-08-20 22:34:15,269 - gpsd_manager - INFO - [Converter] GPSPrint: Returning parsed result
2026-08-20 22:34:16,424 - gpsd_manager - INFO - [Converter] GPSPrint: Parsed ZED data, has_gps_time=True
2026-08-20 22:34:16,424 - gpsd_manager - INFO - [Converter] GPSPrint: Returning parsed result
2026-08-20 22:34:18,046 - gpsd_manager - INFO - [Converter] GPSPrint: Parsed ZED data, has_gps_time=True
2026-08-20 22:34:18,047 - gpsd_manager - INFO - [Converter] GPSPrint: Returning parsed result
2026-08-20 22:34:18,903 - gpsd_manager - INFO - [Converter] GPSPrint: Parsed ZED data, has_gps_time=True
2026-08-20 22:34:18,903 - gpsd_manager - INFO - [Converter] GPSPrint: Returning parsed result
2026-08-20 22:34:20,050 - gpsd_manager - INFO - [Converter] GPSPrint: Parsed ZED data, has_gps_time=True
2026-08-20 22:34:20,050 - gpsd_manager - INFO - [Converter] GPSPrint: Returning parsed result
2026-08-20 22:34:21,103 - gpsd_manager - INFO - [Converter] GPSPrint: Parsed ZED data, has_gps_time=True
2026-08-20 22:34:21,103 - gpsd_manager - INFO - [Converter] GPSPrint: Returning parsed result
2026-08-20 22:34:22,231 - gpsd_manager - INFO - [Converter] GPSPrint: Parsed ZED data, has_gps_time=True
2026-08-20 22:34:22,232 - gpsd_manager - INFO - [Converter] GPSPrint: Returning parsed result
2026-08-20 22:34:23,189 - gpsd_manager - INFO - [Converter] GPSPrint: Parsed ZED data, has_gps_time=True
2026-08-20 22:34:23,189 - gpsd_manager - INFO - [Converter] GPSPrint: Returning parsed result
2026-08-20 22:34:24,441 - gpsd_manager - INFO - [Converter] GPSPrint: Parsed ZED data, has_gps_time=True
2026-08-20 22:34:24,442 - gpsd_manager - INFO - [Converter] GPSPrint: Returning parsed result
2026-08-20 22:34:25,390 - gpsd_manager - INFO - [Converter] GPSPrint: Parsed ZED data, has_gps_time=True
2026-08-20 22:34:25,390 - gpsd_manager - INFO - [Converter] GPSPrint: Returning parsed result
2026-08-20 22:34:27,044 - gpsd_manager - INFO - [Converter] GPSPrint: Parsed ZED data, has_gps_time=True
2026-08-20 22:34:27,044 - gpsd_manager - INFO - [Converter] GPSPrint: Returning parsed result
2026-08-20 22:34:28,264 - gpsd_manager - INFO - [Converter] GPSPrint: Parsed ZED data, has_gps_time=True
2026-08-20 22:34:28,264 - gpsd_manager - INFO - [Converter] GPSPrint: Returning parsed result
2026-08-20 22:34:29,316 - gpsd_manager - INFO - [Converter] GPSPrint: Parsed ZED data, has_gps_time=True
2026-08-20 22:34:29,316 - gpsd_manager - INFO - [Converter] GPSPrint: Returning parsed result
2026-08-20 22:34:30,470 - gpsd_manager - INFO - [Converter] GPSPrint: Parsed ZED data, has_gps_time=True
2026-08-20 22:34:30,470 - gpsd_manager - INFO - [Converter] GPSPrint: Returning parsed result
2026-08-20 22:34:31,429 - gpsd_manager - INFO - [Converter] GPSPrint: Parsed ZED data, has_gps_time=True
2026-08-20 22:34:31,429 - gpsd_manager - INFO - [Converter] GPSPrint: Returning parsed result
2026-08-20 22:34:32,279 - gpsd_manager - INFO - [Converter] GPSPrint: Parsed ZED data, has_gps_time=True
2026-08-20 22:34:32,279 - gpsd_manager - INFO - [Converter] GPSPrint: Returning parsed result
2026-08-20 22:34:41,390 - gpsd_manager - INFO - Starting converter: C:\Users\me\AppData\Local\Programs\Python\Python312\python.exe c:\Users\me\app-gpsd_manager\mcode_converter.py --port COM9 --baudrate 9600 --mode tcp --parser mcode
2026-08-20 22:34:41,402 - gpsd_manager - INFO - Converter process started with PID 57572
2026-08-20 22:34:42,903 - gpsd_manager - INFO - Converter running on port 2948 for mcode format
2026-08-20 22:34:42,903 - gpsd_manager - INFO - [Converter] Sent disable command: gps print disable
2026-08-20 22:34:42,903 - gpsd_manager - INFO - [Converter] Sent enable command: mcode atak enable
2026-08-20 22:34:42,903 - gpsd_manager - INFO - [Converter] TCP server listening on port 2948
2026-08-20 22:34:42,903 - gpsd_manager - INFO - [Converter] MCODE converter: reading from COM9, streaming NMEA via TCP port 2948
2026-08-20 22:35:11,902 - gpsd_manager - INFO - Starting converter: C:\Users\me\AppData\Local\Programs\Python\Python312\python.exe c:\Users\me\app-gpsd_manager\mcode_converter.py --port COM9 --baudrate 9600 --mode tcp --parser gps_print
2026-08-20 22:35:11,907 - gpsd_manager - INFO - Converter process started with PID 33212
2026-08-20 22:35:13,409 - gpsd_manager - INFO - Converter running on port 2948 for gps_print format
2026-08-20 22:35:13,410 - gpsd_manager - INFO - [Converter] Sent disable command: mcode atak disable
2026-08-20 22:35:13,410 - gpsd_manager - INFO - [Converter] Sent enable command: gps print enable
2026-08-20 22:35:13,410 - gpsd_manager - INFO - [Converter] TCP server listening on port 2948
2026-08-20 22:35:13,412 - gpsd_manager - INFO - [Converter] MCODE converter: reading from COM9, streaming NMEA via TCP port 2948
2026-08-20 22:35:13,412 - gpsd_manager - INFO - [Converter] GPSPrint: Parsed ZED data, has_gps_time=False
2026-08-20 22:35:13,412 - gpsd_manager - INFO - [Converter] GPSPrint: Parsed ZED data, has_gps_time=True
2026-08-20 22:35:13,413 - gpsd_manager - INFO - [Converter] GPSPrint: Returning parsed result
2026-08-20 22:35:14,300 - gpsd_manager - INFO - [Converter] GPSPrint: Parsed ZED data, has_gps_time=True
2026-08-20 22:35:14,300 - gpsd_manager - INFO - [Converter] GPSPrint: Returning parsed result
2026-08-20 22:35:15,450 - gpsd_manager - INFO - [Converter] GPSPrint: Parsed ZED data, has_gps_time=True
2026-08-20 22:35:15,450 - gpsd_manager - INFO - [Converter] GPSPrint: Returning parsed result
2026-08-20 22:35:16,276 - gpsd_manager - INFO - [Converter] GPSPrint: Parsed ZED data, has_gps_time=True
2026-08-20 22:35:16,276 - gpsd_manager - INFO - [Converter] GPSPrint: Returning parsed result
2026-08-20 22:35:17,132 - gpsd_manager - INFO - [Converter] GPSPrint: Parsed ZED data, has_gps_time=True
2026-08-20 22:35:17,132 - gpsd_manager - INFO - [Converter] GPSPrint: Returning parsed result
2026-08-20 22:35:18,281 - gpsd_manager - INFO - [Converter] GPSPrint: Parsed ZED data, has_gps_time=True
2026-08-20 22:35:18,281 - gpsd_manager - INFO - [Converter] GPSPrint: Returning parsed result
2026-08-20 22:35:19,440 - gpsd_manager - INFO - [Converter] GPSPrint: Parsed ZED data, has_gps_time=True
2026-08-20 22:35:19,440 - gpsd_manager - INFO - [Converter] GPSPrint: Returning parsed result
2026-08-20 22:35:20,492 - gpsd_manager - INFO - [Converter] GPSPrint: Parsed ZED data, has_gps_time=True
2026-08-20 22:35:20,493 - gpsd_manager - INFO - [Converter] GPSPrint: Returning parsed result
2026-08-20 22:35:21,246 - gpsd_manager - INFO - [Converter] GPSPrint: Parsed ZED data, has_gps_time=True
2026-08-20 22:35:21,246 - gpsd_manager - INFO - [Converter] GPSPrint: Returning parsed result
2026-08-20 22:35:22,304 - gpsd_manager - INFO - [Converter] GPSPrint: Parsed ZED data, has_gps_time=True
2026-08-20 22:35:22,304 - gpsd_manager - INFO - [Converter] GPSPrint: Returning parsed result
2026-08-20 22:35:24,147 - gpsd_manager - INFO - [Converter] GPSPrint: Parsed ZED data, has_gps_time=True
2026-08-20 22:35:24,147 - gpsd_manager - INFO - [Converter] GPSPrint: Returning parsed result
2026-08-20 22:35:25,970 - gpsd_manager - INFO - [Converter] GPSPrint: Parsed ZED data, has_gps_time=True
2026-08-20 22:35:25,970 - gpsd_manager - INFO - [Converter] GPSPrint: Returning parsed result
2026-08-20 22:35:27,319 - gpsd_manager - INFO - [Converter] GPSPrint: Parsed ZED data, has_gps_time=True
2026-08-20 22:35:27,319 - gpsd_manager - INFO - [Converter] GPSPrint: Returning parsed result
2026-08-20 22:35:28,473 - gpsd_manager - INFO - [Converter] GPSPrint: Parsed ZED data, has_gps_time=True
2026-08-20 22:35:28,473 - gpsd_manager - INFO - [Converter] GPSPrint: Returning parsed result
2026-08-20 22:35:29,526 - gpsd_manager - INFO - [Converter] GPSPrint: Parsed ZED data, has_gps_time=True
2026-08-20 22:35:29,526 - gpsd_manager - INFO - [Converter] GPSPrint: Returning parsed result
2026-08-20 22:35:30,281 - gpsd_manager - INFO - [Converter] GPSPrint: Parsed ZED data, has_gps_time=True
2026-08-20 22:35:30,281 - gpsd_manager - INFO - [Converter] GPSPrint: Returning parsed result
2026-08-20 22:35:31,339 - gpsd_manager - INFO - [Converter] GPSPrint: Parsed ZED data, has_gps_time=True
2026-08-20 22:35:31,340 - gpsd_manager - INFO - [Converter] GPSPrint: Returning parsed result
2026-08-20 22:35:32,385 - gpsd_manager - INFO - [Converter] GPSPrint: Parsed ZED data, has_gps_time=True
2026-08-20 22:35:32,385 - gpsd_manager - INFO - [Converter] GPSPrint: Returning parsed result
2026-08-20 22:35:33,448 - gpsd_manager - INFO - [Converter] GPSPrint: Parsed ZED data, has_gps_time=True
2026-08-20 22:35:33,448 - gpsd_manager - INFO - [Converter] GPSPrint: Returning parsed result
2026-08-20 22:35:34,301 - gpsd_manager - INFO - [Converter] GPSPrint: Parsed ZED data, has_gps_time=True
2026-08-20 22:35:34,301 - gpsd_manager - INFO - [Converter] GPSPrint: Returning parsed result
2026-08-20 22:35:35,257 - gpsd_manager - INFO - [Converter] GPSPrint: Parsed ZED data, has_gps_time=True
2026-08-20 22:35:35,257 - gpsd_manager - INFO - [Converter] GPSPrint: Returning parsed result
2026-08-20 22:35:36,274 - gpsd_manager - INFO - [Converter] GPSPrint: Parsed ZED data, has_gps_time=True
2026-08-20 22:35:36,274 - gpsd_manager - INFO - [Converter] GPSPrint: Returning parsed result
2026-08-20 22:35:37,332 - gpsd_manager - INFO - [Converter] GPSPrint: Parsed ZED data, has_gps_time=True
2026-08-20 22:35:37,332 - gpsd_manager - INFO - [Converter] GPSPrint: Returning parsed result
2026-08-20 22:35:38,181 - gpsd_manager - INFO - [Converter] GPSPrint: Parsed ZED data, has_gps_time=True
2026-08-20 22:35:38,182 - gpsd_manager - INFO - [Converter] GPSPrint: Returning parsed result
2026-08-20 22:35:39,238 - gpsd_manager - INFO - [Converter] GPSPrint: Parsed ZED data, has_gps_time=True
2026-08-20 22:35:39,238 - gpsd_manager - INFO - [Converter] GPSPrint: Returning parsed result
2026-08-20 22:35:44,083 - gpsd_manager - INFO - Starting converter: C:\Users\me\AppData\Local\Programs\Python\Python312\python.exe c:\Users\me\app-gpsd_manager\mcode_converter.py --port COM9 --baudrate 9600 --mode tcp --parser gps_print
2026-08-20 22:35:44,088 - gpsd_manager - INFO - Converter process started with PID 61884
2026-08-20 22:35:45,590 - gpsd_manager - INFO - Converter running on port 2948 for gps_print format
2026-08-20 22:35:45,591 - gpsd_manager - INFO - [Converter] Sent disable command: mcode atak disable
2026-08-20 22:35:45,591 - gpsd_manager - INFO - [Converter] Sent enable command: gps print enable
2026-08-20 22:35:45,591 - gpsd_manager - INFO - [Converter] TCP server listening on port 2948
2026-08-20 22:35:45,591 - gpsd_manager - INFO - [Converter] MCODE converter: reading from COM9, streaming NMEA via TCP port 2948
2026-08-20 22:35:45,592 - gpsd_manager - INFO - [Converter] GPSPrint: Parsed ZED data, has_gps_time=False
2026-08-20 22:35:46,069 - gpsd_manager - INFO - [Converter] GPSPrint: Parsed ZED data, has_gps_time=False
2026-08-20 22:35:48,079 - gpsd_manager - INFO - [Converter] GPSPrint: Parsed ZED data, has_gps_time=False
2026-08-20 22:35:49,235 - gpsd_manager - INFO - [Converter] GPSPrint: Parsed ZED data, has_gps_time=True
2026-08-20 22:35:49,235 - gpsd_manager - INFO - [Converter] GPSPrint: Returning parsed result
2026-08-20 22:35:50,387 - gpsd_manager - INFO - [Converter] GPSPrint: Parsed ZED data, has_gps_time=True
2026-08-20 22:35:50,387 - gpsd_manager - INFO - [Converter] GPSPrint: Returning parsed result
2026-08-20 22:35:51,448 - gpsd_manager - INFO - [Converter] GPSPrint: Parsed ZED data, has_gps_time=True
2026-08-20 22:35:51,448 - gpsd_manager - INFO - [Converter] GPSPrint: Returning parsed result
2026-08-20 22:35:52,200 - gpsd_manager - INFO - [Converter] GPSPrint: Parsed ZED data, has_gps_time=True
2026-08-20 22:35:52,200 - gpsd_manager - INFO - [Converter] GPSPrint: Returning parsed result
2026-08-20 22:35:53,357 - gpsd_manager - INFO - [Converter] GPSPrint: Parsed ZED data, has_gps_time=True
2026-08-20 22:35:53,357 - gpsd_manager - INFO - [Converter] GPSPrint: Returning parsed result
2026-08-20 22:35:54,407 - gpsd_manager - INFO - [Converter] GPSPrint: Parsed ZED data, has_gps_time=True
2026-08-20 22:35:54,407 - gpsd_manager - INFO - [Converter] GPSPrint: Returning parsed result
2026-08-20 22:35:55,458 - gpsd_manager - INFO - [Converter] GPSPrint: Parsed ZED data, has_gps_time=True
2026-08-20 22:35:55,459 - gpsd_manager - INFO - [Converter] GPSPrint: Returning parsed result
2026-08-20 22:35:56,318 - gpsd_manager - INFO - [Converter] GPSPrint: Parsed ZED data, has_gps_time=True
2026-08-20 22:35:56,319 - gpsd_manager - INFO - [Converter] GPSPrint: Returning parsed result
2026-08-20 22:35:57,264 - gpsd_manager - INFO - [Converter] GPSPrint: Parsed ZED data, has_gps_time=True
2026-08-20 22:35:57,264 - gpsd_manager - INFO - [Converter] GPSPrint: Returning parsed result
2026-08-20 22:35:58,523 - gpsd_manager - INFO - [Converter] GPSPrint: Parsed ZED data, has_gps_time=True
2026-08-20 22:35:58,523 - gpsd_manager - INFO - [Converter] GPSPrint: Returning parsed result
2026-08-20 22:35:59,471 - gpsd_manager - INFO - [Converter] GPSPrint: Parsed ZED data, has_gps_time=True
2026-08-20 22:35:59,471 - gpsd_manager - INFO - [Converter] GPSPrint: Returning parsed result
2026-08-20 22:36:00,333 - gpsd_manager - INFO - [Converter] GPSPrint: Parsed ZED data, has_gps_time=True
2026-08-20 22:36:00,333 - gpsd_manager - INFO - [Converter] GPSPrint: Returning parsed result
2026-08-20 22:36:01,282 - gpsd_manager - INFO - [Converter] GPSPrint: Parsed ZED data, has_gps_time=True
2026-08-20 22:36:01,282 - gpsd_manager - INFO - [Converter] GPSPrint: Returning parsed result
2026-08-20 22:36:02,434 - gpsd_manager - INFO - [Converter] GPSPrint: Parsed ZED data, has_gps_time=True
2026-08-20 22:36:02,434 - gpsd_manager - INFO - [Converter] GPSPrint: Returning parsed result
2026-08-20 22:36:03,392 - gpsd_manager - INFO - [Converter] GPSPrint: Parsed ZED data, has_gps_time=True
2026-08-20 22:36:03,392 - gpsd_manager - INFO - [Converter] GPSPrint: Returning parsed result
2026-08-20 22:36:04,248 - gpsd_manager - INFO - [Converter] GPSPrint: Parsed ZED data, has_gps_time=True
2026-08-20 22:36:04,248 - gpsd_manager - INFO - [Converter] GPSPrint: Returning parsed result
2026-08-20 22:36:05,295 - gpsd_manager - INFO - [Converter] GPSPrint: Parsed ZED data, has_gps_time=True
2026-08-20 22:36:05,296 - gpsd_manager - INFO - [Converter] GPSPrint: Returning parsed result
2026-08-20 22:36:06,456 - gpsd_manager - INFO - [Converter] GPSPrint: Parsed ZED data, has_gps_time=True
2026-08-20 22:36:06,456 - gpsd_manager - INFO - [Converter] GPSPrint: Returning parsed result
2026-08-20 22:36:07,501 - gpsd_manager - INFO - [Converter] GPSPrint: Parsed ZED data, has_gps_time=True
2026-08-20 22:36:07,502 - gpsd_manager - INFO - [Converter] GPSPrint: Returning parsed result
2026-08-20 22:36:08,258 - gpsd_manager - INFO - [Converter] GPSPrint: Parsed ZED data, has_gps_time=True
2026-08-20 22:36:08,258 - gpsd_manager - INFO - [Converter] GPSPrint: Returning parsed result
2026-08-20 22:36:09,314 - gpsd_manager - INFO - [Converter] GPSPrint: Parsed ZED data, has_gps_time=True
2026-08-20 22:36:09,314 - gpsd_manager - INFO - [Converter] GPSPrint: Returning parsed result
2026-08-20 22:36:10,369 - gpsd_manager - INFO - [Converter] GPSPrint: Parsed ZED data, has_gps_time=True
2026-08-20 22:36:10,369 - gpsd_manager - INFO - [Converter] GPSPrint: Returning parsed result
2026-08-20 22:36:11,328 - gpsd_manager - INFO - [Converter] GPSPrint: Parsed ZED data, has_gps_time=True
2026-08-20 22:36:11,328 - gpsd_manager - INFO - [Converter] GPSPrint: Returning parsed result
2026-08-20 22:36:12,275 - gpsd_manager - INFO - [Converter] GPSPrint: Parsed ZED data, has_gps_time=True
2026-08-20 22:36:12,275 - gpsd_manager - INFO - [Converter] GPSPrint: Returning parsed result
2026-08-20 22:36:13,306 - gpsd_manager - INFO - [Converter] GPSPrint: Parsed ZED data, has_gps_time=True
2026-08-20 22:36:13,306 - gpsd_manager - INFO - [Converter] GPSPrint: Returning parsed result
2026-08-20 22:36:14,256 - gpsd_manager - INFO - [Converter] GPSPrint: Parsed ZED data, has_gps_time=True
2026-08-20 22:36:14,256 - gpsd_manager - INFO - [Converter] GPSPrint: Returning parsed result
2026-08-20 22:36:15,178 - gpsd_manager - INFO - [Converter] GPSPrint: Parsed ZED data, has_gps_time=True
2026-08-20 22:36:15,178 - gpsd_manager - INFO - [Converter] GPSPrint: Returning parsed result
2026-08-20 22:36:16,237 - gpsd_manager - INFO - [Converter] GPSPrint: Parsed ZED data, has_gps_time=True
2026-08-20 22:36:16,237 - gpsd_manager - INFO - [Converter] GPSPrint: Returning parsed result
2026-08-20 22:36:17,386 - gpsd_manager - INFO - [Converter] GPSPrint: Parsed ZED data, has_gps_time=True
2026-08-20 22:36:17,386 - gpsd_manager - INFO - [Converter] GPSPrint: Returning parsed result
2026-08-20 22:36:18,440 - gpsd_manager - INFO - [Converter] GPSPrint: Parsed ZED data, has_gps_time=True
2026-08-20 22:36:18,440 - gpsd_manager - INFO - [Converter] GPSPrint: Returning parsed result
2026-08-20 22:36:19,202 - gpsd_manager - INFO - [Converter] GPSPrint: Parsed ZED data, has_gps_time=True
2026-08-20 22:36:19,202 - gpsd_manager - INFO - [Converter] GPSPrint: Returning parsed result
2026-08-20 22:36:20,251 - gpsd_manager - INFO - [Converter] GPSPrint: Parsed ZED data, has_gps_time=True
2026-08-20 22:36:20,251 - gpsd_manager - INFO - [Converter] GPSPrint: Returning parsed result
2026-08-20 22:36:21,502 - gpsd_manager - INFO - [Converter] GPSPrint: Parsed ZED data, has_gps_time=True
2026-08-20 22:36:21,502 - gpsd_manager - INFO - [Converter] GPSPrint: Returning parsed result
2026-08-20 22:36:22,457 - gpsd_manager - INFO - [Converter] GPSPrint: Parsed ZED data, has_gps_time=True
2026-08-20 22:36:22,457 - gpsd_manager - INFO - [Converter] GPSPrint: Returning parsed result
2026-08-20 22:36:24,013 - gpsd_manager - INFO - [Converter] GPSPrint: Parsed ZED data, has_gps_time=True
2026-08-20 22:36:24,013 - gpsd_manager - INFO - [Converter] GPSPrint: Returning parsed result
2026-08-20 22:36:25,236 - gpsd_manager - INFO - [Converter] GPSPrint: Parsed ZED data, has_gps_time=True
2026-08-20 22:36:25,236 - gpsd_manager - INFO - [Converter] GPSPrint: Returning parsed result
2026-08-20 22:36:26,280 - gpsd_manager - INFO - [Converter] GPSPrint: Parsed ZED data, has_gps_time=True
2026-08-20 22:36:26,280 - gpsd_manager - INFO - [Converter] GPSPrint: Returning parsed result
2026-08-20 22:36:27,438 - gpsd_manager - INFO - [Converter] GPSPrint: Parsed ZED data, has_gps_time=True
2026-08-20 22:36:27,438 - gpsd_manager - INFO - [Converter] GPSPrint: Returning parsed result
2026-08-20 22:36:28,388 - gpsd_manager - INFO - [Converter] GPSPrint: Parsed ZED data, has_gps_time=True
2026-08-20 22:36:28,388 - gpsd_manager - INFO - [Converter] GPSPrint: Returning parsed result
2026-08-20 22:36:29,248 - gpsd_manager - INFO - [Converter] GPSPrint: Parsed ZED data, has_gps_time=True
2026-08-20 22:36:29,248 - gpsd_manager - INFO - [Converter] GPSPrint: Returning parsed result
2026-08-20 22:36:30,299 - gpsd_manager - INFO - [Converter] GPSPrint: Parsed ZED data, has_gps_time=True
2026-08-20 22:36:30,299 - gpsd_manager - INFO - [Converter] GPSPrint: Returning parsed result
2026-08-20 22:36:31,452 - gpsd_manager - INFO - [Converter] GPSPrint: Parsed ZED data, has_gps_time=True
2026-08-20 22:36:31,452 - gpsd_manager - INFO - [Converter] GPSPrint: Returning parsed result
2026-08-20 22:36:32,410 - gpsd_manager - INFO - [Converter] GPSPrint: Parsed ZED data, has_gps_time=True
2026-08-20 22:36:32,410 - gpsd_manager - INFO - [Converter] GPSPrint: Returning parsed result
2026-08-20 22:36:33,268 - gpsd_manager - INFO - [Converter] GPSPrint: Parsed ZED data, has_gps_time=True
2026-08-20 22:36:33,268 - gpsd_manager - INFO - [Converter] GPSPrint: Returning parsed result
2026-08-20 22:36:34,221 - gpsd_manager - INFO - [Converter] GPSPrint: Parsed ZED data, has_gps_time=True
2026-08-20 22:36:34,221 - gpsd_manager - INFO - [Converter] GPSPrint: Returning parsed result
2026-08-20 22:36:35,370 - gpsd_manager - INFO - [Converter] GPSPrint: Parsed ZED data, has_gps_time=True
2026-08-20 22:36:35,370 - gpsd_manager - INFO - [Converter] GPSPrint: Returning parsed result
2026-08-20 22:36:36,423 - gpsd_manager - INFO - [Converter] GPSPrint: Parsed ZED data, has_gps_time=True
2026-08-20 22:36:36,423 - gpsd_manager - INFO - [Converter] GPSPrint: Returning parsed result
2026-08-20 22:36:37,278 - gpsd_manager - INFO - [Converter] GPSPrint: Parsed ZED data, has_gps_time=True
2026-08-20 22:36:37,278 - gpsd_manager - INFO - [Converter] GPSPrint: Returning parsed result
2026-08-20 22:36:38,237 - gpsd_manager - INFO - [Converter] GPSPrint: Parsed ZED data, has_gps_time=True
2026-08-20 22:36:38,238 - gpsd_manager - INFO - [Converter] GPSPrint: Returning parsed result
2026-08-20 22:36:39,485 - gpsd_manager - INFO - [Converter] GPSPrint: Parsed ZED data, has_gps_time=True
2026-08-20 22:36:39,485 - gpsd_manager - INFO - [Converter] GPSPrint: Returning parsed result
2026-08-20 22:36:40,340 - gpsd_manager - INFO - [Converter] GPSPrint: Parsed ZED data, has_gps_time=True
2026-08-20 22:36:40,340 - gpsd_manager - INFO - [Converter] GPSPrint: Returning parsed result
2026-08-20 22:36:41,193 - gpsd_manager - INFO - [Converter] GPSPrint: Parsed ZED data, has_gps_time=True
2026-08-20 22:36:41,193 - gpsd_manager - INFO - [Converter] GPSPrint: Returning parsed result
2026-08-20 22:36:42,247 - gpsd_manager - INFO - [Converter] GPSPrint: Parsed ZED data, has_gps_time=True
2026-08-20 22:36:42,247 - gpsd_manager - INFO - [Converter] GPSPrint: Returning parsed result
2026-08-20 22:36:43,207 - gpsd_manager - INFO - [Converter] GPSPrint: Parsed ZED data, has_gps_time=True
2026-08-20 22:36:43,207 - gpsd_manager - INFO - [Converter] GPSPrint: Returning parsed result
2026-08-20 22:36:44,454 - gpsd_manager - INFO - [Converter] GPSPrint: Parsed ZED data, has_gps_time=True
2026-08-20 22:36:44,454 - gpsd_manager - INFO - [Converter] GPSPrint: Returning parsed result
2026-08-20 22:36:45,415 - gpsd_manager - INFO - [Converter] GPSPrint: Parsed ZED data, has_gps_time=True
2026-08-20 22:36:45,415 - gpsd_manager - INFO - [Converter] GPSPrint: Returning parsed result
2026-08-20 22:36:46,273 - gpsd_manager - INFO - [Converter] GPSPrint: Parsed ZED data, has_gps_time=True
2026-08-20 22:36:46,273 - gpsd_manager - INFO - [Converter] GPSPrint: Returning parsed result
2026-08-20 22:36:47,224 - gpsd_manager - INFO - [Converter] GPSPrint: Parsed ZED data, has_gps_time=True
2026-08-20 22:36:47,224 - gpsd_manager - INFO - [Converter] GPSPrint: Returning parsed result
2026-08-20 22:36:49,269 - gpsd_manager - INFO - [Converter] GPSPrint: Parsed ZED data, has_gps_time=True
2026-08-20 22:36:49,270 - gpsd_manager - INFO - [Converter] GPSPrint: Returning parsed result
2026-08-20 22:36:50,024 - gpsd_manager - INFO - [Converter] GPSPrint: Parsed ZED data, has_gps_time=True
2026-08-20 22:36:50,024 - gpsd_manager - INFO - [Converter] GPSPrint: Returning parsed result
2026-08-20 22:36:51,250 - gpsd_manager - INFO - [Converter] GPSPrint: Parsed ZED data, has_gps_time=True
2026-08-20 22:36:51,250 - gpsd_manager - INFO - [Converter] GPSPrint: Returning parsed result
2026-08-20 22:36:52,200 - gpsd_manager - INFO - [Converter] GPSPrint: Parsed ZED data, has_gps_time=True
2026-08-20 22:36:52,200 - gpsd_manager - INFO - [Converter] GPSPrint: Returning parsed result
2026-08-20 22:36:53,222 - gpsd_manager - INFO - [Converter] GPSPrint: Parsed ZED data, has_gps_time=True
2026-08-20 22:36:53,222 - gpsd_manager - INFO - [Converter] GPSPrint: Returning parsed result
2026-08-20 22:36:54,284 - gpsd_manager - INFO - [Converter] GPSPrint: Parsed ZED data, has_gps_time=True
2026-08-20 22:36:54,285 - gpsd_manager - INFO - [Converter] GPSPrint: Returning parsed result
2026-08-20 22:36:55,032 - gpsd_manager - INFO - [Converter] GPSPrint: Parsed ZED data, has_gps_time=True
2026-08-20 22:36:55,032 - gpsd_manager - INFO - [Converter] GPSPrint: Returning parsed result
2026-08-20 22:36:56,194 - gpsd_manager - INFO - [Converter] GPSPrint: Parsed ZED data, has_gps_time=True
2026-08-20 22:36:56,194 - gpsd_manager - INFO - [Converter] GPSPrint: Returning parsed result
2026-08-20 22:36:57,215 - gpsd_manager - INFO - [Converter] GPSPrint: Parsed ZED data, has_gps_time=True
2026-08-20 22:36:57,215 - gpsd_manager - INFO - [Converter] GPSPrint: Returning parsed result
2026-08-20 22:36:58,263 - gpsd_manager - INFO - [Converter] GPSPrint: Parsed ZED data, has_gps_time=True
2026-08-20 22:36:58,263 - gpsd_manager - INFO - [Converter] GPSPrint: Returning parsed result
2026-08-20 22:36:59,189 - gpsd_manager - INFO - [Converter] GPSPrint: Parsed ZED data, has_gps_time=True
2026-08-20 22:36:59,189 - gpsd_manager - INFO - [Converter] GPSPrint: Returning parsed result
2026-08-20 22:37:00,252 - gpsd_manager - INFO - [Converter] GPSPrint: Parsed ZED data, has_gps_time=True
2026-08-20 22:37:00,252 - gpsd_manager - INFO - [Converter] GPSPrint: Returning parsed result
2026-08-20 22:37:01,199 - gpsd_manager - INFO - [Converter] GPSPrint: Parsed ZED data, has_gps_time=True
2026-08-20 22:37:01,199 - gpsd_manager - INFO - [Converter] GPSPrint: Returning parsed result
2026-08-20 22:37:02,022 - gpsd_manager - INFO - [Converter] GPSPrint: Parsed ZED data, has_gps_time=True
2026-08-20 22:37:02,022 - gpsd_manager - INFO - [Converter] GPSPrint: Returning parsed result
2026-08-20 22:37:03,054 - gpsd_manager - INFO - [Converter] GPSPrint: Parsed ZED data, has_gps_time=True
2026-08-20 22:37:03,054 - gpsd_manager - INFO - [Converter] GPSPrint: Returning parsed result
2026-08-20 22:37:04,202 - gpsd_manager - INFO - [Converter] GPSPrint: Parsed ZED data, has_gps_time=True
2026-08-20 22:37:04,202 - gpsd_manager - INFO - [Converter] GPSPrint: Returning parsed result
2026-08-20 22:37:05,355 - gpsd_manager - INFO - [Converter] GPSPrint: Parsed ZED data, has_gps_time=True
2026-08-20 22:37:05,355 - gpsd_manager - INFO - [Converter] GPSPrint: Returning parsed result
2026-08-20 22:37:06,409 - gpsd_manager - INFO - [Converter] GPSPrint: Parsed ZED data, has_gps_time=True
2026-08-20 22:37:06,409 - gpsd_manager - INFO - [Converter] GPSPrint: Returning parsed result
2026-08-20 22:37:07,463 - gpsd_manager - INFO - [Converter] GPSPrint: Parsed ZED data, has_gps_time=True
2026-08-20 22:37:07,463 - gpsd_manager - INFO - [Converter] GPSPrint: Returning parsed result
2026-08-20 22:37:08,223 - gpsd_manager - INFO - [Converter] GPSPrint: Parsed ZED data, has_gps_time=True
2026-08-20 22:37:08,223 - gpsd_manager - INFO - [Converter] GPSPrint: Returning parsed result
2026-08-20 22:37:09,273 - gpsd_manager - INFO - [Converter] GPSPrint: Parsed ZED data, has_gps_time=True
2026-08-20 22:37:09,273 - gpsd_manager - INFO - [Converter] GPSPrint: Returning parsed result
2026-08-20 22:37:10,293 - gpsd_manager - INFO - [Converter] GPSPrint: Parsed ZED data, has_gps_time=True
2026-08-20 22:37:10,293 - gpsd_manager - INFO - [Converter] GPSPrint: Returning parsed result
2026-08-20 22:37:11,253 - gpsd_manager - INFO - [Converter] GPSPrint: Parsed ZED data, has_gps_time=True
2026-08-20 22:37:11,254 - gpsd_manager - INFO - [Converter] GPSPrint: Returning parsed result
2026-08-20 22:37:12,107 - gpsd_manager - INFO - [Converter] GPSPrint: Parsed ZED data, has_gps_time=True
2026-08-20 22:37:12,107 - gpsd_manager - INFO - [Converter] GPSPrint: Returning parsed result
2026-08-20 22:37:13,232 - gpsd_manager - INFO - [Converter] GPSPrint: Parsed ZED data, has_gps_time=True
2026-08-20 22:37:13,232 - gpsd_manager - INFO - [Converter] GPSPrint: Returning parsed result
2026-08-20 22:37:14,283 - gpsd_manager - INFO - [Converter] GPSPrint: Parsed ZED data, has_gps_time=True
2026-08-20 22:37:14,283 - gpsd_manager - INFO - [Converter] GPSPrint: Returning parsed result
2026-08-20 22:37:15,439 - gpsd_manager - INFO - [Converter] GPSPrint: Parsed ZED data, has_gps_time=True
2026-08-20 22:37:15,439 - gpsd_manager - INFO - [Converter] GPSPrint: Returning parsed result
2026-08-20 22:37:16,488 - gpsd_manager - INFO - [Converter] GPSPrint: Parsed ZED data, has_gps_time=True
2026-08-20 22:37:16,489 - gpsd_manager - INFO - [Converter] GPSPrint: Returning parsed result
2026-08-20 22:37:17,345 - gpsd_manager - INFO - [Converter] GPSPrint: Parsed ZED data, has_gps_time=True
2026-08-20 22:37:17,345 - gpsd_manager - INFO - [Converter] GPSPrint: Returning parsed result
2026-08-20 22:37:18,295 - gpsd_manager - INFO - [Converter] GPSPrint: Parsed ZED data, has_gps_time=True
2026-08-20 22:37:18,295 - gpsd_manager - INFO - [Converter] GPSPrint: Returning parsed result
2026-08-20 22:37:19,457 - gpsd_manager - INFO - [Converter] GPSPrint: Parsed ZED data, has_gps_time=True
2026-08-20 22:37:19,457 - gpsd_manager - INFO - [Converter] GPSPrint: Returning parsed result
2026-08-20 22:37:20,406 - gpsd_manager - INFO - [Converter] GPSPrint: Parsed ZED data, has_gps_time=True
2026-08-20 22:37:20,407 - gpsd_manager - INFO - [Converter] GPSPrint: Returning parsed result
2026-08-20 22:37:21,257 - gpsd_manager - INFO - [Converter] GPSPrint: Parsed ZED data, has_gps_time=True
2026-08-20 22:37:21,258 - gpsd_manager - INFO - [Converter] GPSPrint: Returning parsed result
2026-08-20 22:37:22,315 - gpsd_manager - INFO - [Converter] GPSPrint: Parsed ZED data, has_gps_time=True
2026-08-20 22:37:22,315 - gpsd_manager - INFO - [Converter] GPSPrint: Returning parsed result
2026-08-20 22:37:23,468 - gpsd_manager - INFO - [Converter] GPSPrint: Parsed ZED data, has_gps_time=True
2026-08-20 22:37:23,468 - gpsd_manager - INFO - [Converter] GPSPrint: Returning parsed result
2026-08-20 22:37:24,423 - gpsd_manager - INFO - [Converter] GPSPrint: Parsed ZED data, has_gps_time=True
2026-08-20 22:37:24,424 - gpsd_manager - INFO - [Converter] GPSPrint: Returning parsed result
2026-08-20 22:37:25,272 - gpsd_manager - INFO - [Converter] GPSPrint: Parsed ZED data, has_gps_time=True
2026-08-20 22:37:25,272 - gpsd_manager - INFO - [Converter] GPSPrint: Returning parsed result
2026-08-20 22:37:26,229 - gpsd_manager - INFO - [Converter] GPSPrint: Parsed ZED data, has_gps_time=True
2026-08-20 22:37:26,229 - gpsd_manager - INFO - [Converter] GPSPrint: Returning parsed result
2026-08-20 22:37:27,379 - gpsd_manager - INFO - [Converter] GPSPrint: Parsed ZED data, has_gps_time=True
2026-08-20 22:37:27,379 - gpsd_manager - INFO - [Converter] GPSPrint: Returning parsed result
2026-08-20 22:37:28,342 - gpsd_manager - INFO - [Converter] GPSPrint: Parsed ZED data, has_gps_time=True
2026-08-20 22:37:28,342 - gpsd_manager - INFO - [Converter] GPSPrint: Returning parsed result
2026-08-20 22:37:29,098 - gpsd_manager - INFO - [Converter] GPSPrint: Parsed ZED data, has_gps_time=True
2026-08-20 22:37:29,098 - gpsd_manager - INFO - [Converter] GPSPrint: Returning parsed result
2026-08-20 22:37:30,152 - gpsd_manager - INFO - [Converter] GPSPrint: Parsed ZED data, has_gps_time=True
2026-08-20 22:37:30,152 - gpsd_manager - INFO - [Converter] GPSPrint: Returning parsed result
2026-08-20 22:37:31,265 - gpsd_manager - INFO - [Converter] GPSPrint: Parsed ZED data, has_gps_time=True
2026-08-20 22:37:31,266 - gpsd_manager - INFO - [Converter] GPSPrint: Returning parsed result
2026-08-20 22:37:32,220 - gpsd_manager - INFO - [Converter] GPSPrint: Parsed ZED data, has_gps_time=True
2026-08-20 22:37:32,220 - gpsd_manager - INFO - [Converter] GPSPrint: Returning parsed result
2026-08-20 22:37:34,273 - gpsd_manager - INFO - [Converter] GPSPrint: Parsed ZED data, has_gps_time=True
2026-08-20 22:37:34,273 - gpsd_manager - INFO - [Converter] GPSPrint: Returning parsed result
2026-08-20 22:37:35,425 - gpsd_manager - INFO - [Converter] GPSPrint: Parsed ZED data, has_gps_time=True
2026-08-20 22:37:35,425 - gpsd_manager - INFO - [Converter] GPSPrint: Returning parsed result
2026-08-20 22:37:36,678 - gpsd_manager - INFO - [Converter] GPSPrint: Parsed ZED data, has_gps_time=True
2026-08-20 22:37:36,678 - gpsd_manager - INFO - [Converter] GPSPrint: Returning parsed result
2026-08-20 22:37:37,834 - gpsd_manager - INFO - [Converter] GPSPrint: Parsed ZED data, has_gps_time=True
2026-08-20 22:37:37,834 - gpsd_manager - INFO - [Converter] GPSPrint: Returning parsed result
2026-08-20 22:37:38,953 - gpsd_manager - INFO - [Converter] GPSPrint: Parsed ZED data, has_gps_time=True
2026-08-20 22:37:38,953 - gpsd_manager - INFO - [Converter] GPSPrint: Returning parsed result
2026-08-20 22:37:40,174 - gpsd_manager - INFO - [Converter] GPSPrint: Parsed ZED data, has_gps_time=True
2026-08-20 22:37:40,174 - gpsd_manager - INFO - [Converter] GPSPrint: Returning parsed result
2026-08-20 22:37:41,226 - gpsd_manager - INFO - [Converter] GPSPrint: Parsed ZED data, has_gps_time=True
2026-08-20 22:37:41,226 - gpsd_manager - INFO - [Converter] GPSPrint: Returning parsed result
2026-08-20 22:37:42,381 - gpsd_manager - INFO - [Converter] GPSPrint: Parsed ZED data, has_gps_time=True
2026-08-20 22:37:42,381 - gpsd_manager - INFO - [Converter] GPSPrint: Returning parsed result
2026-08-20 22:37:43,434 - gpsd_manager - INFO - [Converter] GPSPrint: Parsed ZED data, has_gps_time=True
2026-08-20 22:37:43,434 - gpsd_manager - INFO - [Converter] GPSPrint: Returning parsed result
2026-08-20 22:37:44,296 - gpsd_manager - INFO - [Converter] GPSPrint: Parsed ZED data, has_gps_time=True
2026-08-20 22:37:44,296 - gpsd_manager - INFO - [Converter] GPSPrint: Returning parsed result
2026-08-20 22:37:45,244 - gpsd_manager - INFO - [Converter] GPSPrint: Parsed ZED data, has_gps_time=True
2026-08-20 22:37:45,244 - gpsd_manager - INFO - [Converter] GPSPrint: Returning parsed result
2026-08-20 22:37:46,269 - gpsd_manager - INFO - [Converter] GPSPrint: Parsed ZED data, has_gps_time=True
2026-08-20 22:37:46,269 - gpsd_manager - INFO - [Converter] GPSPrint: Returning parsed result
2026-08-20 22:37:47,325 - gpsd_manager - INFO - [Converter] GPSPrint: Parsed ZED data, has_gps_time=True
2026-08-20 22:37:47,325 - gpsd_manager - INFO - [Converter] GPSPrint: Returning parsed result
2026-08-20 22:37:48,078 - gpsd_manager - INFO - [Converter] GPSPrint: Parsed ZED data, has_gps_time=True
2026-08-20 22:37:48,078 - gpsd_manager - INFO - [Converter] GPSPrint: Returning parsed result
2026-08-20 22:37:49,129 - gpsd_manager - INFO - [Converter] GPSPrint: Parsed ZED data, has_gps_time=True
2026-08-20 22:37:49,129 - gpsd_manager - INFO - [Converter] GPSPrint: Returning parsed result
2026-08-20 22:37:50,152 - gpsd_manager - INFO - [Converter] GPSPrint: Parsed ZED data, has_gps_time=True
2026-08-20 22:37:50,152 - gpsd_manager - INFO - [Converter] GPSPrint: Returning parsed result
2026-08-20 22:37:51,212 - gpsd_manager - INFO - [Converter] GPSPrint: Parsed ZED data, has_gps_time=True
2026-08-20 22:37:51,212 - gpsd_manager - INFO - [Converter] GPSPrint: Returning parsed result
2026-08-20 22:37:52,235 - gpsd_manager - INFO - [Converter] GPSPrint: Parsed ZED data, has_gps_time=True
2026-08-20 22:37:52,235 - gpsd_manager - INFO - [Converter] GPSPrint: Returning parsed result
2026-08-20 22:37:53,288 - gpsd_manager - INFO - [Converter] GPSPrint: Parsed ZED data, has_gps_time=True
2026-08-20 22:37:53,288 - gpsd_manager - INFO - [Converter] GPSPrint: Returning parsed result
2026-08-20 22:37:54,437 - gpsd_manager - INFO - [Converter] GPSPrint: Parsed ZED data, has_gps_time=True
2026-08-20 22:37:54,439 - gpsd_manager - INFO - [Converter] GPSPrint: Returning parsed result
2026-08-20 22:37:55,391 - gpsd_manager - INFO - [Converter] GPSPrint: Parsed ZED data, has_gps_time=True
2026-08-20 22:37:55,391 - gpsd_manager - INFO - [Converter] GPSPrint: Returning parsed result
2026-08-20 22:37:56,255 - gpsd_manager - INFO - [Converter] GPSPrint: Parsed ZED data, has_gps_time=True
2026-08-20 22:37:56,255 - gpsd_manager - INFO - [Converter] GPSPrint: Returning parsed result
2026-08-20 22:37:57,310 - gpsd_manager - INFO - [Converter] GPSPrint: Parsed ZED data, has_gps_time=True
2026-08-20 22:37:57,311 - gpsd_manager - INFO - [Converter] GPSPrint: Returning parsed result
2026-08-20 22:37:58,229 - gpsd_manager - INFO - [Converter] GPSPrint: Parsed ZED data, has_gps_time=True
2026-08-20 22:37:58,229 - gpsd_manager - INFO - [Converter] GPSPrint: Returning parsed result
2026-08-20 22:37:59,282 - gpsd_manager - INFO - [Converter] GPSPrint: Parsed ZED data, has_gps_time=True
2026-08-20 22:37:59,282 - gpsd_manager - INFO - [Converter] GPSPrint: Returning parsed result
2026-08-20 22:38:00,040 - gpsd_manager - INFO - [Converter] GPSPrint: Parsed ZED data, has_gps_time=True
2026-08-20 22:38:00,040 - gpsd_manager - INFO - [Converter] GPSPrint: Returning parsed result
2026-08-20 22:38:01,165 - gpsd_manager - INFO - [Converter] GPSPrint: Parsed ZED data, has_gps_time=True
2026-08-20 22:38:01,165 - gpsd_manager - INFO - [Converter] GPSPrint: Returning parsed result
2026-08-20 22:38:02,312 - gpsd_manager - INFO - [Converter] GPSPrint: Parsed ZED data, has_gps_time=True
2026-08-20 22:38:02,312 - gpsd_manager - INFO - [Converter] GPSPrint: Returning parsed result
2026-08-20 22:38:03,368 - gpsd_manager - INFO - [Converter] GPSPrint: Parsed ZED data, has_gps_time=True
2026-08-20 22:38:03,368 - gpsd_manager - INFO - [Converter] GPSPrint: Returning parsed result
2026-08-20 22:38:04,523 - gpsd_manager - INFO - [Converter] GPSPrint: Parsed ZED data, has_gps_time=True
2026-08-20 22:38:04,523 - gpsd_manager - INFO - [Converter] GPSPrint: Returning parsed result
2026-08-20 22:38:05,577 - gpsd_manager - INFO - [Converter] GPSPrint: Parsed ZED data, has_gps_time=True
2026-08-20 22:38:05,577 - gpsd_manager - INFO - [Converter] GPSPrint: Returning parsed result
2026-08-20 22:38:06,733 - gpsd_manager - INFO - [Converter] GPSPrint: Parsed ZED data, has_gps_time=True
2026-08-20 22:38:06,733 - gpsd_manager - INFO - [Converter] GPSPrint: Returning parsed result
2026-08-20 22:38:07,784 - gpsd_manager - INFO - [Converter] GPSPrint: Parsed ZED data, has_gps_time=True
2026-08-20 22:38:07,784 - gpsd_manager - INFO - [Converter] GPSPrint: Returning parsed result
2026-08-20 22:38:08,909 - gpsd_manager - INFO - [Converter] GPSPrint: Parsed ZED data, has_gps_time=True
2026-08-20 22:38:08,910 - gpsd_manager - INFO - [Converter] GPSPrint: Returning parsed result
2026-08-20 22:38:09,935 - gpsd_manager - INFO - [Converter] GPSPrint: Parsed ZED data, has_gps_time=True
2026-08-20 22:38:09,935 - gpsd_manager - INFO - [Converter] GPSPrint: Returning parsed result
2026-08-20 22:38:10,958 - gpsd_manager - INFO - [Converter] GPSPrint: Parsed ZED data, has_gps_time=True
2026-08-20 22:38:10,958 - gpsd_manager - INFO - [Converter] GPSPrint: Returning parsed result
2026-08-20 22:38:12,081 - gpsd_manager - INFO - [Converter] GPSPrint: Parsed ZED data, has_gps_time=True
2026-08-20 22:38:12,081 - gpsd_manager - INFO - [Converter] GPSPrint: Returning parsed result
2026-08-20 22:38:13,334 - gpsd_manager - INFO - [Converter] GPSPrint: Parsed ZED data, has_gps_time=True
2026-08-20 22:38:13,334 - gpsd_manager - INFO - [Converter] GPSPrint: Returning parsed result
2026-08-20 22:38:14,387 - gpsd_manager - INFO - [Converter] GPSPrint: Parsed ZED data, has_gps_time=True
2026-08-20 22:38:14,388 - gpsd_manager - INFO - [Converter] GPSPrint: Returning parsed result
2026-08-20 22:38:15,441 - gpsd_manager - INFO - [Converter] GPSPrint: Parsed ZED data, has_gps_time=True
2026-08-20 22:38:15,442 - gpsd_manager - INFO - [Converter] GPSPrint: Returning parsed result
2026-08-20 22:38:16,062 - gpsd_manager - INFO - [Converter] GPSPrint: Parsed ZED data, has_gps_time=True
2026-08-20 22:38:16,062 - gpsd_manager - INFO - [Converter] GPSPrint: Returning parsed result
2026-08-20 22:38:17,117 - gpsd_manager - INFO - [Converter] GPSPrint: Parsed ZED data, has_gps_time=True
2026-08-20 22:38:17,117 - gpsd_manager - INFO - [Converter] GPSPrint: Returning parsed result
2026-08-20 22:38:18,245 - gpsd_manager - INFO - [Converter] GPSPrint: Parsed ZED data, has_gps_time=True
2026-08-20 22:38:18,245 - gpsd_manager - INFO - [Converter] GPSPrint: Returning parsed result
2026-08-20 22:38:19,200 - gpsd_manager - INFO - [Converter] GPSPrint: Parsed ZED data, has_gps_time=True
2026-08-20 22:38:19,200 - gpsd_manager - INFO - [Converter] GPSPrint: Returning parsed result
2026-08-20 22:38:20,222 - gpsd_manager - INFO - [Converter] GPSPrint: Parsed ZED data, has_gps_time=True
2026-08-20 22:38:20,222 - gpsd_manager - INFO - [Converter] GPSPrint: Returning parsed result
2026-08-20 22:38:21,279 - gpsd_manager - INFO - [Converter] GPSPrint: Parsed ZED data, has_gps_time=True
2026-08-20 22:38:21,279 - gpsd_manager - INFO - [Converter] GPSPrint: Returning parsed result
2026-08-20 22:38:23,226 - gpsd_manager - INFO - [Converter] GPSPrint: Parsed ZED data, has_gps_time=True
2026-08-20 22:38:23,226 - gpsd_manager - INFO - [Converter] GPSPrint: Returning parsed result
2026-08-20 22:38:24,082 - gpsd_manager - INFO - [Converter] GPSPrint: Parsed ZED data, has_gps_time=True
2026-08-20 22:38:24,082 - gpsd_manager - INFO - [Converter] GPSPrint: Returning parsed result
2026-08-20 22:38:25,236 - gpsd_manager - INFO - [Converter] GPSPrint: Parsed ZED data, has_gps_time=True
2026-08-20 22:38:25,237 - gpsd_manager - INFO - [Converter] GPSPrint: Returning parsed result
2026-08-20 22:38:25,961 - gpsd_manager - INFO - [Converter] GPSPrint: Parsed ZED data, has_gps_time=True
2026-08-20 22:38:25,961 - gpsd_manager - INFO - [Converter] GPSPrint: Returning parsed result
2026-08-20 22:38:27,178 - gpsd_manager - INFO - [Converter] GPSPrint: Parsed ZED data, has_gps_time=True
2026-08-20 22:38:27,179 - gpsd_manager - INFO - [Converter] GPSPrint: Returning parsed result
2026-08-20 22:38:28,330 - gpsd_manager - INFO - [Converter] GPSPrint: Parsed ZED data, has_gps_time=True
2026-08-20 22:38:28,331 - gpsd_manager - INFO - [Converter] GPSPrint: Returning parsed result
2026-08-20 22:38:29,389 - gpsd_manager - INFO - [Converter] GPSPrint: Parsed ZED data, has_gps_time=True
2026-08-20 22:38:29,390 - gpsd_manager - INFO - [Converter] GPSPrint: Returning parsed result
2026-08-20 22:38:30,444 - gpsd_manager - INFO - [Converter] GPSPrint: Parsed ZED data, has_gps_time=True
2026-08-20 22:38:30,444 - gpsd_manager - INFO - [Converter] GPSPrint: Returning parsed result
2026-08-20 22:38:31,193 - gpsd_manager - INFO - [Converter] GPSPrint: Parsed ZED data, has_gps_time=True
2026-08-20 22:38:31,193 - gpsd_manager - INFO - [Converter] GPSPrint: Returning parsed result
2026-08-20 22:38:32,246 - gpsd_manager - INFO - [Converter] GPSPrint: Parsed ZED data, has_gps_time=True
2026-08-20 22:38:32,247 - gpsd_manager - INFO - [Converter] GPSPrint: Returning parsed result
2026-08-20 22:38:33,273 - gpsd_manager - INFO - [Converter] GPSPrint: Parsed ZED data, has_gps_time=True
2026-08-20 22:38:33,273 - gpsd_manager - INFO - [Converter] GPSPrint: Returning parsed result
2026-08-20 22:38:34,233 - gpsd_manager - INFO - [Converter] GPSPrint: Parsed ZED data, has_gps_time=True
2026-08-20 22:38:34,233 - gpsd_manager - INFO - [Converter] GPSPrint: Returning parsed result
2026-08-20 22:38:35,081 - gpsd_manager - INFO - [Converter] GPSPrint: Parsed ZED data, has_gps_time=True
2026-08-20 22:38:35,081 - gpsd_manager - INFO - [Converter] GPSPrint: Returning parsed result
2026-08-20 22:38:36,332 - gpsd_manager - INFO - [Converter] GPSPrint: Parsed ZED data, has_gps_time=True
2026-08-20 22:38:36,332 - gpsd_manager - INFO - [Converter] GPSPrint: Returning parsed result
2026-08-20 22:38:37,393 - gpsd_manager - INFO - [Converter] GPSPrint: Parsed ZED data, has_gps_time=True
2026-08-20 22:38:37,394 - gpsd_manager - INFO - [Converter] GPSPrint: Returning parsed result
2026-08-20 22:38:38,447 - gpsd_manager - INFO - [Converter] GPSPrint: Parsed ZED data, has_gps_time=True
2026-08-20 22:38:38,447 - gpsd_manager - INFO - [Converter] GPSPrint: Returning parsed result
2026-08-20 22:38:39,303 - gpsd_manager - INFO - [Converter] GPSPrint: Parsed ZED data, has_gps_time=True
2026-08-20 22:38:39,303 - gpsd_manager - INFO - [Converter] GPSPrint: Returning parsed result
2026-08-20 22:38:40,250 - gpsd_manager - INFO - [Converter] GPSPrint: Parsed ZED data, has_gps_time=True
2026-08-20 22:38:40,250 - gpsd_manager - INFO - [Converter] GPSPrint: Returning parsed result
2026-08-20 22:38:41,404 - gpsd_manager - INFO - [Converter] GPSPrint: Parsed ZED data, has_gps_time=True
2026-08-20 22:38:41,404 - gpsd_manager - INFO - [Converter] GPSPrint: Returning parsed result
2026-08-20 22:38:42,231 - gpsd_manager - INFO - [Converter] GPSPrint: Parsed ZED data, has_gps_time=True
2026-08-20 22:38:42,232 - gpsd_manager - INFO - [Converter] GPSPrint: Returning parsed result
2026-08-20 22:38:43,089 - gpsd_manager - INFO - [Converter] GPSPrint: Parsed ZED data, has_gps_time=True
2026-08-20 22:38:43,089 - gpsd_manager - INFO - [Converter] GPSPrint: Returning parsed result
2026-08-20 22:38:44,244 - gpsd_manager - INFO - [Converter] GPSPrint: Parsed ZED data, has_gps_time=True
2026-08-20 22:38:44,244 - gpsd_manager - INFO - [Converter] GPSPrint: Returning parsed result
2026-08-20 22:38:45,194 - gpsd_manager - INFO - [Converter] GPSPrint: Parsed ZED data, has_gps_time=True
2026-08-20 22:38:45,194 - gpsd_manager - INFO - [Converter] GPSPrint: Returning parsed result
2026-08-20 22:38:46,217 - gpsd_manager - INFO - [Converter] GPSPrint: Parsed ZED data, has_gps_time=True
2026-08-20 22:38:46,218 - gpsd_manager - INFO - [Converter] GPSPrint: Returning parsed result
2026-08-20 22:38:47,172 - gpsd_manager - INFO - [Converter] GPSPrint: Parsed ZED data, has_gps_time=True
2026-08-20 22:38:47,172 - gpsd_manager - INFO - [Converter] GPSPrint: Returning parsed result
2026-08-20 22:38:48,195 - gpsd_manager - INFO - [Converter] GPSPrint: Parsed ZED data, has_gps_time=True
2026-08-20 22:38:48,195 - gpsd_manager - INFO - [Converter] GPSPrint: Returning parsed result
2026-08-20 22:38:49,246 - gpsd_manager - INFO - [Converter] GPSPrint: Parsed ZED data, has_gps_time=True
2026-08-20 22:38:49,246 - gpsd_manager - INFO - [Converter] GPSPrint: Returning parsed result
2026-08-20 22:38:50,177 - gpsd_manager - INFO - [Converter] GPSPrint: Parsed ZED data, has_gps_time=True
2026-08-20 22:38:50,177 - gpsd_manager - INFO - [Converter] GPSPrint: Returning parsed result
2026-08-20 22:38:51,230 - gpsd_manager - INFO - [Converter] GPSPrint: Parsed ZED data, has_gps_time=True
2026-08-20 22:38:51,230 - gpsd_manager - INFO - [Converter] GPSPrint: Returning parsed result
2026-08-20 22:38:52,251 - gpsd_manager - INFO - [Converter] GPSPrint: Parsed ZED data, has_gps_time=True
2026-08-20 22:38:52,251 - gpsd_manager - INFO - [Converter] GPSPrint: Returning parsed result
2026-08-20 22:38:53,304 - gpsd_manager - INFO - [Converter] GPSPrint: Parsed ZED data, has_gps_time=True
2026-08-20 22:38:53,304 - gpsd_manager - INFO - [Converter] GPSPrint: Returning parsed result
2026-08-20 22:38:54,166 - gpsd_manager - INFO - [Converter] GPSPrint: Parsed ZED data, has_gps_time=True
2026-08-20 22:38:54,166 - gpsd_manager - INFO - [Converter] GPSPrint: Returning parsed result
2026-08-20 22:38:54,991 - gpsd_manager - INFO - [Converter] GPSPrint: Parsed ZED data, has_gps_time=True
2026-08-20 22:38:54,992 - gpsd_manager - INFO - [Converter] GPSPrint: Returning parsed result
2026-08-20 22:38:56,114 - gpsd_manager - INFO - [Converter] GPSPrint: Parsed ZED data, has_gps_time=True
2026-08-20 22:38:56,114 - gpsd_manager - INFO - [Converter] GPSPrint: Returning parsed result
2026-08-20 22:38:57,266 - gpsd_manager - INFO - [Converter] GPSPrint: Parsed ZED data, has_gps_time=True
2026-08-20 22:38:57,266 - gpsd_manager - INFO - [Converter] GPSPrint: Returning parsed result
2026-08-20 22:38:59,208 - gpsd_manager - INFO - [Converter] GPSPrint: Parsed ZED data, has_gps_time=True
2026-08-20 22:38:59,209 - gpsd_manager - INFO - [Converter] GPSPrint: Returning parsed result
2026-08-20 22:39:00,063 - gpsd_manager - INFO - [Converter] GPSPrint: Parsed ZED data, has_gps_time=True
2026-08-20 22:39:00,063 - gpsd_manager - INFO - [Converter] GPSPrint: Returning parsed result
2026-08-20 22:39:01,188 - gpsd_manager - INFO - [Converter] GPSPrint: Parsed ZED data, has_gps_time=True
2026-08-20 22:39:01,188 - gpsd_manager - INFO - [Converter] GPSPrint: Returning parsed result
2026-08-20 22:39:02,242 - gpsd_manager - INFO - [Converter] GPSPrint: Parsed ZED data, has_gps_time=True
2026-08-20 22:39:02,242 - gpsd_manager - INFO - [Converter] GPSPrint: Returning parsed result
2026-08-20 22:39:04,190 - gpsd_manager - INFO - [Converter] GPSPrint: Parsed ZED data, has_gps_time=True
2026-08-20 22:39:04,190 - gpsd_manager - INFO - [Converter] GPSPrint: Returning parsed result
2026-08-20 22:39:05,048 - gpsd_manager - INFO - [Converter] GPSPrint: Parsed ZED data, has_gps_time=True
2026-08-20 22:39:05,048 - gpsd_manager - INFO - [Converter] GPSPrint: Returning parsed result
2026-08-20 22:39:06,075 - gpsd_manager - INFO - [Converter] GPSPrint: Parsed ZED data, has_gps_time=True
2026-08-20 22:39:06,075 - gpsd_manager - INFO - [Converter] GPSPrint: Returning parsed result
2026-08-20 22:39:07,325 - gpsd_manager - INFO - [Converter] GPSPrint: Parsed ZED data, has_gps_time=True
2026-08-20 22:39:07,326 - gpsd_manager - INFO - [Converter] GPSPrint: Returning parsed result
2026-08-20 22:39:08,483 - gpsd_manager - INFO - [Converter] GPSPrint: Parsed ZED data, has_gps_time=True
2026-08-20 22:39:08,483 - gpsd_manager - INFO - [Converter] GPSPrint: Returning parsed result
2026-08-20 22:39:09,436 - gpsd_manager - INFO - [Converter] GPSPrint: Parsed ZED data, has_gps_time=True
2026-08-20 22:39:09,436 - gpsd_manager - INFO - [Converter] GPSPrint: Returning parsed result
2026-08-20 22:39:10,285 - gpsd_manager - INFO - [Converter] GPSPrint: Parsed ZED data, has_gps_time=True
2026-08-20 22:39:10,285 - gpsd_manager - INFO - [Converter] GPSPrint: Returning parsed result
2026-08-20 22:39:11,242 - gpsd_manager - INFO - [Converter] GPSPrint: Parsed ZED data, has_gps_time=True
2026-08-20 22:39:11,242 - gpsd_manager - INFO - [Converter] GPSPrint: Returning parsed result
2026-08-20 22:39:12,495 - gpsd_manager - INFO - [Converter] GPSPrint: Parsed ZED data, has_gps_time=True
2026-08-20 22:39:12,495 - gpsd_manager - INFO - [Converter] GPSPrint: Returning parsed result
2026-08-20 22:39:13,448 - gpsd_manager - INFO - [Converter] GPSPrint: Parsed ZED data, has_gps_time=True
2026-08-20 22:39:13,448 - gpsd_manager - INFO - [Converter] GPSPrint: Returning parsed result
2026-08-20 22:39:14,175 - gpsd_manager - INFO - [Converter] GPSPrint: Parsed ZED data, has_gps_time=True
2026-08-20 22:39:14,176 - gpsd_manager - INFO - [Converter] GPSPrint: Returning parsed result
2026-08-20 22:39:15,125 - gpsd_manager - INFO - [Converter] GPSPrint: Parsed ZED data, has_gps_time=True
2026-08-20 22:39:15,126 - gpsd_manager - INFO - [Converter] GPSPrint: Returning parsed result
2026-08-20 22:39:16,155 - gpsd_manager - INFO - [Converter] GPSPrint: Parsed ZED data, has_gps_time=True
2026-08-20 22:39:16,156 - gpsd_manager - INFO - [Converter] GPSPrint: Returning parsed result
2026-08-20 22:39:17,202 - gpsd_manager - INFO - [Converter] GPSPrint: Parsed ZED data, has_gps_time=True
2026-08-20 22:39:17,202 - gpsd_manager - INFO - [Converter] GPSPrint: Returning parsed result
2026-08-20 22:39:19,157 - gpsd_manager - INFO - [Converter] GPSPrint: Parsed ZED data, has_gps_time=True
2026-08-20 22:39:19,157 - gpsd_manager - INFO - [Converter] GPSPrint: Returning parsed result
2026-08-20 22:39:20,206 - gpsd_manager - INFO - [Converter] GPSPrint: Parsed ZED data, has_gps_time=True
2026-08-20 22:39:20,206 - gpsd_manager - INFO - [Converter] GPSPrint: Returning parsed result
2026-08-20 22:39:21,227 - gpsd_manager - INFO - [Converter] GPSPrint: Parsed ZED data, has_gps_time=True
2026-08-20 22:39:21,227 - gpsd_manager - INFO - [Converter] GPSPrint: Returning parsed result
2026-08-20 22:39:22,290 - gpsd_manager - INFO - [Converter] GPSPrint: Parsed ZED data, has_gps_time=True
2026-08-20 22:39:22,290 - gpsd_manager - INFO - [Converter] GPSPrint: Returning parsed result
2026-08-20 22:39:23,304 - gpsd_manager - INFO - [Converter] GPSPrint: Parsed ZED data, has_gps_time=True
2026-08-20 22:39:23,304 - gpsd_manager - INFO - [Converter] GPSPrint: Returning parsed result
2026-08-20 22:39:24,265 - gpsd_manager - INFO - [Converter] GPSPrint: Parsed ZED data, has_gps_time=True
2026-08-20 22:39:24,265 - gpsd_manager - INFO - [Converter] GPSPrint: Returning parsed result
2026-08-20 22:39:25,288 - gpsd_manager - INFO - [Converter] GPSPrint: Parsed ZED data, has_gps_time=True
2026-08-20 22:39:25,288 - gpsd_manager - INFO - [Converter] GPSPrint: Returning parsed result
2026-08-20 22:39:26,340 - gpsd_manager - INFO - [Converter] GPSPrint: Parsed ZED data, has_gps_time=True
2026-08-20 22:39:26,340 - gpsd_manager - INFO - [Converter] GPSPrint: Returning parsed result
2026-08-20 22:39:27,390 - gpsd_manager - INFO - [Converter] GPSPrint: Parsed ZED data, has_gps_time=True
2026-08-20 22:39:27,390 - gpsd_manager - INFO - [Converter] GPSPrint: Returning parsed result
2026-08-20 22:39:28,449 - gpsd_manager - INFO - [Converter] GPSPrint: Parsed ZED data, has_gps_time=True
2026-08-20 22:39:28,449 - gpsd_manager - INFO - [Converter] GPSPrint: Returning parsed result
2026-08-20 22:39:29,305 - gpsd_manager - INFO - [Converter] GPSPrint: Parsed ZED data, has_gps_time=True
2026-08-20 22:39:29,306 - gpsd_manager - INFO - [Converter] GPSPrint: Returning parsed result
2026-08-20 22:39:30,261 - gpsd_manager - INFO - [Converter] GPSPrint: Parsed ZED data, has_gps_time=True
2026-08-20 22:39:30,262 - gpsd_manager - INFO - [Converter] GPSPrint: Returning parsed result
2026-08-20 22:39:31,512 - gpsd_manager - INFO - [Converter] GPSPrint: Parsed ZED data, has_gps_time=True
2026-08-20 22:39:31,513 - gpsd_manager - INFO - [Converter] GPSPrint: Returning parsed result
2026-08-20 22:39:32,338 - gpsd_manager - INFO - [Converter] GPSPrint: Parsed ZED data, has_gps_time=True
2026-08-20 22:39:32,338 - gpsd_manager - INFO - [Converter] GPSPrint: Returning parsed result
2026-08-20 22:39:33,089 - gpsd_manager - INFO - [Converter] GPSPrint: Parsed ZED data, has_gps_time=True
2026-08-20 22:39:33,089 - gpsd_manager - INFO - [Converter] GPSPrint: Returning parsed result
2026-08-20 22:39:34,047 - gpsd_manager - INFO - [Converter] GPSPrint: Parsed ZED data, has_gps_time=True
2026-08-20 22:39:34,047 - gpsd_manager - INFO - [Converter] GPSPrint: Returning parsed result
2026-08-20 22:39:35,267 - gpsd_manager - INFO - [Converter] GPSPrint: Parsed ZED data, has_gps_time=True
2026-08-20 22:39:35,268 - gpsd_manager - INFO - [Converter] GPSPrint: Returning parsed result
2026-08-20 22:39:36,220 - gpsd_manager - INFO - [Converter] GPSPrint: Parsed ZED data, has_gps_time=True
2026-08-20 22:39:36,220 - gpsd_manager - INFO - [Converter] GPSPrint: Returning parsed result
2026-08-20 22:39:37,479 - gpsd_manager - INFO - [Converter] GPSPrint: Parsed ZED data, has_gps_time=True
2026-08-20 22:39:37,479 - gpsd_manager - INFO - [Converter] GPSPrint: Returning parsed result
2026-08-20 22:39:38,299 - gpsd_manager - INFO - [Converter] GPSPrint: Parsed ZED data, has_gps_time=True
2026-08-20 22:39:38,299 - gpsd_manager - INFO - [Converter] GPSPrint: Returning parsed result
2026-08-20 22:39:39,057 - gpsd_manager - INFO - [Converter] GPSPrint: Parsed ZED data, has_gps_time=True
2026-08-20 22:39:39,057 - gpsd_manager - INFO - [Converter] GPSPrint: Returning parsed result
2026-08-20 22:39:40,011 - gpsd_manager - INFO - [Converter] GPSPrint: Parsed ZED data, has_gps_time=True
2026-08-20 22:39:40,011 - gpsd_manager - INFO - [Converter] GPSPrint: Returning parsed result
2026-08-20 22:39:41,231 - gpsd_manager - INFO - [Converter] GPSPrint: Parsed ZED data, has_gps_time=True
2026-08-20 22:39:41,232 - gpsd_manager - INFO - [Converter] GPSPrint: Returning parsed result
2026-08-20 22:39:42,188 - gpsd_manager - INFO - [Converter] GPSPrint: Parsed ZED data, has_gps_time=True
2026-08-20 22:39:42,188 - gpsd_manager - INFO - [Converter] GPSPrint: Returning parsed result
2026-08-20 22:39:43,440 - gpsd_manager - INFO - [Converter] GPSPrint: Parsed ZED data, has_gps_time=True
2026-08-20 22:39:43,440 - gpsd_manager - INFO - [Converter] GPSPrint: Returning parsed result
2026-08-20 22:39:44,396 - gpsd_manager - INFO - [Converter] GPSPrint: Parsed ZED data, has_gps_time=True
2026-08-20 22:39:44,396 - gpsd_manager - INFO - [Converter] GPSPrint: Returning parsed result
2026-08-20 22:39:45,250 - gpsd_manager - INFO - [Converter] GPSPrint: Parsed ZED data, has_gps_time=True
2026-08-20 22:39:45,250 - gpsd_manager - INFO - [Converter] GPSPrint: Returning parsed result
2026-08-20 22:39:46,304 - gpsd_manager - INFO - [Converter] GPSPrint: Parsed ZED data, has_gps_time=True
2026-08-20 22:39:46,304 - gpsd_manager - INFO - [Converter] GPSPrint: Returning parsed result
2026-08-20 22:39:47,458 - gpsd_manager - INFO - [Converter] GPSPrint: Parsed ZED data, has_gps_time=True
2026-08-20 22:39:47,458 - gpsd_manager - INFO - [Converter] GPSPrint: Returning parsed result
2026-08-20 22:39:48,406 - gpsd_manager - INFO - [Converter] GPSPrint: Parsed ZED data, has_gps_time=True
2026-08-20 22:39:48,406 - gpsd_manager - INFO - [Converter] GPSPrint: Returning parsed result
2026-08-20 22:39:49,261 - gpsd_manager - INFO - [Converter] GPSPrint: Parsed ZED data, has_gps_time=True
2026-08-20 22:39:49,261 - gpsd_manager - INFO - [Converter] GPSPrint: Returning parsed result
2026-08-20 22:39:50,221 - gpsd_manager - INFO - [Converter] GPSPrint: Parsed ZED data, has_gps_time=True
2026-08-20 22:39:50,222 - gpsd_manager - INFO - [Converter] GPSPrint: Returning parsed result
2026-08-20 22:39:51,468 - gpsd_manager - INFO - [Converter] GPSPrint: Parsed ZED data, has_gps_time=True
2026-08-20 22:39:51,468 - gpsd_manager - INFO - [Converter] GPSPrint: Returning parsed result
2026-08-20 22:39:52,427 - gpsd_manager - INFO - [Converter] GPSPrint: Parsed ZED data, has_gps_time=True
2026-08-20 22:39:52,427 - gpsd_manager - INFO - [Converter] GPSPrint: Returning parsed result
2026-08-20 22:39:53,274 - gpsd_manager - INFO - [Converter] GPSPrint: Parsed ZED data, has_gps_time=True
2026-08-20 22:39:53,275 - gpsd_manager - INFO - [Converter] GPSPrint: Returning parsed result
2026-08-20 22:39:54,229 - gpsd_manager - INFO - [Converter] GPSPrint: Parsed ZED data, has_gps_time=True
2026-08-20 22:39:54,229 - gpsd_manager - INFO - [Converter] GPSPrint: Returning parsed result
2026-08-20 22:39:55,481 - gpsd_manager - INFO - [Converter] GPSPrint: Parsed ZED data, has_gps_time=True
2026-08-20 22:39:55,482 - gpsd_manager - INFO - [Converter] GPSPrint: Returning parsed result
2026-08-20 22:39:57,033 - gpsd_manager - INFO - [Converter] GPSPrint: Parsed ZED data, has_gps_time=True
2026-08-20 22:39:57,034 - gpsd_manager - INFO - [Converter] GPSPrint: Returning parsed result
2026-08-20 22:39:57,862 - gpsd_manager - INFO - [Converter] GPSPrint: Parsed ZED data, has_gps_time=True
2026-08-20 22:39:57,862 - gpsd_manager - INFO - [Converter] GPSPrint: Returning parsed result
2026-08-20 22:39:59,081 - gpsd_manager - INFO - [Converter] GPSPrint: Parsed ZED data, has_gps_time=True
2026-08-20 22:39:59,081 - gpsd_manager - INFO - [Converter] GPSPrint: Returning parsed result
2026-08-20 22:40:00,237 - gpsd_manager - INFO - [Converter] GPSPrint: Parsed ZED data, has_gps_time=True
2026-08-20 22:40:00,237 - gpsd_manager - INFO - [Converter] GPSPrint: Returning parsed result
2026-08-20 22:40:01,484 - gpsd_manager - INFO - [Converter] GPSPrint: Parsed ZED data, has_gps_time=True
2026-08-20 22:40:01,484 - gpsd_manager - INFO - [Converter] GPSPrint: Returning parsed result
2026-08-20 22:40:02,444 - gpsd_manager - INFO - [Converter] GPSPrint: Parsed ZED data, has_gps_time=True
2026-08-20 22:40:02,445 - gpsd_manager - INFO - [Converter] GPSPrint: Returning parsed result
2026-08-20 22:40:03,301 - gpsd_manager - INFO - [Converter] GPSPrint: Parsed ZED data, has_gps_time=True
2026-08-20 22:40:03,301 - gpsd_manager - INFO - [Converter] GPSPrint: Returning parsed result
2026-08-20 22:40:04,250 - gpsd_manager - INFO - [Converter] GPSPrint: Parsed ZED data, has_gps_time=True
2026-08-20 22:40:04,250 - gpsd_manager - INFO - [Converter] GPSPrint: Returning parsed result
2026-08-20 22:40:05,410 - gpsd_manager - INFO - [Converter] GPSPrint: Parsed ZED data, has_gps_time=True
2026-08-20 22:40:05,410 - gpsd_manager - INFO - [Converter] GPSPrint: Returning parsed result
2026-08-20 22:40:06,454 - gpsd_manager - INFO - [Converter] GPSPrint: Parsed ZED data, has_gps_time=True
2026-08-20 22:40:06,454 - gpsd_manager - INFO - [Converter] GPSPrint: Returning parsed result
2026-08-20 22:40:07,214 - gpsd_manager - INFO - [Converter] GPSPrint: Parsed ZED data, has_gps_time=True
2026-08-20 22:40:07,214 - gpsd_manager - INFO - [Converter] GPSPrint: Returning parsed result
2026-08-20 22:40:08,271 - gpsd_manager - INFO - [Converter] GPSPrint: Parsed ZED data, has_gps_time=True
2026-08-20 22:40:08,272 - gpsd_manager - INFO - [Converter] GPSPrint: Returning parsed result
2026-08-20 22:40:09,419 - gpsd_manager - INFO - [Converter] GPSPrint: Parsed ZED data, has_gps_time=True
2026-08-20 22:40:09,419 - gpsd_manager - INFO - [Converter] GPSPrint: Returning parsed result
2026-08-20 22:40:10,469 - gpsd_manager - INFO - [Converter] GPSPrint: Parsed ZED data, has_gps_time=True
2026-08-20 22:40:10,469 - gpsd_manager - INFO - [Converter] GPSPrint: Returning parsed result
2026-08-20 22:40:11,224 - gpsd_manager - INFO - [Converter] GPSPrint: Parsed ZED data, has_gps_time=True
2026-08-20 22:40:11,225 - gpsd_manager - INFO - [Converter] GPSPrint: Returning parsed result
2026-08-20 22:40:12,282 - gpsd_manager - INFO - [Converter] GPSPrint: Parsed ZED data, has_gps_time=True
2026-08-20 22:40:12,282 - gpsd_manager - INFO - [Converter] GPSPrint: Returning parsed result
2026-08-20 22:40:13,430 - gpsd_manager - INFO - [Converter] GPSPrint: Parsed ZED data, has_gps_time=True
2026-08-20 22:40:13,430 - gpsd_manager - INFO - [Converter] GPSPrint: Returning parsed result
2026-08-20 22:40:14,390 - gpsd_manager - INFO - [Converter] GPSPrint: Parsed ZED data, has_gps_time=True
2026-08-20 22:40:14,390 - gpsd_manager - INFO - [Converter] GPSPrint: Returning parsed result
2026-08-20 22:40:15,247 - gpsd_manager - INFO - [Converter] GPSPrint: Parsed ZED data, has_gps_time=True
2026-08-20 22:40:15,247 - gpsd_manager - INFO - [Converter] GPSPrint: Returning parsed result
2026-08-20 22:40:16,294 - gpsd_manager - INFO - [Converter] GPSPrint: Parsed ZED data, has_gps_time=True
2026-08-20 22:40:16,294 - gpsd_manager - INFO - [Converter] GPSPrint: Returning parsed result
2026-08-20 22:40:18,013 - gpsd_manager - INFO - [Converter] GPSPrint: Parsed ZED data, has_gps_time=True
2026-08-20 22:40:18,014 - gpsd_manager - INFO - [Converter] GPSPrint: Returning parsed result
2026-08-20 22:40:18,873 - gpsd_manager - INFO - [Converter] GPSPrint: Parsed ZED data, has_gps_time=True
2026-08-20 22:40:18,873 - gpsd_manager - INFO - [Converter] GPSPrint: Returning parsed result
2026-08-20 22:40:20,122 - gpsd_manager - INFO - [Converter] GPSPrint: Parsed ZED data, has_gps_time=True
2026-08-20 22:40:20,122 - gpsd_manager - INFO - [Converter] GPSPrint: Returning parsed result
2026-08-20 22:40:21,074 - gpsd_manager - INFO - [Converter] GPSPrint: Parsed ZED data, has_gps_time=True
2026-08-20 22:40:21,075 - gpsd_manager - INFO - [Converter] GPSPrint: Returning parsed result
2026-08-20 22:40:22,304 - gpsd_manager - INFO - [Converter] GPSPrint: Parsed ZED data, has_gps_time=True
2026-08-20 22:40:22,304 - gpsd_manager - INFO - [Converter] GPSPrint: Returning parsed result
2026-08-20 22:40:23,255 - gpsd_manager - INFO - [Converter] GPSPrint: Parsed ZED data, has_gps_time=True
2026-08-20 22:40:23,255 - gpsd_manager - INFO - [Converter] GPSPrint: Returning parsed result
2026-08-20 22:40:24,412 - gpsd_manager - INFO - [Converter] GPSPrint: Parsed ZED data, has_gps_time=True
2026-08-20 22:40:24,412 - gpsd_manager - INFO - [Converter] GPSPrint: Returning parsed result
2026-08-20 22:40:25,129 - gpsd_manager - INFO - [Converter] GPSPrint: Parsed ZED data, has_gps_time=True
2026-08-20 22:40:25,130 - gpsd_manager - INFO - [Converter] GPSPrint: Returning parsed result
2026-08-20 22:40:26,059 - gpsd_manager - INFO - [Converter] GPSPrint: Parsed ZED data, has_gps_time=True
2026-08-20 22:40:26,060 - gpsd_manager - INFO - [Converter] GPSPrint: Returning parsed result
2026-08-20 22:40:27,084 - gpsd_manager - INFO - [Converter] GPSPrint: Parsed ZED data, has_gps_time=True
2026-08-20 22:40:27,084 - gpsd_manager - INFO - [Converter] GPSPrint: Returning parsed result
2026-08-20 22:40:28,107 - gpsd_manager - INFO - [Converter] GPSPrint: Parsed ZED data, has_gps_time=True
2026-08-20 22:40:28,107 - gpsd_manager - INFO - [Converter] GPSPrint: Returning parsed result
2026-08-20 22:40:29,259 - gpsd_manager - INFO - [Converter] GPSPrint: Parsed ZED data, has_gps_time=True
2026-08-20 22:40:29,259 - gpsd_manager - INFO - [Converter] GPSPrint: Returning parsed result
2026-08-20 22:40:30,416 - gpsd_manager - INFO - [Converter] GPSPrint: Parsed ZED data, has_gps_time=True
2026-08-20 22:40:30,416 - gpsd_manager - INFO - [Converter] GPSPrint: Returning parsed result
2026-08-20 22:40:31,467 - gpsd_manager - INFO - [Converter] GPSPrint: Parsed ZED data, has_gps_time=True
2026-08-20 22:40:31,467 - gpsd_manager - INFO - [Converter] GPSPrint: Returning parsed result
2026-08-20 22:40:32,089 - gpsd_manager - INFO - [Converter] GPSPrint: Parsed ZED data, has_gps_time=True
2026-08-20 22:40:32,089 - gpsd_manager - INFO - [Converter] GPSPrint: Returning parsed result
2026-08-20 22:40:33,148 - gpsd_manager - INFO - [Converter] GPSPrint: Parsed ZED data, has_gps_time=True
2026-08-20 22:40:33,148 - gpsd_manager - INFO - [Converter] GPSPrint: Returning parsed result
2026-08-20 22:40:34,269 - gpsd_manager - INFO - [Converter] GPSPrint: Parsed ZED data, has_gps_time=True
2026-08-20 22:40:34,269 - gpsd_manager - INFO - [Converter] GPSPrint: Returning parsed result
2026-08-20 22:40:35,221 - gpsd_manager - INFO - [Converter] GPSPrint: Parsed ZED data, has_gps_time=True
2026-08-20 22:40:35,221 - gpsd_manager - INFO - [Converter] GPSPrint: Returning parsed result
2026-08-20 22:40:36,243 - gpsd_manager - INFO - [Converter] GPSPrint: Parsed ZED data, has_gps_time=True
2026-08-20 22:40:36,243 - gpsd_manager - INFO - [Converter] GPSPrint: Returning parsed result
2026-08-20 22:40:37,297 - gpsd_manager - INFO - [Converter] GPSPrint: Parsed ZED data, has_gps_time=True
2026-08-20 22:40:37,297 - gpsd_manager - INFO - [Converter] GPSPrint: Returning parsed result
2026-08-20 22:40:38,250 - gpsd_manager - INFO - [Converter] GPSPrint: Parsed ZED data, has_gps_time=True
2026-08-20 22:40:38,250 - gpsd_manager - INFO - [Converter] GPSPrint: Returning parsed result
2026-08-20 22:40:39,280 - gpsd_manager - INFO - [Converter] GPSPrint: Parsed ZED data, has_gps_time=True
2026-08-20 22:40:39,280 - gpsd_manager - INFO - [Converter] GPSPrint: Returning parsed result
2026-08-20 22:40:40,230 - gpsd_manager - INFO - [Converter] GPSPrint: Parsed ZED data, has_gps_time=True
2026-08-20 22:40:40,231 - gpsd_manager - INFO - [Converter] GPSPrint: Returning parsed result
2026-08-20 22:40:41,250 - gpsd_manager - INFO - [Converter] GPSPrint: Parsed ZED data, has_gps_time=True
2026-08-20 22:40:41,250 - gpsd_manager - INFO - [Converter] GPSPrint: Returning parsed result
2026-08-20 22:40:42,209 - gpsd_manager - INFO - [Converter] GPSPrint: Parsed ZED data, has_gps_time=True
2026-08-20 22:40:42,209 - gpsd_manager - INFO - [Converter] GPSPrint: Returning parsed result
2026-08-20 22:40:43,229 - gpsd_manager - INFO - [Converter] GPSPrint: Parsed ZED data, has_gps_time=True
2026-08-20 22:40:43,229 - gpsd_manager - INFO - [Converter] GPSPrint: Returning parsed result
2026-08-20 22:40:44,290 - gpsd_manager - INFO - [Converter] GPSPrint: Parsed ZED data, has_gps_time=True
2026-08-20 22:40:44,290 - gpsd_manager - INFO - [Converter] GPSPrint: Returning parsed result
2026-08-20 22:40:45,145 - gpsd_manager - INFO - [Converter] GPSPrint: Parsed ZED data, has_gps_time=True
2026-08-20 22:40:45,145 - gpsd_manager - INFO - [Converter] GPSPrint: Returning parsed result
2026-08-20 22:40:46,092 - gpsd_manager - INFO - [Converter] GPSPrint: Parsed ZED data, has_gps_time=True
2026-08-20 22:40:46,092 - gpsd_manager - INFO - [Converter] GPSPrint: Returning parsed result
2026-08-20 22:40:47,221 - gpsd_manager - INFO - [Converter] GPSPrint: Parsed ZED data, has_gps_time=True
2026-08-20 22:40:47,221 - gpsd_manager - INFO - [Converter] GPSPrint: Returning parsed result
2026-08-20 22:40:48,272 - gpsd_manager - INFO - [Converter] GPSPrint: Parsed ZED data, has_gps_time=True
2026-08-20 22:40:48,272 - gpsd_manager - INFO - [Converter] GPSPrint: Returning parsed result
2026-08-20 22:40:49,423 - gpsd_manager - INFO - [Converter] GPSPrint: Parsed ZED data, has_gps_time=True
2026-08-20 22:40:49,423 - gpsd_manager - INFO - [Converter] GPSPrint: Returning parsed result
2026-08-20 22:40:50,476 - gpsd_manager - INFO - [Converter] GPSPrint: Parsed ZED data, has_gps_time=True
2026-08-20 22:40:50,476 - gpsd_manager - INFO - [Converter] GPSPrint: Returning parsed result
2026-08-20 22:40:51,332 - gpsd_manager - INFO - [Converter] GPSPrint: Parsed ZED data, has_gps_time=True
2026-08-20 22:40:51,332 - gpsd_manager - INFO - [Converter] GPSPrint: Returning parsed result
2026-08-20 22:40:52,290 - gpsd_manager - INFO - [Converter] GPSPrint: Parsed ZED data, has_gps_time=True
2026-08-20 22:40:52,290 - gpsd_manager - INFO - [Converter] GPSPrint: Returning parsed result
2026-08-20 22:40:53,440 - gpsd_manager - INFO - [Converter] GPSPrint: Parsed ZED data, has_gps_time=True
2026-08-20 22:40:53,440 - gpsd_manager - INFO - [Converter] GPSPrint: Returning parsed result
2026-08-20 22:40:54,495 - gpsd_manager - INFO - [Converter] GPSPrint: Parsed ZED data, has_gps_time=True
2026-08-20 22:40:54,495 - gpsd_manager - INFO - [Converter] GPSPrint: Returning parsed result
2026-08-20 22:40:55,252 - gpsd_manager - INFO - [Converter] GPSPrint: Parsed ZED data, has_gps_time=True
2026-08-20 22:40:55,252 - gpsd_manager - INFO - [Converter] GPSPrint: Returning parsed result
2026-08-20 22:40:56,302 - gpsd_manager - INFO - [Converter] GPSPrint: Parsed ZED data, has_gps_time=True
2026-08-20 22:40:56,302 - gpsd_manager - INFO - [Converter] GPSPrint: Returning parsed result
2026-08-20 22:40:57,460 - gpsd_manager - INFO - [Converter] GPSPrint: Parsed ZED data, has_gps_time=True
2026-08-20 22:40:57,460 - gpsd_manager - INFO - [Converter] GPSPrint: Returning parsed result
2026-08-20 22:40:58,410 - gpsd_manager - INFO - [Converter] GPSPrint: Parsed ZED data, has_gps_time=True
2026-08-20 22:40:58,410 - gpsd_manager - INFO - [Converter] GPSPrint: Returning parsed result
2026-08-20 22:40:59,269 - gpsd_manager - INFO - [Converter] GPSPrint: Parsed ZED data, has_gps_time=True
2026-08-20 22:40:59,269 - gpsd_manager - INFO - [Converter] GPSPrint: Returning parsed result
2026-08-20 22:41:00,221 - gpsd_manager - INFO - [Converter] GPSPrint: Parsed ZED data, has_gps_time=True
2026-08-20 22:41:00,221 - gpsd_manager - INFO - [Converter] GPSPrint: Returning parsed result
2026-08-20 22:41:03,255 - gpsd_manager - INFO - [Converter] GPSPrint: Parsed ZED data, has_gps_time=True
2026-08-20 22:41:03,256 - gpsd_manager - INFO - [Converter] GPSPrint: Returning parsed result
2026-08-20 22:41:04,512 - gpsd_manager - INFO - [Converter] GPSPrint: Parsed ZED data, has_gps_time=True
2026-08-20 22:41:04,512 - gpsd_manager - INFO - [Converter] GPSPrint: Returning parsed result
2026-08-20 22:41:05,661 - gpsd_manager - INFO - [Converter] GPSPrint: Parsed ZED data, has_gps_time=True
2026-08-20 22:41:05,661 - gpsd_manager - INFO - [Converter] GPSPrint: Returning parsed result
2026-08-20 22:42:07,106 - gpsd_manager - INFO - Starting converter: C:\Users\me\AppData\Local\Programs\Python\Python312\python.exe c:\Users\me\app-gpsd_manager\mcode_converter.py --port COM9 --baudrate 9600 --mode tcp --parser gps_print
2026-08-20 22:42:07,118 - gpsd_manager - INFO - Converter process started with PID 47548
2026-08-20 22:42:08,620 - gpsd_manager - INFO - Converter running on port 2948 for gps_print format
2026-08-20 22:42:08,620 - gpsd_manager - INFO - [Converter] Sent disable command: mcode atak disable
2026-08-20 22:42:08,620 - gpsd_manager - INFO - [Converter] Sent enable command: gps print enable
2026-08-20 22:42:08,620 - gpsd_manager - INFO - [Converter] TCP server listening on port 2948
2026-08-20 22:42:08,620 - gpsd_manager - INFO - [Converter] MCODE converter: reading from COM9, streaming NMEA via TCP port 2948
2026-08-20 22:42:08,622 - gpsd_manager - INFO - [Converter] GPSPrint: Parsed ZED data, has_gps_time=False
2026-08-20 22:42:08,622 - gpsd_manager - INFO - [Converter] GPSPrint: Parsed ZED data, has_gps_time=True
2026-08-20 22:42:08,622 - gpsd_manager - INFO - [Converter] GPSPrint: Returning parsed result
2026-08-20 22:42:09,278 - gpsd_manager - INFO - [Converter] GPSPrint: Parsed ZED data, has_gps_time=True
2026-08-20 22:42:09,278 - gpsd_manager - INFO - [Converter] GPSPrint: Returning parsed result
2026-08-20 22:42:10,338 - gpsd_manager - INFO - [Converter] GPSPrint: Parsed ZED data, has_gps_time=True
2026-08-20 22:42:10,338 - gpsd_manager - INFO - [Converter] GPSPrint: Returning parsed result
2026-08-20 22:42:11,185 - gpsd_manager - INFO - [Converter] GPSPrint: Parsed ZED data, has_gps_time=True
2026-08-20 22:42:11,185 - gpsd_manager - INFO - [Converter] GPSPrint: Returning parsed result
2026-08-20 22:42:12,215 - gpsd_manager - INFO - [Converter] GPSPrint: Parsed ZED data, has_gps_time=True
2026-08-20 22:42:12,215 - gpsd_manager - INFO - [Converter] GPSPrint: Returning parsed result
2026-08-20 22:42:13,271 - gpsd_manager - INFO - [Converter] GPSPrint: Parsed ZED data, has_gps_time=True
2026-08-20 22:42:13,271 - gpsd_manager - INFO - [Converter] GPSPrint: Returning parsed result
2026-08-20 22:42:14,188 - gpsd_manager - INFO - [Converter] GPSPrint: Parsed ZED data, has_gps_time=True
2026-08-20 22:42:14,188 - gpsd_manager - INFO - [Converter] GPSPrint: Returning parsed result
2026-08-20 22:42:15,240 - gpsd_manager - INFO - [Converter] GPSPrint: Parsed ZED data, has_gps_time=True
2026-08-20 22:42:15,240 - gpsd_manager - INFO - [Converter] GPSPrint: Returning parsed result
2026-08-20 22:42:16,396 - gpsd_manager - INFO - [Converter] GPSPrint: Parsed ZED data, has_gps_time=True
2026-08-20 22:42:16,396 - gpsd_manager - INFO - [Converter] GPSPrint: Returning parsed result
2026-08-20 22:42:24,020 - gpsd_manager - INFO - Starting converter: C:\Users\me\AppData\Local\Programs\Python\Python312\python.exe c:\Users\me\app-gpsd_manager\mcode_converter.py --port COM9 --baudrate 9600 --mode tcp --parser mcode
2026-08-20 22:42:24,031 - gpsd_manager - INFO - Converter process started with PID 52332
2026-08-20 22:42:25,533 - gpsd_manager - INFO - Converter running on port 2948 for mcode format
2026-08-20 22:42:25,533 - gpsd_manager - INFO - [Converter] Sent disable command: gps print disable
2026-08-20 22:42:25,534 - gpsd_manager - INFO - [Converter] Sent enable command: mcode atak enable
2026-08-20 22:42:25,534 - gpsd_manager - INFO - [Converter] TCP server listening on port 2948
2026-08-20 22:42:25,534 - gpsd_manager - INFO - [Converter] MCODE converter: reading from COM9, streaming NMEA via TCP port 2948
2026-08-20 22:42:41,306 - gpsd_manager - INFO - Starting converter: C:\Users\me\AppData\Local\Programs\Python\Python312\python.exe c:\Users\me\app-gpsd_manager\mcode_converter.py --port COM9 --baudrate 9600 --mode tcp --parser gps_print
2026-08-20 22:42:41,312 - gpsd_manager - INFO - Converter process started with PID 60124
2026-08-20 22:42:42,813 - gpsd_manager - INFO - Converter running on port 2948 for gps_print format
2026-08-20 22:42:42,813 - gpsd_manager - INFO - [Converter] Sent disable command: mcode atak disable
2026-08-20 22:42:42,813 - gpsd_manager - INFO - [Converter] Sent enable command: gps print enable
2026-08-20 22:42:42,813 - gpsd_manager - INFO - [Converter] TCP server listening on port 2948
2026-08-20 22:42:42,813 - gpsd_manager - INFO - [Converter] MCODE converter: reading from COM9, streaming NMEA via TCP port 2948
2026-08-20 22:42:42,813 - gpsd_manager - INFO - [Converter] GPSPrint: Parsed ZED data, has_gps_time=True
2026-08-20 22:42:42,815 - gpsd_manager - INFO - [Converter] GPSPrint: Returning parsed result
2026-08-20 22:42:43,463 - gpsd_manager - INFO - [Converter] GPSPrint: Parsed ZED data, has_gps_time=True
2026-08-20 22:42:43,463 - gpsd_manager - INFO - [Converter] GPSPrint: Returning parsed result
2026-08-20 22:42:46,309 - gpsd_manager - INFO - [Converter] GPSPrint: Parsed ZED data, has_gps_time=True
2026-08-20 22:42:46,309 - gpsd_manager - INFO - [Converter] GPSPrint: Returning parsed result
2026-08-20 22:42:47,554 - gpsd_manager - INFO - [Converter] GPSPrint: Parsed ZED data, has_gps_time=True
2026-08-20 22:42:47,555 - gpsd_manager - INFO - [Converter] GPSPrint: Returning parsed result
2026-08-20 22:42:48,705 - gpsd_manager - INFO - [Converter] GPSPrint: Parsed ZED data, has_gps_time=True
2026-08-20 22:42:48,705 - gpsd_manager - INFO - [Converter] GPSPrint: Returning parsed result
2026-08-20 22:42:49,928 - gpsd_manager - INFO - [Converter] GPSPrint: Parsed ZED data, has_gps_time=True
2026-08-20 22:42:49,929 - gpsd_manager - INFO - [Converter] GPSPrint: Returning parsed result
2026-08-20 22:42:51,058 - gpsd_manager - INFO - [Converter] GPSPrint: Parsed ZED data, has_gps_time=True
2026-08-20 22:42:51,058 - gpsd_manager - INFO - [Converter] GPSPrint: Returning parsed result
2026-08-20 22:42:52,211 - gpsd_manager - INFO - [Converter] GPSPrint: Parsed ZED data, has_gps_time=True
2026-08-20 22:42:52,211 - gpsd_manager - INFO - [Converter] GPSPrint: Returning parsed result
2026-08-20 22:42:53,460 - gpsd_manager - INFO - [Converter] GPSPrint: Parsed ZED data, has_gps_time=True
2026-08-20 22:42:53,461 - gpsd_manager - INFO - [Converter] GPSPrint: Returning parsed result
2026-08-20 22:42:54,417 - gpsd_manager - INFO - [Converter] GPSPrint: Parsed ZED data, has_gps_time=True
2026-08-20 22:42:54,417 - gpsd_manager - INFO - [Converter] GPSPrint: Returning parsed result
2026-08-20 22:42:55,271 - gpsd_manager - INFO - [Converter] GPSPrint: Parsed ZED data, has_gps_time=True
2026-08-20 22:42:55,272 - gpsd_manager - INFO - [Converter] GPSPrint: Returning parsed result
2026-08-20 22:42:56,221 - gpsd_manager - INFO - [Converter] GPSPrint: Parsed ZED data, has_gps_time=True
2026-08-20 22:42:56,222 - gpsd_manager - INFO - [Converter] GPSPrint: Returning parsed result
2026-08-20 22:42:57,471 - gpsd_manager - INFO - [Converter] GPSPrint: Parsed ZED data, has_gps_time=True
2026-08-20 22:42:57,471 - gpsd_manager - INFO - [Converter] GPSPrint: Returning parsed result
2026-08-20 22:42:58,427 - gpsd_manager - INFO - [Converter] GPSPrint: Parsed ZED data, has_gps_time=True
2026-08-20 22:42:58,427 - gpsd_manager - INFO - [Converter] GPSPrint: Returning parsed result
2026-08-20 22:42:59,288 - gpsd_manager - INFO - [Converter] GPSPrint: Parsed ZED data, has_gps_time=True
2026-08-20 22:42:59,288 - gpsd_manager - INFO - [Converter] GPSPrint: Returning parsed result
2026-08-20 22:43:00,235 - gpsd_manager - INFO - [Converter] GPSPrint: Parsed ZED data, has_gps_time=True
2026-08-20 22:43:00,235 - gpsd_manager - INFO - [Converter] GPSPrint: Returning parsed result
2026-08-20 22:43:01,490 - gpsd_manager - INFO - [Converter] GPSPrint: Parsed ZED data, has_gps_time=True
2026-08-20 22:43:01,490 - gpsd_manager - INFO - [Converter] GPSPrint: Returning parsed result
2026-08-20 22:43:02,442 - gpsd_manager - INFO - [Converter] GPSPrint: Parsed ZED data, has_gps_time=True
2026-08-20 22:43:02,443 - gpsd_manager - INFO - [Converter] GPSPrint: Returning parsed result
2026-08-20 22:43:03,298 - gpsd_manager - INFO - [Converter] GPSPrint: Parsed ZED data, has_gps_time=True
2026-08-20 22:43:03,298 - gpsd_manager - INFO - [Converter] GPSPrint: Returning parsed result
2026-08-20 22:43:04,258 - gpsd_manager - INFO - [Converter] GPSPrint: Parsed ZED data, has_gps_time=True
2026-08-20 22:43:04,258 - gpsd_manager - INFO - [Converter] GPSPrint: Returning parsed result
2026-08-20 22:43:05,503 - gpsd_manager - INFO - [Converter] GPSPrint: Parsed ZED data, has_gps_time=True
2026-08-20 22:43:05,503 - gpsd_manager - INFO - [Converter] GPSPrint: Returning parsed result
2026-08-20 22:43:07,052 - gpsd_manager - INFO - [Converter] GPSPrint: Parsed ZED data, has_gps_time=True
2026-08-20 22:43:07,052 - gpsd_manager - INFO - [Converter] GPSPrint: Returning parsed result
2026-08-20 22:43:08,109 - gpsd_manager - INFO - [Converter] GPSPrint: Parsed ZED data, has_gps_time=True
2026-08-20 22:43:08,109 - gpsd_manager - INFO - [Converter] GPSPrint: Returning parsed result
2026-08-20 22:43:09,229 - gpsd_manager - INFO - [Converter] GPSPrint: Parsed ZED data, has_gps_time=True
2026-08-20 22:43:09,229 - gpsd_manager - INFO - [Converter] GPSPrint: Returning parsed result
2026-08-20 22:43:10,282 - gpsd_manager - INFO - [Converter] GPSPrint: Parsed ZED data, has_gps_time=True
2026-08-20 22:43:10,282 - gpsd_manager - INFO - [Converter] GPSPrint: Returning parsed result
2026-08-20 22:43:11,436 - gpsd_manager - INFO - [Converter] GPSPrint: Parsed ZED data, has_gps_time=True
2026-08-20 22:43:11,436 - gpsd_manager - INFO - [Converter] GPSPrint: Returning parsed result
2026-08-20 22:43:12,489 - gpsd_manager - INFO - [Converter] GPSPrint: Parsed ZED data, has_gps_time=True
2026-08-20 22:43:12,489 - gpsd_manager - INFO - [Converter] GPSPrint: Returning parsed result
2026-08-20 22:43:13,247 - gpsd_manager - INFO - [Converter] GPSPrint: Parsed ZED data, has_gps_time=True
2026-08-20 22:43:13,247 - gpsd_manager - INFO - [Converter] GPSPrint: Returning parsed result
2026-08-20 22:43:14,306 - gpsd_manager - INFO - [Converter] GPSPrint: Parsed ZED data, has_gps_time=True
2026-08-20 22:43:14,306 - gpsd_manager - INFO - [Converter] GPSPrint: Returning parsed result
2026-08-20 22:43:16,253 - gpsd_manager - INFO - [Converter] GPSPrint: Parsed ZED data, has_gps_time=True
2026-08-20 22:43:16,253 - gpsd_manager - INFO - [Converter] GPSPrint: Returning parsed result
2026-08-20 22:43:17,497 - gpsd_manager - INFO - [Converter] GPSPrint: Parsed ZED data, has_gps_time=True
2026-08-20 22:43:17,497 - gpsd_manager - INFO - [Converter] GPSPrint: Returning parsed result
2026-08-20 22:44:33,792 - gpsd_manager - INFO - start() called: process=False, parser_type=gps_print
2026-08-20 22:44:33,794 - gpsd_manager - INFO - Starting new converter with parser_type=gps_print
2026-08-20 22:44:33,804 - gpsd_manager - INFO - Converter process started with PID 27572
2026-08-20 22:44:35,305 - gpsd_manager - INFO - Converter running on port 2948 for gps_print format
2026-08-20 22:44:35,306 - gpsd_manager - INFO - [Converter] Sent disable command: mcode atak disable
2026-08-20 22:44:35,306 - gpsd_manager - INFO - [Converter] Sent enable command: gps print enable
2026-08-20 22:44:35,306 - gpsd_manager - INFO - [Converter] TCP server listening on port 2948
2026-08-20 22:44:35,306 - gpsd_manager - INFO - [Converter] MCODE converter: reading from COM9, streaming NMEA via TCP port 2948
2026-08-20 22:44:35,307 - gpsd_manager - INFO - [Converter] GPSPrint: Parsed ZED data, has_gps_time=True
2026-08-20 22:44:35,308 - gpsd_manager - INFO - [Converter] GPSPrint: Returning parsed result
2026-08-20 22:44:35,457 - gpsd_manager - INFO - [Converter] GPSPrint: Parsed ZED data, has_gps_time=True
2026-08-20 22:44:35,458 - gpsd_manager - INFO - [Converter] GPSPrint: Returning parsed result
2026-08-20 22:44:36,419 - gpsd_manager - INFO - [Converter] GPSPrint: Parsed ZED data, has_gps_time=True
2026-08-20 22:44:36,419 - gpsd_manager - INFO - [Converter] GPSPrint: Returning parsed result
2026-08-20 22:44:37,141 - gpsd_manager - INFO - [Converter] GPSPrint: Parsed ZED data, has_gps_time=True
2026-08-20 22:44:37,142 - gpsd_manager - INFO - [Converter] GPSPrint: Returning parsed result
2026-08-20 22:44:38,098 - gpsd_manager - INFO - [Converter] GPSPrint: Parsed ZED data, has_gps_time=True
2026-08-20 22:44:38,098 - gpsd_manager - INFO - [Converter] GPSPrint: Returning parsed result
2026-08-20 22:44:39,215 - gpsd_manager - INFO - [Converter] GPSPrint: Parsed ZED data, has_gps_time=True
2026-08-20 22:44:39,215 - gpsd_manager - INFO - [Converter] GPSPrint: Returning parsed result
2026-08-20 22:44:40,269 - gpsd_manager - INFO - [Converter] GPSPrint: Parsed ZED data, has_gps_time=True
2026-08-20 22:44:40,269 - gpsd_manager - INFO - [Converter] GPSPrint: Returning parsed result
2026-08-20 22:44:41,427 - gpsd_manager - INFO - [Converter] GPSPrint: Parsed ZED data, has_gps_time=True
2026-08-20 22:44:41,427 - gpsd_manager - INFO - [Converter] GPSPrint: Returning parsed result
2026-08-20 22:44:42,252 - gpsd_manager - INFO - [Converter] GPSPrint: Parsed ZED data, has_gps_time=True
2026-08-20 22:44:42,252 - gpsd_manager - INFO - [Converter] GPSPrint: Returning parsed result
2026-08-20 22:44:43,204 - gpsd_manager - INFO - [Converter] GPSPrint: Parsed ZED data, has_gps_time=True
2026-08-20 22:44:43,204 - gpsd_manager - INFO - [Converter] GPSPrint: Returning parsed result
2026-08-20 22:44:45,252 - gpsd_manager - INFO - [Converter] GPSPrint: Parsed ZED data, has_gps_time=True
2026-08-20 22:44:45,252 - gpsd_manager - INFO - [Converter] GPSPrint: Returning parsed result
2026-08-20 22:44:46,009 - gpsd_manager - INFO - [Converter] GPSPrint: Parsed ZED data, has_gps_time=True
2026-08-20 22:44:46,009 - gpsd_manager - INFO - [Converter] GPSPrint: Returning parsed result
2026-08-20 22:44:47,059 - gpsd_manager - INFO - [Converter] GPSPrint: Parsed ZED data, has_gps_time=True
2026-08-20 22:44:47,060 - gpsd_manager - INFO - [Converter] GPSPrint: Returning parsed result
2026-08-20 22:44:48,287 - gpsd_manager - INFO - [Converter] GPSPrint: Parsed ZED data, has_gps_time=True
2026-08-20 22:44:48,287 - gpsd_manager - INFO - [Converter] GPSPrint: Returning parsed result
2026-08-20 22:44:49,240 - gpsd_manager - INFO - [Converter] GPSPrint: Parsed ZED data, has_gps_time=True
2026-08-20 22:44:49,241 - gpsd_manager - INFO - [Converter] GPSPrint: Returning parsed result
2026-08-20 22:44:50,388 - gpsd_manager - INFO - [Converter] GPSPrint: Parsed ZED data, has_gps_time=True
2026-08-20 22:44:50,388 - gpsd_manager - INFO - [Converter] GPSPrint: Returning parsed result
2026-08-20 22:44:51,441 - gpsd_manager - INFO - [Converter] GPSPrint: Parsed ZED data, has_gps_time=True
2026-08-20 22:44:51,442 - gpsd_manager - INFO - [Converter] GPSPrint: Returning parsed result
2026-08-20 22:44:52,199 - gpsd_manager - INFO - [Converter] GPSPrint: Parsed ZED data, has_gps_time=True
2026-08-20 22:44:52,200 - gpsd_manager - INFO - [Converter] GPSPrint: Returning parsed result
2026-08-20 22:44:53,152 - gpsd_manager - INFO - [Converter] GPSPrint: Parsed ZED data, has_gps_time=True
2026-08-20 22:44:53,152 - gpsd_manager - INFO - [Converter] GPSPrint: Returning parsed result
2026-08-20 22:44:54,406 - gpsd_manager - INFO - [Converter] GPSPrint: Parsed ZED data, has_gps_time=True
2026-08-20 22:44:54,406 - gpsd_manager - INFO - [Converter] GPSPrint: Returning parsed result
2026-08-20 22:44:55,454 - gpsd_manager - INFO - [Converter] GPSPrint: Parsed ZED data, has_gps_time=True
2026-08-20 22:44:55,454 - gpsd_manager - INFO - [Converter] GPSPrint: Returning parsed result
2026-08-20 22:44:56,214 - gpsd_manager - INFO - [Converter] GPSPrint: Parsed ZED data, has_gps_time=True
2026-08-20 22:44:56,215 - gpsd_manager - INFO - [Converter] GPSPrint: Returning parsed result
2026-08-20 22:44:57,262 - gpsd_manager - INFO - [Converter] GPSPrint: Parsed ZED data, has_gps_time=True
2026-08-20 22:44:57,262 - gpsd_manager - INFO - [Converter] GPSPrint: Returning parsed result
2026-08-20 22:44:58,422 - gpsd_manager - INFO - [Converter] GPSPrint: Parsed ZED data, has_gps_time=True
2026-08-20 22:44:58,422 - gpsd_manager - INFO - [Converter] GPSPrint: Returning parsed result
2026-08-20 22:44:59,471 - gpsd_manager - INFO - [Converter] GPSPrint: Parsed ZED data, has_gps_time=True
2026-08-20 22:44:59,471 - gpsd_manager - INFO - [Converter] GPSPrint: Returning parsed result
2026-08-20 22:45:00,227 - gpsd_manager - INFO - [Converter] GPSPrint: Parsed ZED data, has_gps_time=True
2026-08-20 22:45:00,227 - gpsd_manager - INFO - [Converter] GPSPrint: Returning parsed result
2026-08-20 22:45:01,283 - gpsd_manager - INFO - [Converter] GPSPrint: Parsed ZED data, has_gps_time=True
2026-08-20 22:45:01,283 - gpsd_manager - INFO - [Converter] GPSPrint: Returning parsed result
2026-08-20 22:45:02,440 - gpsd_manager - INFO - [Converter] GPSPrint: Parsed ZED data, has_gps_time=True
2026-08-20 22:45:02,440 - gpsd_manager - INFO - [Converter] GPSPrint: Returning parsed result
2026-08-20 22:45:03,484 - gpsd_manager - INFO - [Converter] GPSPrint: Parsed ZED data, has_gps_time=True
2026-08-20 22:45:03,484 - gpsd_manager - INFO - [Converter] GPSPrint: Returning parsed result
2026-08-20 22:45:09,523 - gpsd_manager - INFO - start() called: process=False, parser_type=mcode
2026-08-20 22:45:09,524 - gpsd_manager - INFO - Starting new converter with parser_type=mcode
2026-08-20 22:45:09,535 - gpsd_manager - INFO - Converter process started with PID 33160
2026-08-20 22:45:11,036 - gpsd_manager - INFO - Converter running on port 2948 for mcode format
2026-08-20 22:45:11,036 - gpsd_manager - INFO - [Converter] Sent disable command: gps print disable
2026-08-20 22:45:11,037 - gpsd_manager - INFO - [Converter] Sent enable command: mcode atak enable
2026-08-20 22:45:11,037 - gpsd_manager - INFO - [Converter] TCP server listening on port 2948
2026-08-20 22:45:11,038 - gpsd_manager - INFO - [Converter] MCODE converter: reading from COM9, streaming NMEA via TCP port 2948
2026-08-20 22:47:04,152 - gpsd_manager - INFO - start() called: process=False, parser_type=mcode
2026-08-20 22:47:04,153 - gpsd_manager - INFO - Starting new converter with parser_type=mcode
2026-08-20 22:47:04,162 - gpsd_manager - INFO - Converter process started with PID 51892
2026-08-20 22:47:05,663 - gpsd_manager - INFO - Converter running on port 2948 for mcode format
2026-08-20 22:47:05,663 - gpsd_manager - INFO - [Converter] Sent disable command: gps print disable
2026-08-20 22:47:05,665 - gpsd_manager - INFO - [Converter] Sent enable command: mcode atak enable
2026-08-20 22:47:05,665 - gpsd_manager - INFO - [Converter] TCP server listening on port 2948
2026-08-20 22:47:05,666 - gpsd_manager - INFO - [Converter] MCODE converter: reading from COM9, streaming NMEA via TCP port 2948
2026-08-20 22:47:18,764 - gpsd_manager - INFO - start() called: process=False, parser_type=gps_print
2026-08-20 22:47:18,765 - gpsd_manager - INFO - Starting new converter with parser_type=gps_print
2026-08-20 22:47:18,775 - gpsd_manager - INFO - Converter process started with PID 59668
2026-08-20 22:47:20,276 - gpsd_manager - INFO - Converter running on port 2948 for gps_print format
2026-08-20 22:47:20,277 - gpsd_manager - INFO - [Converter] Sent disable command: mcode atak disable
2026-08-20 22:47:20,278 - gpsd_manager - INFO - [Converter] Sent enable command: gps print enable
2026-08-20 22:47:20,278 - gpsd_manager - INFO - [Converter] TCP server listening on port 2948
2026-08-20 22:47:20,278 - gpsd_manager - INFO - [Converter] MCODE converter: reading from COM9, streaming NMEA via TCP port 2948
2026-08-20 22:47:20,278 - gpsd_manager - INFO - [Converter] GPSPrint: Parsed ZED data, has_gps_time=False
2026-08-20 22:47:20,279 - gpsd_manager - INFO - [Converter] GPSPrint: Parsed ZED data, has_gps_time=True
2026-08-20 22:47:20,279 - gpsd_manager - INFO - [Converter] GPSPrint: Returning parsed result
2026-08-20 22:47:21,526 - gpsd_manager - INFO - [Converter] GPSPrint: Parsed ZED data, has_gps_time=True
2026-08-20 22:47:21,526 - gpsd_manager - INFO - [Converter] GPSPrint: Returning parsed result
2026-08-20 22:47:22,377 - gpsd_manager - INFO - [Converter] GPSPrint: Parsed ZED data, has_gps_time=True
2026-08-20 22:47:22,377 - gpsd_manager - INFO - [Converter] GPSPrint: Returning parsed result
2026-08-20 22:47:23,241 - gpsd_manager - INFO - [Converter] GPSPrint: Parsed ZED data, has_gps_time=True
2026-08-20 22:47:23,241 - gpsd_manager - INFO - [Converter] GPSPrint: Returning parsed result
2026-08-20 22:47:24,296 - gpsd_manager - INFO - [Converter] GPSPrint: Parsed ZED data, has_gps_time=True
2026-08-20 22:47:24,296 - gpsd_manager - INFO - [Converter] GPSPrint: Returning parsed result
2026-08-20 22:48:54,783 - gpsd_manager - INFO - start() called: process=False, parser_type=mcode
2026-08-20 22:48:54,783 - gpsd_manager - INFO - Starting new converter with parser_type=mcode
2026-08-20 22:48:54,794 - gpsd_manager - INFO - Converter process started with PID 53628
2026-08-20 22:48:56,296 - gpsd_manager - INFO - Converter running on port 2948 for mcode format
2026-08-20 22:48:56,297 - gpsd_manager - INFO - [Converter] Sent disable command: gps print disable
2026-08-20 22:48:56,297 - gpsd_manager - INFO - [Converter] Sent enable command: mcode atak enable
2026-08-20 22:48:56,297 - gpsd_manager - INFO - [Converter] TCP server listening on port 2948
2026-08-20 22:48:56,297 - gpsd_manager - INFO - [Converter] MCODE converter: reading from COM9, streaming NMEA via TCP port 2948
2026-08-20 22:49:06,441 - gpsd_manager - INFO - Converter process 53628 terminated gracefully
2026-08-20 22:49:14,159 - gpsd_manager - INFO - start() called: process=True, parser_type=gps_print
2026-08-20 22:49:14,159 - gpsd_manager - INFO - Existing process check: running=False, pid=dead
2026-08-20 22:49:14,160 - gpsd_manager - INFO - Starting new converter with parser_type=gps_print
2026-08-20 22:49:14,171 - gpsd_manager - INFO - Converter process started with PID 27360
2026-08-20 22:49:15,673 - gpsd_manager - INFO - Converter running on port 2948 for gps_print format
2026-08-20 22:49:15,673 - gpsd_manager - INFO - [Converter] Sent disable command: mcode atak disable
2026-08-20 22:49:15,673 - gpsd_manager - INFO - [Converter] Sent enable command: gps print enable
2026-08-20 22:49:15,673 - gpsd_manager - INFO - [Converter] TCP server listening on port 2948
2026-08-20 22:49:15,674 - gpsd_manager - INFO - [Converter] MCODE converter: reading from COM9, streaming NMEA via TCP port 2948
2026-08-20 22:49:15,675 - gpsd_manager - INFO - [Converter] GPSPrint: Parsed ZED data, has_gps_time=True
2026-08-20 22:49:15,675 - gpsd_manager - INFO - [Converter] GPSPrint: Returning parsed result
2026-08-20 22:49:16,456 - gpsd_manager - INFO - [Converter] GPSPrint: Parsed ZED data, has_gps_time=True
2026-08-20 22:49:16,457 - gpsd_manager - INFO - [Converter] GPSPrint: Returning parsed result
2026-08-20 22:49:17,313 - gpsd_manager - INFO - [Converter] GPSPrint: Parsed ZED data, has_gps_time=True
2026-08-20 22:49:17,313 - gpsd_manager - INFO - [Converter] GPSPrint: Returning parsed result
2026-08-20 22:49:18,271 - gpsd_manager - INFO - [Converter] GPSPrint: Parsed ZED data, has_gps_time=True
2026-08-20 22:49:18,271 - gpsd_manager - INFO - [Converter] GPSPrint: Returning parsed result
2026-08-20 22:49:19,525 - gpsd_manager - INFO - [Converter] GPSPrint: Parsed ZED data, has_gps_time=True
2026-08-20 22:49:19,525 - gpsd_manager - INFO - [Converter] GPSPrint: Returning parsed result
2026-08-20 22:49:20,380 - gpsd_manager - INFO - [Converter] GPSPrint: Parsed ZED data, has_gps_time=True
2026-08-20 22:49:20,380 - gpsd_manager - INFO - [Converter] GPSPrint: Returning parsed result
2026-08-20 22:49:21,228 - gpsd_manager - INFO - [Converter] GPSPrint: Parsed ZED data, has_gps_time=True
2026-08-20 22:49:21,228 - gpsd_manager - INFO - [Converter] GPSPrint: Returning parsed result
2026-08-20 22:49:22,190 - gpsd_manager - INFO - [Converter] GPSPrint: Parsed ZED data, has_gps_time=True
2026-08-20 22:49:22,190 - gpsd_manager - INFO - [Converter] GPSPrint: Returning parsed result
2026-08-20 22:49:24,335 - gpsd_manager - INFO - [Converter] GPSPrint: Parsed ZED data, has_gps_time=True
2026-08-20 22:49:24,335 - gpsd_manager - INFO - [Converter] GPSPrint: Returning parsed result
2026-08-20 22:49:25,484 - gpsd_manager - INFO - [Converter] GPSPrint: Parsed ZED data, has_gps_time=True
2026-08-20 22:49:25,484 - gpsd_manager - INFO - [Converter] GPSPrint: Returning parsed result
2026-08-20 22:49:26,642 - gpsd_manager - INFO - [Converter] GPSPrint: Parsed ZED data, has_gps_time=True
2026-08-20 22:49:26,642 - gpsd_manager - INFO - [Converter] GPSPrint: Returning parsed result
2026-08-20 22:49:27,788 - gpsd_manager - INFO - [Converter] GPSPrint: Parsed ZED data, has_gps_time=True
2026-08-20 22:49:27,788 - gpsd_manager - INFO - [Converter] GPSPrint: Returning parsed result
2026-08-20 22:49:28,911 - gpsd_manager - INFO - [Converter] GPSPrint: Parsed ZED data, has_gps_time=True
2026-08-20 22:49:28,911 - gpsd_manager - INFO - [Converter] GPSPrint: Returning parsed result
2026-08-20 22:49:30,038 - gpsd_manager - INFO - [Converter] GPSPrint: Parsed ZED data, has_gps_time=True
2026-08-20 22:49:30,039 - gpsd_manager - INFO - [Converter] GPSPrint: Returning parsed result
2026-08-20 22:49:32,182 - gpsd_manager - INFO - [Converter] GPSPrint: Parsed ZED data, has_gps_time=True
2026-08-20 22:49:32,182 - gpsd_manager - INFO - [Converter] GPSPrint: Returning parsed result
2026-08-20 22:49:34,233 - gpsd_manager - INFO - [Converter] GPSPrint: Parsed ZED data, has_gps_time=True
2026-08-20 22:49:34,234 - gpsd_manager - INFO - [Converter] GPSPrint: Returning parsed result
2026-08-20 22:49:35,190 - gpsd_manager - INFO - [Converter] GPSPrint: Parsed ZED data, has_gps_time=True
2026-08-20 22:49:35,190 - gpsd_manager - INFO - [Converter] GPSPrint: Returning parsed result
2026-08-20 22:49:36,433 - gpsd_manager - INFO - [Converter] GPSPrint: Parsed ZED data, has_gps_time=True
2026-08-20 22:49:36,433 - gpsd_manager - INFO - [Converter] GPSPrint: Returning parsed result
2026-08-20 22:49:37,392 - gpsd_manager - INFO - [Converter] GPSPrint: Parsed ZED data, has_gps_time=True
2026-08-20 22:49:37,393 - gpsd_manager - INFO - [Converter] GPSPrint: Returning parsed result
2026-08-20 22:49:38,241 - gpsd_manager - INFO - [Converter] GPSPrint: Parsed ZED data, has_gps_time=True
2026-08-20 22:49:38,241 - gpsd_manager - INFO - [Converter] GPSPrint: Returning parsed result
2026-08-20 22:49:39,300 - gpsd_manager - INFO - [Converter] GPSPrint: Parsed ZED data, has_gps_time=True
2026-08-20 22:49:39,300 - gpsd_manager - INFO - [Converter] GPSPrint: Returning parsed result
2026-08-20 22:49:40,449 - gpsd_manager - INFO - [Converter] GPSPrint: Parsed ZED data, has_gps_time=True
2026-08-20 22:49:40,449 - gpsd_manager - INFO - [Converter] GPSPrint: Returning parsed result
2026-08-20 22:49:41,411 - gpsd_manager - INFO - [Converter] GPSPrint: Parsed ZED data, has_gps_time=True
2026-08-20 22:49:41,411 - gpsd_manager - INFO - [Converter] GPSPrint: Returning parsed result
2026-08-20 22:49:42,267 - gpsd_manager - INFO - [Converter] GPSPrint: Parsed ZED data, has_gps_time=True
2026-08-20 22:49:42,267 - gpsd_manager - INFO - [Converter] GPSPrint: Returning parsed result
2026-08-20 22:49:43,319 - gpsd_manager - INFO - [Converter] GPSPrint: Parsed ZED data, has_gps_time=True
2026-08-20 22:49:43,319 - gpsd_manager - INFO - [Converter] GPSPrint: Returning parsed result
2026-08-20 22:49:44,468 - gpsd_manager - INFO - [Converter] GPSPrint: Parsed ZED data, has_gps_time=True
2026-08-20 22:49:44,468 - gpsd_manager - INFO - [Converter] GPSPrint: Returning parsed result
2026-08-20 22:49:45,290 - gpsd_manager - INFO - [Converter] GPSPrint: Parsed ZED data, has_gps_time=True
2026-08-20 22:49:45,290 - gpsd_manager - INFO - [Converter] GPSPrint: Returning parsed result
2026-08-20 22:49:46,048 - gpsd_manager - INFO - [Converter] GPSPrint: Parsed ZED data, has_gps_time=True
2026-08-20 22:49:46,048 - gpsd_manager - INFO - [Converter] GPSPrint: Returning parsed result
2026-08-20 22:49:47,204 - gpsd_manager - INFO - [Converter] GPSPrint: Parsed ZED data, has_gps_time=True
2026-08-20 22:49:47,204 - gpsd_manager - INFO - [Converter] GPSPrint: Returning parsed result
2026-08-20 22:49:48,223 - gpsd_manager - INFO - [Converter] GPSPrint: Parsed ZED data, has_gps_time=True
2026-08-20 22:49:48,223 - gpsd_manager - INFO - [Converter] GPSPrint: Returning parsed result
2026-08-20 22:49:49,274 - gpsd_manager - INFO - [Converter] GPSPrint: Parsed ZED data, has_gps_time=True
2026-08-20 22:49:49,274 - gpsd_manager - INFO - [Converter] GPSPrint: Returning parsed result
2026-08-20 22:49:50,433 - gpsd_manager - INFO - [Converter] GPSPrint: Parsed ZED data, has_gps_time=True
2026-08-20 22:49:50,433 - gpsd_manager - INFO - [Converter] GPSPrint: Returning parsed result
2026-08-20 22:49:51,483 - gpsd_manager - INFO - [Converter] GPSPrint: Parsed ZED data, has_gps_time=True
2026-08-20 22:49:51,484 - gpsd_manager - INFO - [Converter] GPSPrint: Returning parsed result
2026-08-20 22:49:52,340 - gpsd_manager - INFO - [Converter] GPSPrint: Parsed ZED data, has_gps_time=True
2026-08-20 22:49:52,340 - gpsd_manager - INFO - [Converter] GPSPrint: Returning parsed result
2026-08-20 22:49:53,297 - gpsd_manager - INFO - [Converter] GPSPrint: Parsed ZED data, has_gps_time=True
2026-08-20 22:49:53,297 - gpsd_manager - INFO - [Converter] GPSPrint: Returning parsed result
2026-08-20 22:49:54,445 - gpsd_manager - INFO - [Converter] GPSPrint: Parsed ZED data, has_gps_time=True
2026-08-20 22:49:54,445 - gpsd_manager - INFO - [Converter] GPSPrint: Returning parsed result
2026-08-20 22:49:55,499 - gpsd_manager - INFO - [Converter] GPSPrint: Parsed ZED data, has_gps_time=True
2026-08-20 22:49:55,499 - gpsd_manager - INFO - [Converter] GPSPrint: Returning parsed result
2026-08-20 22:49:56,256 - gpsd_manager - INFO - [Converter] GPSPrint: Parsed ZED data, has_gps_time=True
2026-08-20 22:49:56,257 - gpsd_manager - INFO - [Converter] GPSPrint: Returning parsed result
2026-08-20 22:49:57,305 - gpsd_manager - INFO - [Converter] GPSPrint: Parsed ZED data, has_gps_time=True
2026-08-20 22:49:57,305 - gpsd_manager - INFO - [Converter] GPSPrint: Returning parsed result
2026-08-20 22:49:58,463 - gpsd_manager - INFO - [Converter] GPSPrint: Parsed ZED data, has_gps_time=True
2026-08-20 22:49:58,463 - gpsd_manager - INFO - [Converter] GPSPrint: Returning parsed result
2026-08-20 22:50:00,308 - gpsd_manager - INFO - [Converter] GPSPrint: Parsed ZED data, has_gps_time=True
2026-08-20 22:50:00,308 - gpsd_manager - INFO - [Converter] GPSPrint: Returning parsed result
2026-08-20 22:50:01,460 - gpsd_manager - INFO - [Converter] GPSPrint: Parsed ZED data, has_gps_time=True
2026-08-20 22:50:01,460 - gpsd_manager - INFO - [Converter] GPSPrint: Returning parsed result
2026-08-20 22:50:02,716 - gpsd_manager - INFO - [Converter] GPSPrint: Parsed ZED data, has_gps_time=True
2026-08-20 22:50:02,716 - gpsd_manager - INFO - [Converter] GPSPrint: Returning parsed result
2026-08-20 22:50:03,834 - gpsd_manager - INFO - [Converter] GPSPrint: Parsed ZED data, has_gps_time=True
2026-08-20 22:50:03,835 - gpsd_manager - INFO - [Converter] GPSPrint: Returning parsed result
2026-08-20 22:50:04,962 - gpsd_manager - INFO - [Converter] GPSPrint: Parsed ZED data, has_gps_time=True
2026-08-20 22:50:04,962 - gpsd_manager - INFO - [Converter] GPSPrint: Returning parsed result
2026-08-20 22:50:06,086 - gpsd_manager - INFO - [Converter] GPSPrint: Parsed ZED data, has_gps_time=True
2026-08-20 22:50:06,087 - gpsd_manager - INFO - [Converter] GPSPrint: Returning parsed result
2026-08-20 22:50:07,234 - gpsd_manager - INFO - [Converter] GPSPrint: Parsed ZED data, has_gps_time=True
2026-08-20 22:50:07,234 - gpsd_manager - INFO - [Converter] GPSPrint: Returning parsed result
2026-08-20 22:50:08,392 - gpsd_manager - INFO - [Converter] GPSPrint: Parsed ZED data, has_gps_time=True
2026-08-20 22:50:08,392 - gpsd_manager - INFO - [Converter] GPSPrint: Returning parsed result
2026-08-20 22:50:10,036 - gpsd_manager - INFO - [Converter] GPSPrint: Parsed ZED data, has_gps_time=True
2026-08-20 22:50:10,036 - gpsd_manager - INFO - [Converter] GPSPrint: Returning parsed result
2026-08-20 22:50:11,094 - gpsd_manager - INFO - [Converter] GPSPrint: Parsed ZED data, has_gps_time=True
2026-08-20 22:50:11,094 - gpsd_manager - INFO - [Converter] GPSPrint: Returning parsed result
2026-08-20 22:50:12,214 - gpsd_manager - INFO - [Converter] GPSPrint: Parsed ZED data, has_gps_time=True
2026-08-20 22:50:12,214 - gpsd_manager - INFO - [Converter] GPSPrint: Returning parsed result
2026-08-20 22:50:13,264 - gpsd_manager - INFO - [Converter] GPSPrint: Parsed ZED data, has_gps_time=True
2026-08-20 22:50:13,265 - gpsd_manager - INFO - [Converter] GPSPrint: Returning parsed result
2026-08-20 22:50:14,421 - gpsd_manager - INFO - [Converter] GPSPrint: Parsed ZED data, has_gps_time=True
2026-08-20 22:50:14,421 - gpsd_manager - INFO - [Converter] GPSPrint: Returning parsed result
2026-08-20 22:50:15,473 - gpsd_manager - INFO - [Converter] GPSPrint: Parsed ZED data, has_gps_time=True
2026-08-20 22:50:15,473 - gpsd_manager - INFO - [Converter] GPSPrint: Returning parsed result
2026-08-20 22:50:16,229 - gpsd_manager - INFO - [Converter] GPSPrint: Parsed ZED data, has_gps_time=True
2026-08-20 22:50:16,229 - gpsd_manager - INFO - [Converter] GPSPrint: Returning parsed result
2026-08-20 22:50:17,288 - gpsd_manager - INFO - [Converter] GPSPrint: Parsed ZED data, has_gps_time=True
2026-08-20 22:50:17,288 - gpsd_manager - INFO - [Converter] GPSPrint: Returning parsed result
2026-08-20 22:50:18,311 - gpsd_manager - INFO - [Converter] GPSPrint: Parsed ZED data, has_gps_time=True
2026-08-20 22:50:18,312 - gpsd_manager - INFO - [Converter] GPSPrint: Returning parsed result
2026-08-20 22:50:19,267 - gpsd_manager - INFO - [Converter] GPSPrint: Parsed ZED data, has_gps_time=True
2026-08-20 22:50:19,267 - gpsd_manager - INFO - [Converter] GPSPrint: Returning parsed result
2026-08-20 22:50:20,188 - gpsd_manager - INFO - [Converter] GPSPrint: Parsed ZED data, has_gps_time=True
2026-08-20 22:50:20,188 - gpsd_manager - INFO - [Converter] GPSPrint: Returning parsed result
2026-08-20 22:50:22,002 - gpsd_manager - INFO - [Converter] GPSPrint: Parsed ZED data, has_gps_time=True
2026-08-20 22:50:22,002 - gpsd_manager - INFO - [Converter] GPSPrint: Returning parsed result
2026-08-20 22:50:23,030 - gpsd_manager - INFO - [Converter] GPSPrint: Parsed ZED data, has_gps_time=True
2026-08-20 22:50:23,031 - gpsd_manager - INFO - [Converter] GPSPrint: Returning parsed result
2026-08-20 22:50:24,277 - gpsd_manager - INFO - [Converter] GPSPrint: Parsed ZED data, has_gps_time=True
2026-08-20 22:50:24,277 - gpsd_manager - INFO - [Converter] GPSPrint: Returning parsed result
2026-08-20 22:50:25,437 - gpsd_manager - INFO - [Converter] GPSPrint: Parsed ZED data, has_gps_time=True
2026-08-20 22:50:25,437 - gpsd_manager - INFO - [Converter] GPSPrint: Returning parsed result
2026-08-20 22:50:26,488 - gpsd_manager - INFO - [Converter] GPSPrint: Parsed ZED data, has_gps_time=True
2026-08-20 22:50:26,488 - gpsd_manager - INFO - [Converter] GPSPrint: Returning parsed result
2026-08-20 22:50:27,239 - gpsd_manager - INFO - [Converter] GPSPrint: Parsed ZED data, has_gps_time=True
2026-08-20 22:50:27,239 - gpsd_manager - INFO - [Converter] GPSPrint: Returning parsed result
2026-08-20 22:50:28,297 - gpsd_manager - INFO - [Converter] GPSPrint: Parsed ZED data, has_gps_time=True
2026-08-20 22:50:28,297 - gpsd_manager - INFO - [Converter] GPSPrint: Returning parsed result
2026-08-20 22:50:29,454 - gpsd_manager - INFO - [Converter] GPSPrint: Parsed ZED data, has_gps_time=True
2026-08-20 22:50:29,454 - gpsd_manager - INFO - [Converter] GPSPrint: Returning parsed result
2026-08-20 22:50:30,499 - gpsd_manager - INFO - [Converter] GPSPrint: Parsed ZED data, has_gps_time=True
2026-08-20 22:50:30,499 - gpsd_manager - INFO - [Converter] GPSPrint: Returning parsed result
2026-08-20 22:50:31,256 - gpsd_manager - INFO - [Converter] GPSPrint: Parsed ZED data, has_gps_time=True
2026-08-20 22:50:31,256 - gpsd_manager - INFO - [Converter] GPSPrint: Returning parsed result
2026-08-20 22:50:32,312 - gpsd_manager - INFO - [Converter] GPSPrint: Parsed ZED data, has_gps_time=True
2026-08-20 22:50:32,312 - gpsd_manager - INFO - [Converter] GPSPrint: Returning parsed result
2026-08-20 22:50:34,254 - gpsd_manager - INFO - [Converter] GPSPrint: Parsed ZED data, has_gps_time=True
2026-08-20 22:50:34,255 - gpsd_manager - INFO - [Converter] GPSPrint: Returning parsed result
2026-08-20 22:50:35,211 - gpsd_manager - INFO - [Converter] GPSPrint: Parsed ZED data, has_gps_time=True
2026-08-20 22:50:35,211 - gpsd_manager - INFO - [Converter] GPSPrint: Returning parsed result
2026-08-20 22:50:37,157 - gpsd_manager - INFO - [Converter] GPSPrint: Parsed ZED data, has_gps_time=True
2026-08-20 22:50:37,157 - gpsd_manager - INFO - [Converter] GPSPrint: Returning parsed result
2026-08-20 22:50:38,118 - gpsd_manager - INFO - [Converter] GPSPrint: Parsed ZED data, has_gps_time=True
2026-08-20 22:50:38,118 - gpsd_manager - INFO - [Converter] GPSPrint: Returning parsed result
2026-08-20 22:50:39,243 - gpsd_manager - INFO - [Converter] GPSPrint: Parsed ZED data, has_gps_time=True
2026-08-20 22:50:39,243 - gpsd_manager - INFO - [Converter] GPSPrint: Returning parsed result
2026-08-20 22:50:40,293 - gpsd_manager - INFO - [Converter] GPSPrint: Parsed ZED data, has_gps_time=True
2026-08-20 22:50:40,293 - gpsd_manager - INFO - [Converter] GPSPrint: Returning parsed result
2026-08-20 22:50:41,449 - gpsd_manager - INFO - [Converter] GPSPrint: Parsed ZED data, has_gps_time=True
2026-08-20 22:50:41,449 - gpsd_manager - INFO - [Converter] GPSPrint: Returning parsed result
2026-08-20 22:50:42,401 - gpsd_manager - INFO - [Converter] GPSPrint: Parsed ZED data, has_gps_time=True
2026-08-20 22:50:42,401 - gpsd_manager - INFO - [Converter] GPSPrint: Returning parsed result
2026-08-20 22:50:43,256 - gpsd_manager - INFO - [Converter] GPSPrint: Parsed ZED data, has_gps_time=True
2026-08-20 22:50:43,256 - gpsd_manager - INFO - [Converter] GPSPrint: Returning parsed result
2026-08-20 22:50:44,212 - gpsd_manager - INFO - [Converter] GPSPrint: Parsed ZED data, has_gps_time=True
2026-08-20 22:50:44,212 - gpsd_manager - INFO - [Converter] GPSPrint: Returning parsed result
2026-08-20 22:50:45,232 - gpsd_manager - INFO - [Converter] GPSPrint: Parsed ZED data, has_gps_time=True
2026-08-20 22:50:45,232 - gpsd_manager - INFO - [Converter] GPSPrint: Returning parsed result
2026-08-20 22:50:46,289 - gpsd_manager - INFO - [Converter] GPSPrint: Parsed ZED data, has_gps_time=True
2026-08-20 22:50:46,289 - gpsd_manager - INFO - [Converter] GPSPrint: Returning parsed result
2026-08-20 22:50:47,139 - gpsd_manager - INFO - [Converter] GPSPrint: Parsed ZED data, has_gps_time=True
2026-08-20 22:50:47,140 - gpsd_manager - INFO - [Converter] GPSPrint: Returning parsed result
2026-08-20 22:50:48,094 - gpsd_manager - INFO - [Converter] GPSPrint: Parsed ZED data, has_gps_time=True
2026-08-20 22:50:48,094 - gpsd_manager - INFO - [Converter] GPSPrint: Returning parsed result
2026-08-20 22:50:49,219 - gpsd_manager - INFO - [Converter] GPSPrint: Parsed ZED data, has_gps_time=True
2026-08-20 22:50:49,219 - gpsd_manager - INFO - [Converter] GPSPrint: Returning parsed result
2026-08-20 22:50:50,169 - gpsd_manager - INFO - [Converter] GPSPrint: Parsed ZED data, has_gps_time=True
2026-08-20 22:50:50,169 - gpsd_manager - INFO - [Converter] GPSPrint: Returning parsed result
2026-08-20 22:50:52,223 - gpsd_manager - INFO - [Converter] GPSPrint: Parsed ZED data, has_gps_time=True
2026-08-20 22:50:52,224 - gpsd_manager - INFO - [Converter] GPSPrint: Returning parsed result
2026-08-20 22:50:53,072 - gpsd_manager - INFO - [Converter] GPSPrint: Parsed ZED data, has_gps_time=True
2026-08-20 22:50:53,072 - gpsd_manager - INFO - [Converter] GPSPrint: Returning parsed result
2026-08-20 22:50:54,229 - gpsd_manager - INFO - [Converter] GPSPrint: Parsed ZED data, has_gps_time=True
2026-08-20 22:50:54,229 - gpsd_manager - INFO - [Converter] GPSPrint: Returning parsed result
2026-08-20 22:50:56,175 - gpsd_manager - INFO - [Converter] GPSPrint: Parsed ZED data, has_gps_time=True
2026-08-20 22:50:56,175 - gpsd_manager - INFO - [Converter] GPSPrint: Returning parsed result
2026-08-20 22:50:57,028 - gpsd_manager - INFO - [Converter] GPSPrint: Parsed ZED data, has_gps_time=True
2026-08-20 22:50:57,028 - gpsd_manager - INFO - [Converter] GPSPrint: Returning parsed result
2026-08-20 22:50:58,147 - gpsd_manager - INFO - [Converter] GPSPrint: Parsed ZED data, has_gps_time=True
2026-08-20 22:50:58,147 - gpsd_manager - INFO - [Converter] GPSPrint: Returning parsed result
2026-08-20 22:50:59,207 - gpsd_manager - INFO - [Converter] GPSPrint: Parsed ZED data, has_gps_time=True
2026-08-20 22:50:59,207 - gpsd_manager - INFO - [Converter] GPSPrint: Returning parsed result
2026-08-20 22:51:00,462 - gpsd_manager - INFO - [Converter] GPSPrint: Parsed ZED data, has_gps_time=True
2026-08-20 22:51:00,462 - gpsd_manager - INFO - [Converter] GPSPrint: Returning parsed result
2026-08-20 22:51:01,411 - gpsd_manager - INFO - [Converter] GPSPrint: Parsed ZED data, has_gps_time=True
2026-08-20 22:51:01,411 - gpsd_manager - INFO - [Converter] GPSPrint: Returning parsed result
2026-08-20 22:51:02,262 - gpsd_manager - INFO - [Converter] GPSPrint: Parsed ZED data, has_gps_time=True
2026-08-20 22:51:02,262 - gpsd_manager - INFO - [Converter] GPSPrint: Returning parsed result
2026-08-20 22:51:03,324 - gpsd_manager - INFO - [Converter] GPSPrint: Parsed ZED data, has_gps_time=True
2026-08-20 22:51:03,325 - gpsd_manager - INFO - [Converter] GPSPrint: Returning parsed result
2026-08-20 22:51:04,468 - gpsd_manager - INFO - [Converter] GPSPrint: Parsed ZED data, has_gps_time=True
2026-08-20 22:51:04,468 - gpsd_manager - INFO - [Converter] GPSPrint: Returning parsed result
2026-08-20 22:51:05,298 - gpsd_manager - INFO - [Converter] GPSPrint: Parsed ZED data, has_gps_time=True
2026-08-20 22:51:05,299 - gpsd_manager - INFO - [Converter] GPSPrint: Returning parsed result
2026-08-20 22:51:06,148 - gpsd_manager - INFO - [Converter] GPSPrint: Parsed ZED data, has_gps_time=True
2026-08-20 22:51:06,148 - gpsd_manager - INFO - [Converter] GPSPrint: Returning parsed result
2026-08-20 22:51:07,209 - gpsd_manager - INFO - [Converter] GPSPrint: Parsed ZED data, has_gps_time=True
2026-08-20 22:51:07,210 - gpsd_manager - INFO - [Converter] GPSPrint: Returning parsed result
2026-08-20 22:51:08,227 - gpsd_manager - INFO - [Converter] GPSPrint: Parsed ZED data, has_gps_time=True
2026-08-20 22:51:08,227 - gpsd_manager - INFO - [Converter] GPSPrint: Returning parsed result
2026-08-20 22:51:10,174 - gpsd_manager - INFO - [Converter] GPSPrint: Parsed ZED data, has_gps_time=True
2026-08-20 22:51:10,174 - gpsd_manager - INFO - [Converter] GPSPrint: Returning parsed result
2026-08-20 22:51:11,304 - gpsd_manager - INFO - [Converter] GPSPrint: Parsed ZED data, has_gps_time=True
2026-08-20 22:51:11,304 - gpsd_manager - INFO - [Converter] GPSPrint: Returning parsed result
2026-08-20 22:51:12,250 - gpsd_manager - INFO - [Converter] GPSPrint: Parsed ZED data, has_gps_time=True
2026-08-20 22:51:12,250 - gpsd_manager - INFO - [Converter] GPSPrint: Returning parsed result
2026-08-20 22:51:13,080 - gpsd_manager - INFO - [Converter] GPSPrint: Parsed ZED data, has_gps_time=True
2026-08-20 22:51:13,080 - gpsd_manager - INFO - [Converter] GPSPrint: Returning parsed result
2026-08-20 22:51:14,133 - gpsd_manager - INFO - [Converter] GPSPrint: Parsed ZED data, has_gps_time=True
2026-08-20 22:51:14,133 - gpsd_manager - INFO - [Converter] GPSPrint: Returning parsed result
2026-08-20 22:51:15,252 - gpsd_manager - INFO - [Converter] GPSPrint: Parsed ZED data, has_gps_time=True
2026-08-20 22:51:15,253 - gpsd_manager - INFO - [Converter] GPSPrint: Returning parsed result
2026-08-20 22:51:16,210 - gpsd_manager - INFO - [Converter] GPSPrint: Parsed ZED data, has_gps_time=True
2026-08-20 22:51:16,210 - gpsd_manager - INFO - [Converter] GPSPrint: Returning parsed result
2026-08-20 22:51:17,231 - gpsd_manager - INFO - [Converter] GPSPrint: Parsed ZED data, has_gps_time=True
2026-08-20 22:51:17,232 - gpsd_manager - INFO - [Converter] GPSPrint: Returning parsed result
2026-08-20 22:51:18,288 - gpsd_manager - INFO - [Converter] GPSPrint: Parsed ZED data, has_gps_time=True
2026-08-20 22:51:18,288 - gpsd_manager - INFO - [Converter] GPSPrint: Returning parsed result
2026-08-20 22:51:19,442 - gpsd_manager - INFO - [Converter] GPSPrint: Parsed ZED data, has_gps_time=True
2026-08-20 22:51:19,442 - gpsd_manager - INFO - [Converter] GPSPrint: Returning parsed result
2026-08-20 22:51:20,496 - gpsd_manager - INFO - [Converter] GPSPrint: Parsed ZED data, has_gps_time=True
2026-08-20 22:51:20,496 - gpsd_manager - INFO - [Converter] GPSPrint: Returning parsed result
2026-08-20 22:51:21,246 - gpsd_manager - INFO - [Converter] GPSPrint: Parsed ZED data, has_gps_time=True
2026-08-20 22:51:21,247 - gpsd_manager - INFO - [Converter] GPSPrint: Returning parsed result
2026-08-20 22:51:22,303 - gpsd_manager - INFO - [Converter] GPSPrint: Parsed ZED data, has_gps_time=True
2026-08-20 22:51:22,303 - gpsd_manager - INFO - [Converter] GPSPrint: Returning parsed result
2026-08-20 22:51:23,454 - gpsd_manager - INFO - [Converter] GPSPrint: Parsed ZED data, has_gps_time=True
2026-08-20 22:51:23,455 - gpsd_manager - INFO - [Converter] GPSPrint: Returning parsed result
2026-08-20 22:51:24,410 - gpsd_manager - INFO - [Converter] GPSPrint: Parsed ZED data, has_gps_time=True
2026-08-20 22:51:24,410 - gpsd_manager - INFO - [Converter] GPSPrint: Returning parsed result
2026-08-20 22:51:25,362 - gpsd_manager - INFO - [Converter] GPSPrint: Parsed ZED data, has_gps_time=True
2026-08-20 22:51:25,362 - gpsd_manager - INFO - [Converter] GPSPrint: Returning parsed result
2026-08-20 22:51:26,220 - gpsd_manager - INFO - [Converter] GPSPrint: Parsed ZED data, has_gps_time=True
2026-08-20 22:51:26,220 - gpsd_manager - INFO - [Converter] GPSPrint: Returning parsed result
2026-08-20 22:51:27,472 - gpsd_manager - INFO - [Converter] GPSPrint: Parsed ZED data, has_gps_time=True
2026-08-20 22:51:27,472 - gpsd_manager - INFO - [Converter] GPSPrint: Returning parsed result
2026-08-20 22:51:29,022 - gpsd_manager - INFO - [Converter] GPSPrint: Parsed ZED data, has_gps_time=True
2026-08-20 22:51:29,022 - gpsd_manager - INFO - [Converter] GPSPrint: Returning parsed result
2026-08-20 22:51:30,077 - gpsd_manager - INFO - [Converter] GPSPrint: Parsed ZED data, has_gps_time=True
2026-08-20 22:51:30,077 - gpsd_manager - INFO - [Converter] GPSPrint: Returning parsed result
2026-08-20 22:51:31,198 - gpsd_manager - INFO - [Converter] GPSPrint: Parsed ZED data, has_gps_time=True
2026-08-20 22:51:31,198 - gpsd_manager - INFO - [Converter] GPSPrint: Returning parsed result
2026-08-20 22:51:32,250 - gpsd_manager - INFO - [Converter] GPSPrint: Parsed ZED data, has_gps_time=True
2026-08-20 22:51:32,250 - gpsd_manager - INFO - [Converter] GPSPrint: Returning parsed result
2026-08-20 22:51:34,195 - gpsd_manager - INFO - [Converter] GPSPrint: Parsed ZED data, has_gps_time=True
2026-08-20 22:51:34,195 - gpsd_manager - INFO - [Converter] GPSPrint: Returning parsed result
2026-08-20 22:51:35,046 - gpsd_manager - INFO - [Converter] GPSPrint: Parsed ZED data, has_gps_time=True
2026-08-20 22:51:35,047 - gpsd_manager - INFO - [Converter] GPSPrint: Returning parsed result
2026-08-20 22:51:36,967 - gpsd_manager - INFO - [Converter] GPSPrint: Parsed ZED data, has_gps_time=True
2026-08-20 22:51:36,967 - gpsd_manager - INFO - [Converter] GPSPrint: Returning parsed result
2026-08-20 22:51:38,093 - gpsd_manager - INFO - [Converter] GPSPrint: Parsed ZED data, has_gps_time=True
2026-08-20 22:51:38,093 - gpsd_manager - INFO - [Converter] GPSPrint: Returning parsed result
2026-08-20 22:51:39,248 - gpsd_manager - INFO - [Converter] GPSPrint: Parsed ZED data, has_gps_time=True
2026-08-20 22:51:39,248 - gpsd_manager - INFO - [Converter] GPSPrint: Returning parsed result
2026-08-20 22:51:40,394 - gpsd_manager - INFO - [Converter] GPSPrint: Parsed ZED data, has_gps_time=True
2026-08-20 22:51:40,394 - gpsd_manager - INFO - [Converter] GPSPrint: Returning parsed result
2026-08-20 22:51:41,447 - gpsd_manager - INFO - [Converter] GPSPrint: Parsed ZED data, has_gps_time=True
2026-08-20 22:51:41,447 - gpsd_manager - INFO - [Converter] GPSPrint: Returning parsed result
2026-08-20 22:51:42,306 - gpsd_manager - INFO - [Converter] GPSPrint: Parsed ZED data, has_gps_time=True
2026-08-20 22:51:42,307 - gpsd_manager - INFO - [Converter] GPSPrint: Returning parsed result
2026-08-20 22:51:43,257 - gpsd_manager - INFO - [Converter] GPSPrint: Parsed ZED data, has_gps_time=True
2026-08-20 22:51:43,257 - gpsd_manager - INFO - [Converter] GPSPrint: Returning parsed result
2026-08-20 22:51:44,510 - gpsd_manager - INFO - [Converter] GPSPrint: Parsed ZED data, has_gps_time=True
2026-08-20 22:51:44,510 - gpsd_manager - INFO - [Converter] GPSPrint: Returning parsed result
2026-08-20 22:51:45,469 - gpsd_manager - INFO - [Converter] GPSPrint: Parsed ZED data, has_gps_time=True
2026-08-20 22:51:45,469 - gpsd_manager - INFO - [Converter] GPSPrint: Returning parsed result
2026-08-20 22:51:46,318 - gpsd_manager - INFO - [Converter] GPSPrint: Parsed ZED data, has_gps_time=True
2026-08-20 22:51:46,318 - gpsd_manager - INFO - [Converter] GPSPrint: Returning parsed result
2026-08-20 22:51:47,270 - gpsd_manager - INFO - [Converter] GPSPrint: Parsed ZED data, has_gps_time=True
2026-08-20 22:51:47,270 - gpsd_manager - INFO - [Converter] GPSPrint: Returning parsed result
2026-08-20 22:51:48,425 - gpsd_manager - INFO - [Converter] GPSPrint: Parsed ZED data, has_gps_time=True
2026-08-20 22:51:48,425 - gpsd_manager - INFO - [Converter] GPSPrint: Returning parsed result
2026-08-20 22:51:49,378 - gpsd_manager - INFO - [Converter] GPSPrint: Parsed ZED data, has_gps_time=True
2026-08-20 22:51:49,378 - gpsd_manager - INFO - [Converter] GPSPrint: Returning parsed result
2026-08-20 22:51:50,241 - gpsd_manager - INFO - [Converter] GPSPrint: Parsed ZED data, has_gps_time=True
2026-08-20 22:51:50,241 - gpsd_manager - INFO - [Converter] GPSPrint: Returning parsed result
2026-08-20 22:51:51,292 - gpsd_manager - INFO - [Converter] GPSPrint: Parsed ZED data, has_gps_time=True
2026-08-20 22:51:51,292 - gpsd_manager - INFO - [Converter] GPSPrint: Returning parsed result
2026-08-20 22:51:52,313 - gpsd_manager - INFO - [Converter] GPSPrint: Parsed ZED data, has_gps_time=True
2026-08-20 22:51:52,313 - gpsd_manager - INFO - [Converter] GPSPrint: Returning parsed result
2026-08-20 22:51:53,267 - gpsd_manager - INFO - [Converter] GPSPrint: Parsed ZED data, has_gps_time=True
2026-08-20 22:51:53,267 - gpsd_manager - INFO - [Converter] GPSPrint: Returning parsed result
2026-08-20 22:51:54,121 - gpsd_manager - INFO - [Converter] GPSPrint: Parsed ZED data, has_gps_time=True
2026-08-20 22:51:54,121 - gpsd_manager - INFO - [Converter] GPSPrint: Returning parsed result
2026-08-20 22:51:55,247 - gpsd_manager - INFO - [Converter] GPSPrint: Parsed ZED data, has_gps_time=True
2026-08-20 22:51:55,247 - gpsd_manager - INFO - [Converter] GPSPrint: Returning parsed result
2026-08-20 22:51:56,200 - gpsd_manager - INFO - [Converter] GPSPrint: Parsed ZED data, has_gps_time=True
2026-08-20 22:51:56,200 - gpsd_manager - INFO - [Converter] GPSPrint: Returning parsed result
2026-08-20 22:51:57,221 - gpsd_manager - INFO - [Converter] GPSPrint: Parsed ZED data, has_gps_time=True
2026-08-20 22:51:57,221 - gpsd_manager - INFO - [Converter] GPSPrint: Returning parsed result
2026-08-20 22:51:58,273 - gpsd_manager - INFO - [Converter] GPSPrint: Parsed ZED data, has_gps_time=True
2026-08-20 22:51:58,273 - gpsd_manager - INFO - [Converter] GPSPrint: Returning parsed result
2026-08-20 22:52:00,324 - gpsd_manager - INFO - [Converter] GPSPrint: Parsed ZED data, has_gps_time=True
2026-08-20 22:52:00,324 - gpsd_manager - INFO - [Converter] GPSPrint: Returning parsed result
2026-08-20 22:52:01,480 - gpsd_manager - INFO - [Converter] GPSPrint: Parsed ZED data, has_gps_time=True
2026-08-20 22:52:01,480 - gpsd_manager - INFO - [Converter] GPSPrint: Returning parsed result
2026-08-20 22:52:02,723 - gpsd_manager - INFO - [Converter] GPSPrint: Parsed ZED data, has_gps_time=True
2026-08-20 22:52:02,724 - gpsd_manager - INFO - [Converter] GPSPrint: Returning parsed result
2026-08-20 22:52:03,852 - gpsd_manager - INFO - [Converter] GPSPrint: Parsed ZED data, has_gps_time=True
2026-08-20 22:52:03,852 - gpsd_manager - INFO - [Converter] GPSPrint: Returning parsed result
2026-08-20 22:52:04,975 - gpsd_manager - INFO - [Converter] GPSPrint: Parsed ZED data, has_gps_time=True
2026-08-20 22:52:04,976 - gpsd_manager - INFO - [Converter] GPSPrint: Returning parsed result
2026-08-20 22:52:06,092 - gpsd_manager - INFO - [Converter] GPSPrint: Parsed ZED data, has_gps_time=True
2026-08-20 22:52:06,092 - gpsd_manager - INFO - [Converter] GPSPrint: Returning parsed result
2026-08-20 22:52:07,250 - gpsd_manager - INFO - [Converter] GPSPrint: Parsed ZED data, has_gps_time=True
2026-08-20 22:52:07,250 - gpsd_manager - INFO - [Converter] GPSPrint: Returning parsed result
2026-08-20 22:52:08,403 - gpsd_manager - INFO - [Converter] GPSPrint: Parsed ZED data, has_gps_time=True
2026-08-20 22:52:08,403 - gpsd_manager - INFO - [Converter] GPSPrint: Returning parsed result
2026-08-20 22:52:09,453 - gpsd_manager - INFO - [Converter] GPSPrint: Parsed ZED data, has_gps_time=True
2026-08-20 22:52:09,462 - gpsd_manager - INFO - [Converter] GPSPrint: Returning parsed result
2026-08-20 22:52:10,310 - gpsd_manager - INFO - [Converter] GPSPrint: Parsed ZED data, has_gps_time=True
2026-08-20 22:52:10,310 - gpsd_manager - INFO - [Converter] GPSPrint: Returning parsed result
2026-08-20 22:52:11,263 - gpsd_manager - INFO - [Converter] GPSPrint: Parsed ZED data, has_gps_time=True
2026-08-20 22:52:11,263 - gpsd_manager - INFO - [Converter] GPSPrint: Returning parsed result
2026-08-20 22:52:12,419 - gpsd_manager - INFO - [Converter] GPSPrint: Parsed ZED data, has_gps_time=True
2026-08-20 22:52:12,419 - gpsd_manager - INFO - [Converter] GPSPrint: Returning parsed result
2026-08-20 22:52:13,465 - gpsd_manager - INFO - [Converter] GPSPrint: Parsed ZED data, has_gps_time=True
2026-08-20 22:52:13,465 - gpsd_manager - INFO - [Converter] GPSPrint: Returning parsed result
2026-08-20 22:52:14,396 - gpsd_manager - INFO - [Converter] GPSPrint: Parsed ZED data, has_gps_time=True
2026-08-20 22:52:14,396 - gpsd_manager - INFO - [Converter] GPSPrint: Returning parsed result
2026-08-20 22:52:15,349 - gpsd_manager - INFO - [Converter] GPSPrint: Parsed ZED data, has_gps_time=True
2026-08-20 22:52:15,350 - gpsd_manager - INFO - [Converter] GPSPrint: Returning parsed result
2026-08-20 22:52:16,502 - gpsd_manager - INFO - [Converter] GPSPrint: Parsed ZED data, has_gps_time=True
2026-08-20 22:52:16,502 - gpsd_manager - INFO - [Converter] GPSPrint: Returning parsed result
2026-08-20 22:52:17,451 - gpsd_manager - INFO - [Converter] GPSPrint: Parsed ZED data, has_gps_time=True
2026-08-20 22:52:17,451 - gpsd_manager - INFO - [Converter] GPSPrint: Returning parsed result
2026-08-20 22:52:18,311 - gpsd_manager - INFO - [Converter] GPSPrint: Parsed ZED data, has_gps_time=True
2026-08-20 22:52:18,311 - gpsd_manager - INFO - [Converter] GPSPrint: Returning parsed result
2026-08-20 22:52:20,153 - gpsd_manager - INFO - [Converter] GPSPrint: Parsed ZED data, has_gps_time=True
2026-08-20 22:52:20,153 - gpsd_manager - INFO - [Converter] GPSPrint: Returning parsed result
2026-08-20 22:52:21,311 - gpsd_manager - INFO - [Converter] GPSPrint: Parsed ZED data, has_gps_time=True
2026-08-20 22:52:21,311 - gpsd_manager - INFO - [Converter] GPSPrint: Returning parsed result
2026-08-20 22:52:22,234 - gpsd_manager - INFO - [Converter] GPSPrint: Parsed ZED data, has_gps_time=True
2026-08-20 22:52:22,234 - gpsd_manager - INFO - [Converter] GPSPrint: Returning parsed result
2026-08-20 22:52:23,191 - gpsd_manager - INFO - [Converter] GPSPrint: Parsed ZED data, has_gps_time=True
2026-08-20 22:52:23,191 - gpsd_manager - INFO - [Converter] GPSPrint: Returning parsed result
2026-08-20 22:52:24,142 - gpsd_manager - INFO - [Converter] GPSPrint: Parsed ZED data, has_gps_time=True
2026-08-20 22:52:24,142 - gpsd_manager - INFO - [Converter] GPSPrint: Returning parsed result
2026-08-20 22:52:25,099 - gpsd_manager - INFO - [Converter] GPSPrint: Parsed ZED data, has_gps_time=True
2026-08-20 22:52:25,099 - gpsd_manager - INFO - [Converter] GPSPrint: Returning parsed result
2026-08-20 22:52:26,215 - gpsd_manager - INFO - [Converter] GPSPrint: Parsed ZED data, has_gps_time=True
2026-08-20 22:52:26,215 - gpsd_manager - INFO - [Converter] GPSPrint: Returning parsed result
2026-08-20 22:52:27,277 - gpsd_manager - INFO - [Converter] GPSPrint: Parsed ZED data, has_gps_time=True
2026-08-20 22:52:27,277 - gpsd_manager - INFO - [Converter] GPSPrint: Returning parsed result
2026-08-20 22:52:28,292 - gpsd_manager - INFO - [Converter] GPSPrint: Parsed ZED data, has_gps_time=True
2026-08-20 22:52:28,292 - gpsd_manager - INFO - [Converter] GPSPrint: Returning parsed result
2026-08-20 22:52:29,253 - gpsd_manager - INFO - [Converter] GPSPrint: Parsed ZED data, has_gps_time=True
2026-08-20 22:52:29,253 - gpsd_manager - INFO - [Converter] GPSPrint: Returning parsed result
2026-08-20 22:52:30,308 - gpsd_manager - INFO - [Converter] GPSPrint: Parsed ZED data, has_gps_time=True
2026-08-20 22:52:30,308 - gpsd_manager - INFO - [Converter] GPSPrint: Returning parsed result
2026-08-20 22:52:31,453 - gpsd_manager - INFO - [Converter] GPSPrint: Parsed ZED data, has_gps_time=True
2026-08-20 22:52:31,454 - gpsd_manager - INFO - [Converter] GPSPrint: Returning parsed result
2026-08-20 22:52:32,413 - gpsd_manager - INFO - [Converter] GPSPrint: Parsed ZED data, has_gps_time=True
2026-08-20 22:52:32,413 - gpsd_manager - INFO - [Converter] GPSPrint: Returning parsed result
2026-08-20 22:52:33,260 - gpsd_manager - INFO - [Converter] GPSPrint: Parsed ZED data, has_gps_time=True
2026-08-20 22:52:33,261 - gpsd_manager - INFO - [Converter] GPSPrint: Returning parsed result
2026-08-20 22:52:34,314 - gpsd_manager - INFO - [Converter] GPSPrint: Parsed ZED data, has_gps_time=True
2026-08-20 22:52:34,315 - gpsd_manager - INFO - [Converter] GPSPrint: Returning parsed result
2026-08-20 22:52:36,171 - gpsd_manager - INFO - [Converter] GPSPrint: Parsed ZED data, has_gps_time=True
2026-08-20 22:52:36,171 - gpsd_manager - INFO - [Converter] GPSPrint: Returning parsed result
2026-08-20 22:52:37,022 - gpsd_manager - INFO - [Converter] GPSPrint: Parsed ZED data, has_gps_time=True
2026-08-20 22:52:37,022 - gpsd_manager - INFO - [Converter] GPSPrint: Returning parsed result
2026-08-20 22:52:38,148 - gpsd_manager - INFO - [Converter] GPSPrint: Parsed ZED data, has_gps_time=True
2026-08-20 22:52:38,148 - gpsd_manager - INFO - [Converter] GPSPrint: Returning parsed result
2026-08-20 22:52:39,198 - gpsd_manager - INFO - [Converter] GPSPrint: Parsed ZED data, has_gps_time=True
2026-08-20 22:52:39,198 - gpsd_manager - INFO - [Converter] GPSPrint: Returning parsed result
2026-08-20 22:52:40,221 - gpsd_manager - INFO - [Converter] GPSPrint: Parsed ZED data, has_gps_time=True
2026-08-20 22:52:40,222 - gpsd_manager - INFO - [Converter] GPSPrint: Returning parsed result
2026-08-20 22:53:16,911 - gpsd_manager - INFO - start() called: process=False, parser_type=gps_print
2026-08-20 22:53:16,912 - gpsd_manager - INFO - Starting new converter with parser_type=gps_print
2026-08-20 22:53:16,923 - gpsd_manager - INFO - Converter process started with PID 58252
2026-08-20 22:53:18,424 - gpsd_manager - INFO - Converter running on port 2948 for gps_print format
2026-08-20 22:53:18,425 - gpsd_manager - INFO - [Converter] Sent disable command: mcode atak disable
2026-08-20 22:53:18,425 - gpsd_manager - INFO - [Converter] Sent enable command: gps print enable
2026-08-20 22:53:18,425 - gpsd_manager - INFO - [Converter] TCP server listening on port 2948
2026-08-20 22:53:18,425 - gpsd_manager - INFO - [Converter] MCODE converter: reading from COM9, streaming NMEA via TCP port 2948
2026-08-20 22:53:18,425 - gpsd_manager - INFO - [Converter] GPSPrint: Parsed ZED data, has_gps_time=True
2026-08-20 22:53:18,426 - gpsd_manager - INFO - [Converter] GPSPrint: Returning parsed result
2026-08-20 22:53:18,426 - gpsd_manager - INFO - [Converter] ERROR writing debug file: TypeError: Object of type datetime is not JSON serializable
2026-08-20 22:53:19,248 - gpsd_manager - INFO - [Converter] GPSPrint: Parsed ZED data, has_gps_time=True
2026-08-20 22:53:19,248 - gpsd_manager - INFO - [Converter] GPSPrint: Returning parsed result
2026-08-20 22:53:19,249 - gpsd_manager - INFO - [Converter] ERROR writing debug file: TypeError: Object of type datetime is not JSON serializable
2026-08-20 22:53:20,299 - gpsd_manager - INFO - [Converter] GPSPrint: Parsed ZED data, has_gps_time=True
2026-08-20 22:53:20,299 - gpsd_manager - INFO - [Converter] GPSPrint: Returning parsed result
2026-08-20 22:53:20,300 - gpsd_manager - INFO - [Converter] ERROR writing debug file: TypeError: Object of type datetime is not JSON serializable
2026-08-20 22:53:22,247 - gpsd_manager - INFO - [Converter] GPSPrint: Parsed ZED data, has_gps_time=True
2026-08-20 22:53:22,247 - gpsd_manager - INFO - [Converter] GPSPrint: Returning parsed result
2026-08-20 22:53:22,247 - gpsd_manager - INFO - [Converter] ERROR writing debug file: TypeError: Object of type datetime is not JSON serializable
2026-08-20 22:53:23,007 - gpsd_manager - INFO - [Converter] GPSPrint: Parsed ZED data, has_gps_time=True
2026-08-20 22:53:23,008 - gpsd_manager - INFO - [Converter] GPSPrint: Returning parsed result
2026-08-20 22:53:23,008 - gpsd_manager - INFO - [Converter] ERROR writing debug file: TypeError: Object of type datetime is not JSON serializable
2026-08-20 22:53:24,134 - gpsd_manager - INFO - [Converter] GPSPrint: Parsed ZED data, has_gps_time=True
2026-08-20 22:53:24,134 - gpsd_manager - INFO - [Converter] GPSPrint: Returning parsed result
2026-08-20 22:53:24,134 - gpsd_manager - INFO - [Converter] ERROR writing debug file: TypeError: Object of type datetime is not JSON serializable
2026-08-20 22:53:25,185 - gpsd_manager - INFO - [Converter] GPSPrint: Parsed ZED data, has_gps_time=True
2026-08-20 22:53:25,185 - gpsd_manager - INFO - [Converter] GPSPrint: Returning parsed result
2026-08-20 22:53:25,186 - gpsd_manager - INFO - [Converter] ERROR writing debug file: TypeError: Object of type datetime is not JSON serializable
2026-08-20 22:53:26,206 - gpsd_manager - INFO - [Converter] GPSPrint: Parsed ZED data, has_gps_time=True
2026-08-20 22:53:26,206 - gpsd_manager - INFO - [Converter] GPSPrint: Returning parsed result
2026-08-20 22:53:26,206 - gpsd_manager - INFO - [Converter] ERROR writing debug file: TypeError: Object of type datetime is not JSON serializable
2026-08-20 22:53:27,256 - gpsd_manager - INFO - [Converter] GPSPrint: Parsed ZED data, has_gps_time=True
2026-08-20 22:53:27,256 - gpsd_manager - INFO - [Converter] GPSPrint: Returning parsed result
2026-08-20 22:53:27,256 - gpsd_manager - INFO - [Converter] ERROR writing debug file: TypeError: Object of type datetime is not JSON serializable
2026-08-20 22:53:28,282 - gpsd_manager - INFO - [Converter] GPSPrint: Parsed ZED data, has_gps_time=True
2026-08-20 22:53:28,282 - gpsd_manager - INFO - [Converter] GPSPrint: Returning parsed result
2026-08-20 22:53:28,282 - gpsd_manager - INFO - [Converter] ERROR writing debug file: TypeError: Object of type datetime is not JSON serializable
2026-08-20 22:53:29,239 - gpsd_manager - INFO - [Converter] GPSPrint: Parsed ZED data, has_gps_time=True
2026-08-20 22:53:29,239 - gpsd_manager - INFO - [Converter] GPSPrint: Returning parsed result
2026-08-20 22:53:29,240 - gpsd_manager - INFO - [Converter] ERROR writing debug file: TypeError: Object of type datetime is not JSON serializable
2026-08-20 22:53:30,292 - gpsd_manager - INFO - [Converter] GPSPrint: Parsed ZED data, has_gps_time=True
2026-08-20 22:53:30,292 - gpsd_manager - INFO - [Converter] GPSPrint: Returning parsed result
2026-08-20 22:53:30,293 - gpsd_manager - INFO - [Converter] ERROR writing debug file: TypeError: Object of type datetime is not JSON serializable
2026-08-20 22:53:31,311 - gpsd_manager - INFO - [Converter] GPSPrint: Parsed ZED data, has_gps_time=True
2026-08-20 22:53:31,312 - gpsd_manager - INFO - [Converter] GPSPrint: Returning parsed result
2026-08-20 22:53:31,312 - gpsd_manager - INFO - [Converter] ERROR writing debug file: TypeError: Object of type datetime is not JSON serializable
2026-08-20 22:53:32,267 - gpsd_manager - INFO - [Converter] GPSPrint: Parsed ZED data, has_gps_time=True
2026-08-20 22:53:32,267 - gpsd_manager - INFO - [Converter] GPSPrint: Returning parsed result
2026-08-20 22:53:32,267 - gpsd_manager - INFO - [Converter] ERROR writing debug file: TypeError: Object of type datetime is not JSON serializable
2026-08-20 22:53:33,118 - gpsd_manager - INFO - [Converter] GPSPrint: Parsed ZED data, has_gps_time=True
2026-08-20 22:53:33,118 - gpsd_manager - INFO - [Converter] GPSPrint: Returning parsed result
2026-08-20 22:53:33,119 - gpsd_manager - INFO - [Converter] ERROR writing debug file: TypeError: Object of type datetime is not JSON serializable
2026-08-20 22:53:34,250 - gpsd_manager - INFO - [Converter] GPSPrint: Parsed ZED data, has_gps_time=True
2026-08-20 22:53:34,250 - gpsd_manager - INFO - [Converter] GPSPrint: Returning parsed result
2026-08-20 22:53:34,250 - gpsd_manager - INFO - [Converter] ERROR writing debug file: TypeError: Object of type datetime is not JSON serializable
2026-08-20 22:53:35,195 - gpsd_manager - INFO - [Converter] GPSPrint: Parsed ZED data, has_gps_time=True
2026-08-20 22:53:35,195 - gpsd_manager - INFO - [Converter] GPSPrint: Returning parsed result
2026-08-20 22:53:35,195 - gpsd_manager - INFO - [Converter] ERROR writing debug file: TypeError: Object of type datetime is not JSON serializable
2026-08-20 22:53:36,447 - gpsd_manager - INFO - [Converter] GPSPrint: Parsed ZED data, has_gps_time=True
2026-08-20 22:53:36,447 - gpsd_manager - INFO - [Converter] GPSPrint: Returning parsed result
2026-08-20 22:53:36,448 - gpsd_manager - INFO - [Converter] ERROR writing debug file: TypeError: Object of type datetime is not JSON serializable
2026-08-20 22:53:37,401 - gpsd_manager - INFO - [Converter] GPSPrint: Parsed ZED data, has_gps_time=True
2026-08-20 22:53:37,402 - gpsd_manager - INFO - [Converter] GPSPrint: Returning parsed result
2026-08-20 22:53:37,402 - gpsd_manager - INFO - [Converter] ERROR writing debug file: TypeError: Object of type datetime is not JSON serializable
2026-08-20 22:53:38,257 - gpsd_manager - INFO - [Converter] GPSPrint: Parsed ZED data, has_gps_time=True
2026-08-20 22:53:38,257 - gpsd_manager - INFO - [Converter] GPSPrint: Returning parsed result
2026-08-20 22:53:38,258 - gpsd_manager - INFO - [Converter] ERROR writing debug file: TypeError: Object of type datetime is not JSON serializable
2026-08-20 22:53:39,318 - gpsd_manager - INFO - [Converter] GPSPrint: Parsed ZED data, has_gps_time=True
2026-08-20 22:53:39,318 - gpsd_manager - INFO - [Converter] GPSPrint: Returning parsed result
2026-08-20 22:53:39,319 - gpsd_manager - INFO - [Converter] ERROR writing debug file: TypeError: Object of type datetime is not JSON serializable
2026-08-20 22:53:40,469 - gpsd_manager - INFO - [Converter] GPSPrint: Parsed ZED data, has_gps_time=True
2026-08-20 22:53:40,470 - gpsd_manager - INFO - [Converter] GPSPrint: Returning parsed result
2026-08-20 22:53:40,470 - gpsd_manager - INFO - [Converter] ERROR writing debug file: TypeError: Object of type datetime is not JSON serializable
2026-08-20 22:53:41,289 - gpsd_manager - INFO - [Converter] GPSPrint: Parsed ZED data, has_gps_time=True
2026-08-20 22:53:41,289 - gpsd_manager - INFO - [Converter] GPSPrint: Returning parsed result
2026-08-20 22:53:41,290 - gpsd_manager - INFO - [Converter] ERROR writing debug file: TypeError: Object of type datetime is not JSON serializable
2026-08-20 22:53:42,149 - gpsd_manager - INFO - [Converter] GPSPrint: Parsed ZED data, has_gps_time=True
2026-08-20 22:53:42,149 - gpsd_manager - INFO - [Converter] GPSPrint: Returning parsed result
2026-08-20 22:53:42,149 - gpsd_manager - INFO - [Converter] ERROR writing debug file: TypeError: Object of type datetime is not JSON serializable
2026-08-20 22:53:43,102 - gpsd_manager - INFO - [Converter] GPSPrint: Parsed ZED data, has_gps_time=True
2026-08-20 22:53:43,102 - gpsd_manager - INFO - [Converter] GPSPrint: Returning parsed result
2026-08-20 22:53:43,103 - gpsd_manager - INFO - [Converter] ERROR writing debug file: TypeError: Object of type datetime is not JSON serializable
2026-08-20 22:53:44,224 - gpsd_manager - INFO - [Converter] GPSPrint: Parsed ZED data, has_gps_time=True
2026-08-20 22:53:44,224 - gpsd_manager - INFO - [Converter] GPSPrint: Returning parsed result
2026-08-20 22:53:44,224 - gpsd_manager - INFO - [Converter] ERROR writing debug file: TypeError: Object of type datetime is not JSON serializable
2026-08-20 22:53:45,177 - gpsd_manager - INFO - [Converter] GPSPrint: Parsed ZED data, has_gps_time=True
2026-08-20 22:53:45,177 - gpsd_manager - INFO - [Converter] GPSPrint: Returning parsed result
2026-08-20 22:53:45,177 - gpsd_manager - INFO - [Converter] ERROR writing debug file: TypeError: Object of type datetime is not JSON serializable
2026-08-20 22:53:47,920 - gpsd_manager - INFO - [Converter] GPSPrint: Parsed ZED data, has_gps_time=True
2026-08-20 22:53:47,920 - gpsd_manager - INFO - [Converter] GPSPrint: Returning parsed result
2026-08-20 22:53:47,920 - gpsd_manager - INFO - [Converter] ERROR writing debug file: TypeError: Object of type datetime is not JSON serializable
2026-08-20 22:53:49,068 - gpsd_manager - INFO - [Converter] GPSPrint: Parsed ZED data, has_gps_time=True
2026-08-20 22:53:49,069 - gpsd_manager - INFO - [Converter] GPSPrint: Returning parsed result
2026-08-20 22:53:49,069 - gpsd_manager - INFO - [Converter] ERROR writing debug file: TypeError: Object of type datetime is not JSON serializable
2026-08-20 22:53:50,128 - gpsd_manager - INFO - [Converter] GPSPrint: Parsed ZED data, has_gps_time=True
2026-08-20 22:53:50,128 - gpsd_manager - INFO - [Converter] GPSPrint: Returning parsed result
2026-08-20 22:53:50,129 - gpsd_manager - INFO - [Converter] ERROR writing debug file: TypeError: Object of type datetime is not JSON serializable
2026-08-20 22:53:51,249 - gpsd_manager - INFO - [Converter] GPSPrint: Parsed ZED data, has_gps_time=True
2026-08-20 22:53:51,249 - gpsd_manager - INFO - [Converter] GPSPrint: Returning parsed result
2026-08-20 22:53:51,250 - gpsd_manager - INFO - [Converter] ERROR writing debug file: TypeError: Object of type datetime is not JSON serializable
2026-08-20 22:53:52,204 - gpsd_manager - INFO - [Converter] GPSPrint: Parsed ZED data, has_gps_time=True
2026-08-20 22:53:52,204 - gpsd_manager - INFO - [Converter] GPSPrint: Returning parsed result
2026-08-20 22:53:52,204 - gpsd_manager - INFO - [Converter] ERROR writing debug file: TypeError: Object of type datetime is not JSON serializable
2026-08-20 22:53:53,456 - gpsd_manager - INFO - [Converter] GPSPrint: Parsed ZED data, has_gps_time=True
2026-08-20 22:53:53,456 - gpsd_manager - INFO - [Converter] GPSPrint: Returning parsed result
2026-08-20 22:53:53,456 - gpsd_manager - INFO - [Converter] ERROR writing debug file: TypeError: Object of type datetime is not JSON serializable
2026-08-20 22:53:54,411 - gpsd_manager - INFO - [Converter] GPSPrint: Parsed ZED data, has_gps_time=True
2026-08-20 22:53:54,412 - gpsd_manager - INFO - [Converter] GPSPrint: Returning parsed result
2026-08-20 22:53:54,412 - gpsd_manager - INFO - [Converter] ERROR writing debug file: TypeError: Object of type datetime is not JSON serializable
2026-08-20 22:53:55,267 - gpsd_manager - INFO - [Converter] GPSPrint: Parsed ZED data, has_gps_time=True
2026-08-20 22:53:55,267 - gpsd_manager - INFO - [Converter] GPSPrint: Returning parsed result
2026-08-20 22:53:55,268 - gpsd_manager - INFO - [Converter] ERROR writing debug file: TypeError: Object of type datetime is not JSON serializable
2026-08-20 22:53:56,214 - gpsd_manager - INFO - [Converter] GPSPrint: Parsed ZED data, has_gps_time=True
2026-08-20 22:53:56,214 - gpsd_manager - INFO - [Converter] GPSPrint: Returning parsed result
2026-08-20 22:53:56,214 - gpsd_manager - INFO - [Converter] ERROR writing debug file: TypeError: Object of type datetime is not JSON serializable
2026-08-20 22:54:19,512 - gpsd_manager - INFO - start() called: process=False, parser_type=gps_print
2026-08-20 22:54:19,514 - gpsd_manager - INFO - Starting new converter with parser_type=gps_print
2026-08-20 22:54:19,525 - gpsd_manager - INFO - Converter process started with PID 64176
2026-08-20 22:54:21,026 - gpsd_manager - INFO - Converter running on port 2948 for gps_print format
2026-08-20 22:54:21,026 - gpsd_manager - INFO - [Converter] Sent disable command: mcode atak disable
2026-08-20 22:54:21,028 - gpsd_manager - INFO - [Converter] Sent enable command: gps print enable
2026-08-20 22:54:21,028 - gpsd_manager - INFO - [Converter] TCP server listening on port 2948
2026-08-20 22:54:21,028 - gpsd_manager - INFO - [Converter] MCODE converter: reading from COM9, streaming NMEA via TCP port 2948
2026-08-20 22:54:21,029 - gpsd_manager - INFO - [Converter] GPSPrint: Parsed ZED data, has_gps_time=True
2026-08-20 22:54:21,029 - gpsd_manager - INFO - [Converter] GPSPrint: Returning parsed result
2026-08-20 22:54:21,166 - gpsd_manager - INFO - [Converter] GPSPrint: Parsed ZED data, has_gps_time=True
2026-08-20 22:54:21,166 - gpsd_manager - INFO - [Converter] GPSPrint: Returning parsed result
2026-08-20 22:54:22,223 - gpsd_manager - INFO - [Converter] GPSPrint: Parsed ZED data, has_gps_time=True
2026-08-20 22:54:22,223 - gpsd_manager - INFO - [Converter] GPSPrint: Returning parsed result
2026-08-20 22:54:24,266 - gpsd_manager - INFO - [Converter] GPSPrint: Parsed ZED data, has_gps_time=True
2026-08-20 22:54:24,266 - gpsd_manager - INFO - [Converter] GPSPrint: Returning parsed result
2026-08-20 22:54:25,287 - gpsd_manager - INFO - [Converter] GPSPrint: Parsed ZED data, has_gps_time=True
2026-08-20 22:54:25,287 - gpsd_manager - INFO - [Converter] GPSPrint: Returning parsed result
2026-08-20 22:54:26,312 - gpsd_manager - INFO - [Converter] GPSPrint: Parsed ZED data, has_gps_time=True
2026-08-20 22:54:26,312 - gpsd_manager - INFO - [Converter] GPSPrint: Returning parsed result
2026-08-20 22:54:27,263 - gpsd_manager - INFO - [Converter] GPSPrint: Parsed ZED data, has_gps_time=True
2026-08-20 22:54:27,263 - gpsd_manager - INFO - [Converter] GPSPrint: Returning parsed result
2026-08-20 22:54:28,118 - gpsd_manager - INFO - [Converter] GPSPrint: Parsed ZED data, has_gps_time=True
2026-08-20 22:54:28,118 - gpsd_manager - INFO - [Converter] GPSPrint: Returning parsed result
2026-08-20 22:54:29,243 - gpsd_manager - INFO - [Converter] GPSPrint: Parsed ZED data, has_gps_time=True
2026-08-20 22:54:29,243 - gpsd_manager - INFO - [Converter] GPSPrint: Returning parsed result
2026-08-20 22:54:30,202 - gpsd_manager - INFO - [Converter] GPSPrint: Parsed ZED data, has_gps_time=True
2026-08-20 22:54:30,202 - gpsd_manager - INFO - [Converter] GPSPrint: Returning parsed result
2026-08-20 22:54:31,452 - gpsd_manager - INFO - [Converter] GPSPrint: Parsed ZED data, has_gps_time=True
2026-08-20 22:54:31,452 - gpsd_manager - INFO - [Converter] GPSPrint: Returning parsed result
2026-08-20 22:54:32,404 - gpsd_manager - INFO - [Converter] GPSPrint: Parsed ZED data, has_gps_time=True
2026-08-20 22:54:32,404 - gpsd_manager - INFO - [Converter] GPSPrint: Returning parsed result
2026-08-20 22:54:33,256 - gpsd_manager - INFO - [Converter] GPSPrint: Parsed ZED data, has_gps_time=True
2026-08-20 22:54:33,256 - gpsd_manager - INFO - [Converter] GPSPrint: Returning parsed result
2026-08-20 22:54:34,310 - gpsd_manager - INFO - [Converter] GPSPrint: Parsed ZED data, has_gps_time=True
2026-08-20 22:54:34,311 - gpsd_manager - INFO - [Converter] GPSPrint: Returning parsed result
2026-08-20 22:54:35,462 - gpsd_manager - INFO - [Converter] GPSPrint: Parsed ZED data, has_gps_time=True
2026-08-20 22:54:35,462 - gpsd_manager - INFO - [Converter] GPSPrint: Returning parsed result
2026-08-20 22:54:36,288 - gpsd_manager - INFO - [Converter] GPSPrint: Parsed ZED data, has_gps_time=True
2026-08-20 22:54:36,289 - gpsd_manager - INFO - [Converter] GPSPrint: Returning parsed result
2026-08-20 22:54:37,148 - gpsd_manager - INFO - [Converter] GPSPrint: Parsed ZED data, has_gps_time=True
2026-08-20 22:54:37,148 - gpsd_manager - INFO - [Converter] GPSPrint: Returning parsed result
2026-08-20 22:54:38,196 - gpsd_manager - INFO - [Converter] GPSPrint: Parsed ZED data, has_gps_time=True
2026-08-20 22:54:38,197 - gpsd_manager - INFO - [Converter] GPSPrint: Returning parsed result
2026-08-20 22:54:39,454 - gpsd_manager - INFO - [Converter] GPSPrint: Parsed ZED data, has_gps_time=True
2026-08-20 22:54:39,454 - gpsd_manager - INFO - [Converter] GPSPrint: Returning parsed result
2026-08-20 22:54:40,402 - gpsd_manager - INFO - [Converter] GPSPrint: Parsed ZED data, has_gps_time=True
2026-08-20 22:54:40,402 - gpsd_manager - INFO - [Converter] GPSPrint: Returning parsed result
2026-08-20 22:54:41,266 - gpsd_manager - INFO - [Converter] GPSPrint: Parsed ZED data, has_gps_time=True
2026-08-20 22:54:41,267 - gpsd_manager - INFO - [Converter] GPSPrint: Returning parsed result
2026-08-20 22:54:42,218 - gpsd_manager - INFO - [Converter] GPSPrint: Parsed ZED data, has_gps_time=True
2026-08-20 22:54:42,218 - gpsd_manager - INFO - [Converter] GPSPrint: Returning parsed result
2026-08-20 22:54:43,472 - gpsd_manager - INFO - [Converter] GPSPrint: Parsed ZED data, has_gps_time=True
2026-08-20 22:54:43,472 - gpsd_manager - INFO - [Converter] GPSPrint: Returning parsed result
2026-08-20 22:54:44,422 - gpsd_manager - INFO - [Converter] GPSPrint: Parsed ZED data, has_gps_time=True
2026-08-20 22:54:44,422 - gpsd_manager - INFO - [Converter] GPSPrint: Returning parsed result
2026-08-20 22:54:45,277 - gpsd_manager - INFO - [Converter] GPSPrint: Parsed ZED data, has_gps_time=True
2026-08-20 22:54:45,277 - gpsd_manager - INFO - [Converter] GPSPrint: Returning parsed result
2026-08-20 22:54:46,230 - gpsd_manager - INFO - [Converter] GPSPrint: Parsed ZED data, has_gps_time=True
2026-08-20 22:54:46,231 - gpsd_manager - INFO - [Converter] GPSPrint: Returning parsed result
2026-08-20 22:54:47,482 - gpsd_manager - INFO - [Converter] GPSPrint: Parsed ZED data, has_gps_time=True
2026-08-20 22:54:47,482 - gpsd_manager - INFO - [Converter] GPSPrint: Returning parsed result
2026-08-20 22:54:48,442 - gpsd_manager - INFO - [Converter] GPSPrint: Parsed ZED data, has_gps_time=True
2026-08-20 22:54:48,442 - gpsd_manager - INFO - [Converter] GPSPrint: Returning parsed result
2026-08-20 22:54:49,290 - gpsd_manager - INFO - [Converter] GPSPrint: Parsed ZED data, has_gps_time=True
2026-08-20 22:54:49,290 - gpsd_manager - INFO - [Converter] GPSPrint: Returning parsed result
2026-08-20 22:54:50,245 - gpsd_manager - INFO - [Converter] GPSPrint: Parsed ZED data, has_gps_time=True
2026-08-20 22:54:50,246 - gpsd_manager - INFO - [Converter] GPSPrint: Returning parsed result
2026-08-20 22:54:51,400 - gpsd_manager - INFO - [Converter] GPSPrint: Parsed ZED data, has_gps_time=True
2026-08-20 22:54:51,400 - gpsd_manager - INFO - [Converter] GPSPrint: Returning parsed result
2026-08-20 22:54:52,450 - gpsd_manager - INFO - [Converter] GPSPrint: Parsed ZED data, has_gps_time=True
2026-08-20 22:54:52,450 - gpsd_manager - INFO - [Converter] GPSPrint: Returning parsed result
2026-08-20 22:54:53,307 - gpsd_manager - INFO - [Converter] GPSPrint: Parsed ZED data, has_gps_time=True
2026-08-20 22:54:53,307 - gpsd_manager - INFO - [Converter] GPSPrint: Returning parsed result
2026-08-20 22:54:54,260 - gpsd_manager - INFO - [Converter] GPSPrint: Parsed ZED data, has_gps_time=True
2026-08-20 22:54:54,260 - gpsd_manager - INFO - [Converter] GPSPrint: Returning parsed result
2026-08-20 22:54:55,411 - gpsd_manager - INFO - [Converter] GPSPrint: Parsed ZED data, has_gps_time=True
2026-08-20 22:54:55,412 - gpsd_manager - INFO - [Converter] GPSPrint: Returning parsed result
2026-08-20 22:54:56,474 - gpsd_manager - INFO - [Converter] GPSPrint: Parsed ZED data, has_gps_time=True
2026-08-20 22:54:56,474 - gpsd_manager - INFO - [Converter] GPSPrint: Returning parsed result
2026-08-20 22:54:57,224 - gpsd_manager - INFO - [Converter] GPSPrint: Parsed ZED data, has_gps_time=True
2026-08-20 22:54:57,225 - gpsd_manager - INFO - [Converter] GPSPrint: Returning parsed result
2026-08-20 22:54:58,278 - gpsd_manager - INFO - [Converter] GPSPrint: Parsed ZED data, has_gps_time=True
2026-08-20 22:54:58,278 - gpsd_manager - INFO - [Converter] GPSPrint: Returning parsed result
2026-08-20 22:54:59,435 - gpsd_manager - INFO - [Converter] GPSPrint: Parsed ZED data, has_gps_time=True
2026-08-20 22:54:59,435 - gpsd_manager - INFO - [Converter] GPSPrint: Returning parsed result
2026-08-20 22:55:00,388 - gpsd_manager - INFO - [Converter] GPSPrint: Parsed ZED data, has_gps_time=True
2026-08-20 22:55:00,389 - gpsd_manager - INFO - [Converter] GPSPrint: Returning parsed result
2026-08-20 22:55:01,241 - gpsd_manager - INFO - [Converter] GPSPrint: Parsed ZED data, has_gps_time=True
2026-08-20 22:55:01,241 - gpsd_manager - INFO - [Converter] GPSPrint: Returning parsed result
2026-08-20 22:55:02,290 - gpsd_manager - INFO - [Converter] GPSPrint: Parsed ZED data, has_gps_time=True
2026-08-20 22:55:02,291 - gpsd_manager - INFO - [Converter] GPSPrint: Returning parsed result
2026-08-20 22:55:03,443 - gpsd_manager - INFO - [Converter] GPSPrint: Parsed ZED data, has_gps_time=True
2026-08-20 22:55:03,443 - gpsd_manager - INFO - [Converter] GPSPrint: Returning parsed result
2026-08-20 22:55:04,404 - gpsd_manager - INFO - [Converter] GPSPrint: Parsed ZED data, has_gps_time=True
2026-08-20 22:55:04,404 - gpsd_manager - INFO - [Converter] GPSPrint: Returning parsed result
2026-08-20 22:55:05,261 - gpsd_manager - INFO - [Converter] GPSPrint: Parsed ZED data, has_gps_time=True
2026-08-20 22:55:05,262 - gpsd_manager - INFO - [Converter] GPSPrint: Returning parsed result
2026-08-20 22:55:06,309 - gpsd_manager - INFO - [Converter] GPSPrint: Parsed ZED data, has_gps_time=True
2026-08-20 22:55:06,310 - gpsd_manager - INFO - [Converter] GPSPrint: Returning parsed result
2026-08-20 22:55:07,461 - gpsd_manager - INFO - [Converter] GPSPrint: Parsed ZED data, has_gps_time=True
2026-08-20 22:55:07,461 - gpsd_manager - INFO - [Converter] GPSPrint: Returning parsed result
2026-08-20 22:55:10,306 - gpsd_manager - INFO - [Converter] GPSPrint: Parsed ZED data, has_gps_time=True
2026-08-20 22:55:10,306 - gpsd_manager - INFO - [Converter] GPSPrint: Returning parsed result
2026-08-20 22:55:11,556 - gpsd_manager - INFO - [Converter] GPSPrint: Parsed ZED data, has_gps_time=True
2026-08-20 22:55:11,556 - gpsd_manager - INFO - [Converter] GPSPrint: Returning parsed result
2026-08-20 22:55:12,709 - gpsd_manager - INFO - [Converter] GPSPrint: Parsed ZED data, has_gps_time=True
2026-08-20 22:55:12,709 - gpsd_manager - INFO - [Converter] GPSPrint: Returning parsed result
2026-08-20 22:55:13,933 - gpsd_manager - INFO - [Converter] GPSPrint: Parsed ZED data, has_gps_time=True
2026-08-20 22:55:13,933 - gpsd_manager - INFO - [Converter] GPSPrint: Returning parsed result
2026-08-20 22:55:14,956 - gpsd_manager - INFO - [Converter] GPSPrint: Parsed ZED data, has_gps_time=True
2026-08-20 22:55:14,956 - gpsd_manager - INFO - [Converter] GPSPrint: Returning parsed result
2026-08-20 22:55:16,206 - gpsd_manager - INFO - [Converter] GPSPrint: Parsed ZED data, has_gps_time=True
2026-08-20 22:55:16,207 - gpsd_manager - INFO - [Converter] GPSPrint: Returning parsed result
2026-08-20 22:55:17,461 - gpsd_manager - INFO - [Converter] GPSPrint: Parsed ZED data, has_gps_time=True
2026-08-20 22:55:17,461 - gpsd_manager - INFO - [Converter] GPSPrint: Returning parsed result
2026-08-20 22:55:18,412 - gpsd_manager - INFO - [Converter] GPSPrint: Parsed ZED data, has_gps_time=True
2026-08-20 22:55:18,412 - gpsd_manager - INFO - [Converter] GPSPrint: Returning parsed result
2026-08-20 22:55:19,273 - gpsd_manager - INFO - [Converter] GPSPrint: Parsed ZED data, has_gps_time=True
2026-08-20 22:55:19,274 - gpsd_manager - INFO - [Converter] GPSPrint: Returning parsed result
2026-08-20 22:55:20,320 - gpsd_manager - INFO - [Converter] GPSPrint: Parsed ZED data, has_gps_time=True
2026-08-20 22:55:20,320 - gpsd_manager - INFO - [Converter] GPSPrint: Returning parsed result
2026-08-20 22:55:21,477 - gpsd_manager - INFO - [Converter] GPSPrint: Parsed ZED data, has_gps_time=True
2026-08-20 22:55:21,477 - gpsd_manager - INFO - [Converter] GPSPrint: Returning parsed result
2026-08-20 22:55:22,433 - gpsd_manager - INFO - [Converter] GPSPrint: Parsed ZED data, has_gps_time=True
2026-08-20 22:55:22,434 - gpsd_manager - INFO - [Converter] GPSPrint: Returning parsed result
2026-08-20 22:55:23,054 - gpsd_manager - INFO - [Converter] GPSPrint: Parsed ZED data, has_gps_time=True
2026-08-20 22:55:23,054 - gpsd_manager - INFO - [Converter] GPSPrint: Returning parsed result
2026-08-20 22:55:24,014 - gpsd_manager - INFO - [Converter] GPSPrint: Parsed ZED data, has_gps_time=True
2026-08-20 22:55:24,014 - gpsd_manager - INFO - [Converter] GPSPrint: Returning parsed result
2026-08-20 22:55:25,133 - gpsd_manager - INFO - [Converter] GPSPrint: Parsed ZED data, has_gps_time=True
2026-08-20 22:55:25,133 - gpsd_manager - INFO - [Converter] GPSPrint: Returning parsed result
2026-08-20 22:55:26,190 - gpsd_manager - INFO - [Converter] GPSPrint: Parsed ZED data, has_gps_time=True
2026-08-20 22:55:26,190 - gpsd_manager - INFO - [Converter] GPSPrint: Returning parsed result
2026-08-20 22:55:28,233 - gpsd_manager - INFO - [Converter] GPSPrint: Parsed ZED data, has_gps_time=True
2026-08-20 22:55:28,233 - gpsd_manager - INFO - [Converter] GPSPrint: Returning parsed result
2026-08-20 22:55:29,288 - gpsd_manager - INFO - [Converter] GPSPrint: Parsed ZED data, has_gps_time=True
2026-08-20 22:55:29,288 - gpsd_manager - INFO - [Converter] GPSPrint: Returning parsed result
2026-08-20 22:55:30,446 - gpsd_manager - INFO - [Converter] GPSPrint: Parsed ZED data, has_gps_time=True
2026-08-20 22:55:30,446 - gpsd_manager - INFO - [Converter] GPSPrint: Returning parsed result
2026-08-20 22:55:31,497 - gpsd_manager - INFO - [Converter] GPSPrint: Parsed ZED data, has_gps_time=True
2026-08-20 22:55:31,497 - gpsd_manager - INFO - [Converter] GPSPrint: Returning parsed result
2026-08-20 22:55:32,252 - gpsd_manager - INFO - [Converter] GPSPrint: Parsed ZED data, has_gps_time=True
2026-08-20 22:55:32,252 - gpsd_manager - INFO - [Converter] GPSPrint: Returning parsed result
2026-08-20 22:55:33,300 - gpsd_manager - INFO - [Converter] GPSPrint: Parsed ZED data, has_gps_time=True
2026-08-20 22:55:33,300 - gpsd_manager - INFO - [Converter] GPSPrint: Returning parsed result
2026-08-20 22:55:34,456 - gpsd_manager - INFO - [Converter] GPSPrint: Parsed ZED data, has_gps_time=True
2026-08-20 22:55:34,456 - gpsd_manager - INFO - [Converter] GPSPrint: Returning parsed result
2026-08-20 22:55:35,412 - gpsd_manager - INFO - [Converter] GPSPrint: Parsed ZED data, has_gps_time=True
2026-08-20 22:55:35,412 - gpsd_manager - INFO - [Converter] GPSPrint: Returning parsed result
2026-08-20 22:55:36,262 - gpsd_manager - INFO - [Converter] GPSPrint: Parsed ZED data, has_gps_time=True
2026-08-20 22:55:36,262 - gpsd_manager - INFO - [Converter] GPSPrint: Returning parsed result
2026-08-20 22:55:37,221 - gpsd_manager - INFO - [Converter] GPSPrint: Parsed ZED data, has_gps_time=True
2026-08-20 22:55:37,222 - gpsd_manager - INFO - [Converter] GPSPrint: Returning parsed result
2026-08-20 22:55:38,475 - gpsd_manager - INFO - [Converter] GPSPrint: Parsed ZED data, has_gps_time=True
2026-08-20 22:55:38,475 - gpsd_manager - INFO - [Converter] GPSPrint: Returning parsed result
2026-08-20 22:55:40,020 - gpsd_manager - INFO - [Converter] GPSPrint: Parsed ZED data, has_gps_time=True
2026-08-20 22:55:40,021 - gpsd_manager - INFO - [Converter] GPSPrint: Returning parsed result
2026-08-20 22:55:41,173 - gpsd_manager - INFO - [Converter] GPSPrint: Parsed ZED data, has_gps_time=True
2026-08-20 22:55:41,173 - gpsd_manager - INFO - [Converter] GPSPrint: Returning parsed result
2026-08-20 22:55:42,199 - gpsd_manager - INFO - [Converter] GPSPrint: Parsed ZED data, has_gps_time=True
2026-08-20 22:55:42,199 - gpsd_manager - INFO - [Converter] GPSPrint: Returning parsed result
2026-08-20 22:55:43,249 - gpsd_manager - INFO - [Converter] GPSPrint: Parsed ZED data, has_gps_time=True
2026-08-20 22:55:43,249 - gpsd_manager - INFO - [Converter] GPSPrint: Returning parsed result
2026-08-20 22:55:44,178 - gpsd_manager - INFO - [Converter] GPSPrint: Parsed ZED data, has_gps_time=True
2026-08-20 22:55:44,178 - gpsd_manager - INFO - [Converter] GPSPrint: Returning parsed result
2026-08-20 22:55:45,233 - gpsd_manager - INFO - [Converter] GPSPrint: Parsed ZED data, has_gps_time=True
2026-08-20 22:55:45,233 - gpsd_manager - INFO - [Converter] GPSPrint: Returning parsed result
2026-08-20 22:55:46,386 - gpsd_manager - INFO - [Converter] GPSPrint: Parsed ZED data, has_gps_time=True
2026-08-20 22:55:46,386 - gpsd_manager - INFO - [Converter] GPSPrint: Returning parsed result
2026-08-20 22:55:47,433 - gpsd_manager - INFO - [Converter] GPSPrint: Parsed ZED data, has_gps_time=True
2026-08-20 22:55:47,434 - gpsd_manager - INFO - [Converter] GPSPrint: Returning parsed result
2026-08-20 22:55:48,292 - gpsd_manager - INFO - [Converter] GPSPrint: Parsed ZED data, has_gps_time=True
2026-08-20 22:55:48,292 - gpsd_manager - INFO - [Converter] GPSPrint: Returning parsed result
2026-08-20 22:55:49,241 - gpsd_manager - INFO - [Converter] GPSPrint: Parsed ZED data, has_gps_time=True
2026-08-20 22:55:49,242 - gpsd_manager - INFO - [Converter] GPSPrint: Returning parsed result
2026-08-20 22:55:50,495 - gpsd_manager - INFO - [Converter] GPSPrint: Parsed ZED data, has_gps_time=True
2026-08-20 22:55:50,496 - gpsd_manager - INFO - [Converter] GPSPrint: Returning parsed result
2026-08-20 22:55:51,346 - gpsd_manager - INFO - [Converter] GPSPrint: Parsed ZED data, has_gps_time=True
2026-08-20 22:55:51,346 - gpsd_manager - INFO - [Converter] GPSPrint: Returning parsed result
2026-08-20 22:55:52,206 - gpsd_manager - INFO - [Converter] GPSPrint: Parsed ZED data, has_gps_time=True
2026-08-20 22:55:52,206 - gpsd_manager - INFO - [Converter] GPSPrint: Returning parsed result
2026-08-20 22:55:53,453 - gpsd_manager - INFO - [Converter] GPSPrint: Parsed ZED data, has_gps_time=True
2026-08-20 22:55:53,454 - gpsd_manager - INFO - [Converter] GPSPrint: Returning parsed result
2026-08-20 22:55:54,406 - gpsd_manager - INFO - [Converter] GPSPrint: Parsed ZED data, has_gps_time=True
2026-08-20 22:55:54,406 - gpsd_manager - INFO - [Converter] GPSPrint: Returning parsed result
2026-08-20 22:55:55,362 - gpsd_manager - INFO - [Converter] GPSPrint: Parsed ZED data, has_gps_time=True
2026-08-20 22:55:55,362 - gpsd_manager - INFO - [Converter] GPSPrint: Returning parsed result
2026-08-20 22:55:56,417 - gpsd_manager - INFO - [Converter] GPSPrint: Parsed ZED data, has_gps_time=True
2026-08-20 22:55:56,417 - gpsd_manager - INFO - [Converter] GPSPrint: Returning parsed result
2026-08-20 22:55:57,476 - gpsd_manager - INFO - [Converter] GPSPrint: Parsed ZED data, has_gps_time=True
2026-08-20 22:55:57,476 - gpsd_manager - INFO - [Converter] GPSPrint: Returning parsed result
2026-08-20 22:55:58,297 - gpsd_manager - INFO - [Converter] GPSPrint: Parsed ZED data, has_gps_time=True
2026-08-20 22:55:58,297 - gpsd_manager - INFO - [Converter] GPSPrint: Returning parsed result
2026-08-20 22:55:59,053 - gpsd_manager - INFO - [Converter] GPSPrint: Parsed ZED data, has_gps_time=True
2026-08-20 22:55:59,053 - gpsd_manager - INFO - [Converter] GPSPrint: Returning parsed result
2026-08-20 22:56:00,272 - gpsd_manager - INFO - [Converter] GPSPrint: Parsed ZED data, has_gps_time=True
2026-08-20 22:56:00,272 - gpsd_manager - INFO - [Converter] GPSPrint: Returning parsed result
2026-08-20 22:56:01,231 - gpsd_manager - INFO - [Converter] GPSPrint: Parsed ZED data, has_gps_time=True
2026-08-20 22:56:01,232 - gpsd_manager - INFO - [Converter] GPSPrint: Returning parsed result
2026-08-20 22:56:03,274 - gpsd_manager - INFO - [Converter] GPSPrint: Parsed ZED data, has_gps_time=True
2026-08-20 22:56:03,274 - gpsd_manager - INFO - [Converter] GPSPrint: Returning parsed result
2026-08-20 22:56:04,036 - gpsd_manager - INFO - [Converter] GPSPrint: Parsed ZED data, has_gps_time=True
2026-08-20 22:56:04,036 - gpsd_manager - INFO - [Converter] GPSPrint: Returning parsed result
2026-08-20 22:56:05,088 - gpsd_manager - INFO - [Converter] GPSPrint: Parsed ZED data, has_gps_time=True
2026-08-20 22:56:05,088 - gpsd_manager - INFO - [Converter] GPSPrint: Returning parsed result
2026-08-20 22:56:06,205 - gpsd_manager - INFO - [Converter] GPSPrint: Parsed ZED data, has_gps_time=True
2026-08-20 22:56:06,205 - gpsd_manager - INFO - [Converter] GPSPrint: Returning parsed result
2026-08-20 22:56:07,263 - gpsd_manager - INFO - [Converter] GPSPrint: Parsed ZED data, has_gps_time=True
2026-08-20 22:56:07,263 - gpsd_manager - INFO - [Converter] GPSPrint: Returning parsed result
2026-08-20 22:56:08,518 - gpsd_manager - INFO - [Converter] GPSPrint: Parsed ZED data, has_gps_time=True
2026-08-20 22:56:08,518 - gpsd_manager - INFO - [Converter] GPSPrint: Returning parsed result
2026-08-20 22:56:09,469 - gpsd_manager - INFO - [Converter] GPSPrint: Parsed ZED data, has_gps_time=True
2026-08-20 22:56:09,469 - gpsd_manager - INFO - [Converter] GPSPrint: Returning parsed result
2026-08-20 22:56:10,330 - gpsd_manager - INFO - [Converter] GPSPrint: Parsed ZED data, has_gps_time=True
2026-08-20 22:56:10,330 - gpsd_manager - INFO - [Converter] GPSPrint: Returning parsed result
2026-08-20 22:56:11,282 - gpsd_manager - INFO - [Converter] GPSPrint: Parsed ZED data, has_gps_time=True
2026-08-20 22:56:11,282 - gpsd_manager - INFO - [Converter] GPSPrint: Returning parsed result
2026-08-20 22:56:12,431 - gpsd_manager - INFO - [Converter] GPSPrint: Parsed ZED data, has_gps_time=True
2026-08-20 22:56:12,432 - gpsd_manager - INFO - [Converter] GPSPrint: Returning parsed result
2026-08-20 22:56:13,385 - gpsd_manager - INFO - [Converter] GPSPrint: Parsed ZED data, has_gps_time=True
2026-08-20 22:56:13,386 - gpsd_manager - INFO - [Converter] GPSPrint: Returning parsed result
2026-08-20 22:56:14,240 - gpsd_manager - INFO - [Converter] GPSPrint: Parsed ZED data, has_gps_time=True
2026-08-20 22:56:14,241 - gpsd_manager - INFO - [Converter] GPSPrint: Returning parsed result
